resolution,image_index,image,width,height,pixels,hierarchy,connectivity,method,run,order_position,time_ms,nodes,baseline_nodes,compared_nodes,reference_method,mismatch_nodes,q1_mismatch_nodes,q2_mismatch_nodes,qd_mismatch_nodes,q3_mismatch_nodes,q4_mismatch_nodes,max_abs_family_error,checksum,tree_build_ms,bridge_import_ms,contract_mode
1080p,0,val_000.png,1920,1080,2073600,max_tree,8,ref6,0,0,201.897500,173269,173269,173269,proposed,0,0,0,0,0,0,0,17983163941159867167,389.138916,30.600542,UNCHECKED
1080p,0,val_000.png,1920,1080,2073600,max_tree,8,proposed,0,1,232.962875,173269,173269,173269,proposed,0,0,0,0,0,0,0,17983163941159867167,389.138916,30.600542,UNCHECKED
1080p,0,val_000.png,1920,1080,2073600,max_tree,8,proposed,1,0,232.909792,173269,173269,173269,proposed,0,0,0,0,0,0,0,17983163941159867167,389.138916,30.600542,UNCHECKED
1080p,0,val_000.png,1920,1080,2073600,max_tree,8,ref6,1,1,196.289333,173269,173269,173269,proposed,0,0,0,0,0,0,0,17983163941159867167,389.138916,30.600542,UNCHECKED
1080p,0,val_000.png,1920,1080,2073600,max_tree,8,ref6,2,0,196.145709,173269,173269,173269,proposed,0,0,0,0,0,0,0,17983163941159867167,389.138916,30.600542,UNCHECKED
1080p,0,val_000.png,1920,1080,2073600,max_tree,8,proposed,2,1,234.384875,173269,173269,173269,proposed,0,0,0,0,0,0,0,17983163941159867167,389.138916,30.600542,UNCHECKED
1080p,0,val_000.png,1920,1080,2073600,min_tree,8,proposed,0,0,208.628917,139062,139062,139062,proposed,0,0,0,0,0,0,0,12041241559057991657,373.496375,35.638667,UNCHECKED
1080p,0,val_000.png,1920,1080,2073600,min_tree,8,ref6,0,1,194.750583,139062,139062,139062,proposed,0,0,0,0,0,0,0,12041241559057991657,373.496375,35.638667,UNCHECKED
1080p,0,val_000.png,1920,1080,2073600,min_tree,8,ref6,1,0,189.553083,139062,139062,139062,proposed,0,0,0,0,0,0,0,12041241559057991657,373.496375,35.638667,UNCHECKED
1080p,0,val_000.png,1920,1080,2073600,min_tree,8,proposed,1,1,209.518500,139062,139062,139062,proposed,0,0,0,0,0,0,0,12041241559057991657,373.496375,35.638667,UNCHECKED
1080p,0,val_000.png,1920,1080,2073600,min_tree,8,proposed,2,0,208.548667,139062,139062,139062,proposed,0,0,0,0,0,0,0,12041241559057991657,373.496375,35.638667,UNCHECKED
1080p,0,val_000.png,1920,1080,2073600,min_tree,8,ref6,2,1,187.350208,139062,139062,139062,proposed,0,0,0,0,0,0,0,12041241559057991657,373.496375,35.638667,UNCHECKED
1080p,0,val_000.png,1920,1080,2073600,tree_of_shapes,4/8,ref5_original,0,0,2994.409250,342146,342146,342146,proposed,35019,4971,34236,34234,0,0,337,10107579142258717629,1894.484292,35.300167,UNCHECKED
1080p,0,val_000.png,1920,1080,2073600,tree_of_shapes,4/8,proposed,0,1,253.629333,342146,342146,342146,proposed,0,0,0,0,0,0,0,18315099098006343521,1894.484292,35.300167,UNCHECKED
1080p,0,val_000.png,1920,1080,2073600,tree_of_shapes,4/8,proposed,1,0,253.633792,342146,342146,342146,proposed,0,0,0,0,0,0,0,18315099098006343521,1894.484292,35.300167,UNCHECKED
1080p,0,val_000.png,1920,1080,2073600,tree_of_shapes,4/8,ref5_original,1,1,2986.711750,342146,342146,342146,proposed,35019,4971,34236,34234,0,0,337,10107579142258717629,1894.484292,35.300167,UNCHECKED
1080p,0,val_000.png,1920,1080,2073600,tree_of_shapes,4/8,ref5_original,2,0,2986.998500,342146,342146,342146,proposed,35019,4971,34236,34234,0,0,337,10107579142258717629,1894.484292,35.300167,UNCHECKED
1080p,0,val_000.png,1920,1080,2073600,tree_of_shapes,4/8,proposed,2,1,255.613791,342146,342146,342146,proposed,0,0,0,0,0,0,0,18315099098006343521,1894.484292,35.300167,UNCHECKED
1080p,1,val_001.png,1920,1080,2073600,max_tree,8,proposed,0,0,197.046375,81667,81667,81667,proposed,0,0,0,0,0,0,0,7486833101318302875,335.201333,52.763750,UNCHECKED
1080p,1,val_001.png,1920,1080,2073600,max_tree,8,ref6,0,1,206.746000,81667,81667,81667,proposed,0,0,0,0,0,0,0,7486833101318302875,335.201333,52.763750,UNCHECKED
1080p,1,val_001.png,1920,1080,2073600,max_tree,8,ref6,1,0,201.813959,81667,81667,81667,proposed,0,0,0,0,0,0,0,7486833101318302875,335.201333,52.763750,UNCHECKED
1080p,1,val_001.png,1920,1080,2073600,max_tree,8,proposed,1,1,197.248916,81667,81667,81667,proposed,0,0,0,0,0,0,0,7486833101318302875,335.201333,52.763750,UNCHECKED
1080p,1,val_001.png,1920,1080,2073600,max_tree,8,proposed,2,0,198.702416,81667,81667,81667,proposed,0,0,0,0,0,0,0,7486833101318302875,335.201333,52.763750,UNCHECKED
1080p,1,val_001.png,1920,1080,2073600,max_tree,8,ref6,2,1,207.065083,81667,81667,81667,proposed,0,0,0,0,0,0,0,7486833101318302875,335.201333,52.763750,UNCHECKED
1080p,1,val_001.png,1920,1080,2073600,min_tree,8,ref6,0,0,203.094834,69421,69421,69421,proposed,0,0,0,0,0,0,0,2175130030600061008,337.837500,59.819583,UNCHECKED
1080p,1,val_001.png,1920,1080,2073600,min_tree,8,proposed,0,1,195.000333,69421,69421,69421,proposed,0,0,0,0,0,0,0,2175130030600061008,337.837500,59.819583,UNCHECKED
1080p,1,val_001.png,1920,1080,2073600,min_tree,8,proposed,1,0,195.606750,69421,69421,69421,proposed,0,0,0,0,0,0,0,2175130030600061008,337.837500,59.819583,UNCHECKED
1080p,1,val_001.png,1920,1080,2073600,min_tree,8,ref6,1,1,205.478000,69421,69421,69421,proposed,0,0,0,0,0,0,0,2175130030600061008,337.837500,59.819583,UNCHECKED
1080p,1,val_001.png,1920,1080,2073600,min_tree,8,ref6,2,0,196.789375,69421,69421,69421,proposed,0,0,0,0,0,0,0,2175130030600061008,337.837500,59.819583,UNCHECKED
1080p,1,val_001.png,1920,1080,2073600,min_tree,8,proposed,2,1,204.208875,69421,69421,69421,proposed,0,0,0,0,0,0,0,2175130030600061008,337.837500,59.819583,UNCHECKED
1080p,1,val_001.png,1920,1080,2073600,tree_of_shapes,4/8,proposed,0,0,203.706916,167252,167252,167252,proposed,0,0,0,0,0,0,0,7262119956097981682,1690.771208,25.706542,UNCHECKED
1080p,1,val_001.png,1920,1080,2073600,tree_of_shapes,4/8,ref5_original,0,1,2853.300041,167252,167252,167252,proposed,14791,1799,14349,14529,0,0,246,437627428773686254,1690.771208,25.706542,UNCHECKED
1080p,1,val_001.png,1920,1080,2073600,tree_of_shapes,4/8,ref5_original,1,0,2874.883541,167252,167252,167252,proposed,14791,1799,14349,14529,0,0,246,437627428773686254,1690.771208,25.706542,UNCHECKED
1080p,1,val_001.png,1920,1080,2073600,tree_of_shapes,4/8,proposed,1,1,208.624000,167252,167252,167252,proposed,0,0,0,0,0,0,0,7262119956097981682,1690.771208,25.706542,UNCHECKED
1080p,1,val_001.png,1920,1080,2073600,tree_of_shapes,4/8,proposed,2,0,204.133917,167252,167252,167252,proposed,0,0,0,0,0,0,0,7262119956097981682,1690.771208,25.706542,UNCHECKED
1080p,1,val_001.png,1920,1080,2073600,tree_of_shapes,4/8,ref5_original,2,1,2905.151584,167252,167252,167252,proposed,14791,1799,14349,14529,0,0,246,437627428773686254,1690.771208,25.706542,UNCHECKED
1080p,2,val_002.png,1920,1080,2073600,max_tree,8,ref6,0,0,207.580083,122629,122629,122629,proposed,0,0,0,0,0,0,0,10381141878218971683,351.512834,36.944250,UNCHECKED
1080p,2,val_002.png,1920,1080,2073600,max_tree,8,proposed,0,1,222.232542,122629,122629,122629,proposed,0,0,0,0,0,0,0,10381141878218971683,351.512834,36.944250,UNCHECKED
1080p,2,val_002.png,1920,1080,2073600,max_tree,8,proposed,1,0,234.667417,122629,122629,122629,proposed,0,0,0,0,0,0,0,10381141878218971683,351.512834,36.944250,UNCHECKED
1080p,2,val_002.png,1920,1080,2073600,max_tree,8,ref6,1,1,202.669041,122629,122629,122629,proposed,0,0,0,0,0,0,0,10381141878218971683,351.512834,36.944250,UNCHECKED
1080p,2,val_002.png,1920,1080,2073600,max_tree,8,ref6,2,0,203.376000,122629,122629,122629,proposed,0,0,0,0,0,0,0,10381141878218971683,351.512834,36.944250,UNCHECKED
1080p,2,val_002.png,1920,1080,2073600,max_tree,8,proposed,2,1,211.850291,122629,122629,122629,proposed,0,0,0,0,0,0,0,10381141878218971683,351.512834,36.944250,UNCHECKED
1080p,2,val_002.png,1920,1080,2073600,min_tree,8,proposed,0,0,219.261917,99099,99099,99099,proposed,0,0,0,0,0,0,0,982089414614785638,358.899375,56.111917,UNCHECKED
1080p,2,val_002.png,1920,1080,2073600,min_tree,8,ref6,0,1,203.193458,99099,99099,99099,proposed,0,0,0,0,0,0,0,982089414614785638,358.899375,56.111917,UNCHECKED
1080p,2,val_002.png,1920,1080,2073600,min_tree,8,ref6,1,0,209.522292,99099,99099,99099,proposed,0,0,0,0,0,0,0,982089414614785638,358.899375,56.111917,UNCHECKED
1080p,2,val_002.png,1920,1080,2073600,min_tree,8,proposed,1,1,216.613458,99099,99099,99099,proposed,0,0,0,0,0,0,0,982089414614785638,358.899375,56.111917,UNCHECKED
1080p,2,val_002.png,1920,1080,2073600,min_tree,8,proposed,2,0,217.684250,99099,99099,99099,proposed,0,0,0,0,0,0,0,982089414614785638,358.899375,56.111917,UNCHECKED
1080p,2,val_002.png,1920,1080,2073600,min_tree,8,ref6,2,1,202.031375,99099,99099,99099,proposed,0,0,0,0,0,0,0,982089414614785638,358.899375,56.111917,UNCHECKED
1080p,2,val_002.png,1920,1080,2073600,tree_of_shapes,4/8,ref5_original,0,0,2932.672916,242277,242277,242277,proposed,21453,2152,20978,21060,0,0,613,10383178236938807572,1853.385292,23.173500,UNCHECKED
1080p,2,val_002.png,1920,1080,2073600,tree_of_shapes,4/8,proposed,0,1,236.918583,242277,242277,242277,proposed,0,0,0,0,0,0,0,18301670231421181323,1853.385292,23.173500,UNCHECKED
1080p,2,val_002.png,1920,1080,2073600,tree_of_shapes,4/8,proposed,1,0,240.174666,242277,242277,242277,proposed,0,0,0,0,0,0,0,18301670231421181323,1853.385292,23.173500,UNCHECKED
1080p,2,val_002.png,1920,1080,2073600,tree_of_shapes,4/8,ref5_original,1,1,2995.282292,242277,242277,242277,proposed,21453,2152,20978,21060,0,0,613,10383178236938807572,1853.385292,23.173500,UNCHECKED
1080p,2,val_002.png,1920,1080,2073600,tree_of_shapes,4/8,ref5_original,2,0,3003.951250,242277,242277,242277,proposed,21453,2152,20978,21060,0,0,613,10383178236938807572,1853.385292,23.173500,UNCHECKED
1080p,2,val_002.png,1920,1080,2073600,tree_of_shapes,4/8,proposed,2,1,241.430000,242277,242277,242277,proposed,0,0,0,0,0,0,0,18301670231421181323,1853.385292,23.173500,UNCHECKED
1080p,3,val_003.png,1920,1080,2073600,max_tree,8,proposed,0,0,220.605208,110846,110846,110846,proposed,0,0,0,0,0,0,0,14885011064612764414,344.977250,45.570667,UNCHECKED
1080p,3,val_003.png,1920,1080,2073600,max_tree,8,ref6,0,1,212.614709,110846,110846,110846,proposed,0,0,0,0,0,0,0,14885011064612764414,344.977250,45.570667,UNCHECKED
1080p,3,val_003.png,1920,1080,2073600,max_tree,8,ref6,1,0,215.499250,110846,110846,110846,proposed,0,0,0,0,0,0,0,14885011064612764414,344.977250,45.570667,UNCHECKED
1080p,3,val_003.png,1920,1080,2073600,max_tree,8,proposed,1,1,219.857667,110846,110846,110846,proposed,0,0,0,0,0,0,0,14885011064612764414,344.977250,45.570667,UNCHECKED
1080p,3,val_003.png,1920,1080,2073600,max_tree,8,proposed,2,0,218.327083,110846,110846,110846,proposed,0,0,0,0,0,0,0,14885011064612764414,344.977250,45.570667,UNCHECKED
1080p,3,val_003.png,1920,1080,2073600,max_tree,8,ref6,2,1,202.907417,110846,110846,110846,proposed,0,0,0,0,0,0,0,14885011064612764414,344.977250,45.570667,UNCHECKED
1080p,3,val_003.png,1920,1080,2073600,min_tree,8,ref6,0,0,190.139625,91558,91558,91558,proposed,0,0,0,0,0,0,0,11814464131716711551,342.774167,63.577250,UNCHECKED
1080p,3,val_003.png,1920,1080,2073600,min_tree,8,proposed,0,1,215.111541,91558,91558,91558,proposed,0,0,0,0,0,0,0,11814464131716711551,342.774167,63.577250,UNCHECKED
1080p,3,val_003.png,1920,1080,2073600,min_tree,8,proposed,1,0,199.832875,91558,91558,91558,proposed,0,0,0,0,0,0,0,11814464131716711551,342.774167,63.577250,UNCHECKED
1080p,3,val_003.png,1920,1080,2073600,min_tree,8,ref6,1,1,196.213292,91558,91558,91558,proposed,0,0,0,0,0,0,0,11814464131716711551,342.774167,63.577250,UNCHECKED
1080p,3,val_003.png,1920,1080,2073600,min_tree,8,ref6,2,0,196.338292,91558,91558,91558,proposed,0,0,0,0,0,0,0,11814464131716711551,342.774167,63.577250,UNCHECKED
1080p,3,val_003.png,1920,1080,2073600,min_tree,8,proposed,2,1,221.149542,91558,91558,91558,proposed,0,0,0,0,0,0,0,11814464131716711551,342.774167,63.577250,UNCHECKED
1080p,3,val_003.png,1920,1080,2073600,tree_of_shapes,4/8,proposed,0,0,221.803375,225302,225302,225302,proposed,0,0,0,0,0,0,0,13831237768861882716,1767.232625,28.245625,UNCHECKED
1080p,3,val_003.png,1920,1080,2073600,tree_of_shapes,4/8,ref5_original,0,1,2877.636250,225302,225302,225302,proposed,17639,1973,17217,17312,0,0,368,11280860702839552234,1767.232625,28.245625,UNCHECKED
1080p,3,val_003.png,1920,1080,2073600,tree_of_shapes,4/8,ref5_original,1,0,2887.640375,225302,225302,225302,proposed,17639,1973,17217,17312,0,0,368,11280860702839552234,1767.232625,28.245625,UNCHECKED
1080p,3,val_003.png,1920,1080,2073600,tree_of_shapes,4/8,proposed,1,1,220.986750,225302,225302,225302,proposed,0,0,0,0,0,0,0,13831237768861882716,1767.232625,28.245625,UNCHECKED
1080p,3,val_003.png,1920,1080,2073600,tree_of_shapes,4/8,proposed,2,0,222.909000,225302,225302,225302,proposed,0,0,0,0,0,0,0,13831237768861882716,1767.232625,28.245625,UNCHECKED
1080p,3,val_003.png,1920,1080,2073600,tree_of_shapes,4/8,ref5_original,2,1,2884.595584,225302,225302,225302,proposed,17639,1973,17217,17312,0,0,368,11280860702839552234,1767.232625,28.245625,UNCHECKED
1080p,4,val_004.png,1920,1080,2073600,max_tree,8,ref6,0,0,198.196541,155973,155973,155973,proposed,0,0,0,0,0,0,0,6275376189678384560,358.320083,32.354333,UNCHECKED
1080p,4,val_004.png,1920,1080,2073600,max_tree,8,proposed,0,1,192.683541,155973,155973,155973,proposed,0,0,0,0,0,0,0,6275376189678384560,358.320083,32.354333,UNCHECKED
1080p,4,val_004.png,1920,1080,2073600,max_tree,8,proposed,1,0,198.185791,155973,155973,155973,proposed,0,0,0,0,0,0,0,6275376189678384560,358.320083,32.354333,UNCHECKED
1080p,4,val_004.png,1920,1080,2073600,max_tree,8,ref6,1,1,194.516375,155973,155973,155973,proposed,0,0,0,0,0,0,0,6275376189678384560,358.320083,32.354333,UNCHECKED
1080p,4,val_004.png,1920,1080,2073600,max_tree,8,ref6,2,0,193.629042,155973,155973,155973,proposed,0,0,0,0,0,0,0,6275376189678384560,358.320083,32.354333,UNCHECKED
1080p,4,val_004.png,1920,1080,2073600,max_tree,8,proposed,2,1,196.823042,155973,155973,155973,proposed,0,0,0,0,0,0,0,6275376189678384560,358.320083,32.354333,UNCHECKED
1080p,4,val_004.png,1920,1080,2073600,min_tree,8,proposed,0,0,194.775584,139242,139242,139242,proposed,0,0,0,0,0,0,0,15315158669160094329,352.624167,36.439125,UNCHECKED
1080p,4,val_004.png,1920,1080,2073600,min_tree,8,ref6,0,1,194.298666,139242,139242,139242,proposed,0,0,0,0,0,0,0,15315158669160094329,352.624167,36.439125,UNCHECKED
1080p,4,val_004.png,1920,1080,2073600,min_tree,8,ref6,1,0,197.542125,139242,139242,139242,proposed,0,0,0,0,0,0,0,15315158669160094329,352.624167,36.439125,UNCHECKED
1080p,4,val_004.png,1920,1080,2073600,min_tree,8,proposed,1,1,196.799917,139242,139242,139242,proposed,0,0,0,0,0,0,0,15315158669160094329,352.624167,36.439125,UNCHECKED
1080p,4,val_004.png,1920,1080,2073600,min_tree,8,proposed,2,0,196.602500,139242,139242,139242,proposed,0,0,0,0,0,0,0,15315158669160094329,352.624167,36.439125,UNCHECKED
1080p,4,val_004.png,1920,1080,2073600,min_tree,8,ref6,2,1,196.116916,139242,139242,139242,proposed,0,0,0,0,0,0,0,15315158669160094329,352.624167,36.439125,UNCHECKED
1080p,4,val_004.png,1920,1080,2073600,tree_of_shapes,4/8,ref5_original,0,0,2918.584916,316979,316979,316979,proposed,36747,4460,36061,36064,0,0,536,11164571560947557517,1817.553250,29.523084,UNCHECKED
1080p,4,val_004.png,1920,1080,2073600,tree_of_shapes,4/8,proposed,0,1,232.126875,316979,316979,316979,proposed,0,0,0,0,0,0,0,13356422410729853373,1817.553250,29.523084,UNCHECKED
1080p,4,val_004.png,1920,1080,2073600,tree_of_shapes,4/8,proposed,1,0,232.921959,316979,316979,316979,proposed,0,0,0,0,0,0,0,13356422410729853373,1817.553250,29.523084,UNCHECKED
1080p,4,val_004.png,1920,1080,2073600,tree_of_shapes,4/8,ref5_original,1,1,2910.176792,316979,316979,316979,proposed,36747,4460,36061,36064,0,0,536,11164571560947557517,1817.553250,29.523084,UNCHECKED
1080p,4,val_004.png,1920,1080,2073600,tree_of_shapes,4/8,ref5_original,2,0,2908.895000,316979,316979,316979,proposed,36747,4460,36061,36064,0,0,536,11164571560947557517,1817.553250,29.523084,UNCHECKED
1080p,4,val_004.png,1920,1080,2073600,tree_of_shapes,4/8,proposed,2,1,236.389250,316979,316979,316979,proposed,0,0,0,0,0,0,0,13356422410729853373,1817.553250,29.523084,UNCHECKED
1080p,5,val_005.png,1920,1080,2073600,max_tree,8,proposed,0,0,182.197542,95646,95646,95646,proposed,0,0,0,0,0,0,0,17113986294002854346,330.598958,39.921917,UNCHECKED
1080p,5,val_005.png,1920,1080,2073600,max_tree,8,ref6,0,1,189.630959,95646,95646,95646,proposed,0,0,0,0,0,0,0,17113986294002854346,330.598958,39.921917,UNCHECKED
1080p,5,val_005.png,1920,1080,2073600,max_tree,8,ref6,1,0,184.100041,95646,95646,95646,proposed,0,0,0,0,0,0,0,17113986294002854346,330.598958,39.921917,UNCHECKED
1080p,5,val_005.png,1920,1080,2073600,max_tree,8,proposed,1,1,181.488500,95646,95646,95646,proposed,0,0,0,0,0,0,0,17113986294002854346,330.598958,39.921917,UNCHECKED
1080p,5,val_005.png,1920,1080,2073600,max_tree,8,proposed,2,0,200.118083,95646,95646,95646,proposed,0,0,0,0,0,0,0,17113986294002854346,330.598958,39.921917,UNCHECKED
1080p,5,val_005.png,1920,1080,2073600,max_tree,8,ref6,2,1,185.107291,95646,95646,95646,proposed,0,0,0,0,0,0,0,17113986294002854346,330.598958,39.921917,UNCHECKED
1080p,5,val_005.png,1920,1080,2073600,min_tree,8,ref6,0,0,182.560958,78814,78814,78814,proposed,0,0,0,0,0,0,0,1311705379195593660,334.633417,52.000417,UNCHECKED
1080p,5,val_005.png,1920,1080,2073600,min_tree,8,proposed,0,1,183.292583,78814,78814,78814,proposed,0,0,0,0,0,0,0,1311705379195593660,334.633417,52.000417,UNCHECKED
1080p,5,val_005.png,1920,1080,2073600,min_tree,8,proposed,1,0,197.605334,78814,78814,78814,proposed,0,0,0,0,0,0,0,1311705379195593660,334.633417,52.000417,UNCHECKED
1080p,5,val_005.png,1920,1080,2073600,min_tree,8,ref6,1,1,195.815792,78814,78814,78814,proposed,0,0,0,0,0,0,0,1311705379195593660,334.633417,52.000417,UNCHECKED
1080p,5,val_005.png,1920,1080,2073600,min_tree,8,ref6,2,0,200.882750,78814,78814,78814,proposed,0,0,0,0,0,0,0,1311705379195593660,334.633417,52.000417,UNCHECKED
1080p,5,val_005.png,1920,1080,2073600,min_tree,8,proposed,2,1,198.346667,78814,78814,78814,proposed,0,0,0,0,0,0,0,1311705379195593660,334.633417,52.000417,UNCHECKED
1080p,5,val_005.png,1920,1080,2073600,tree_of_shapes,4/8,proposed,0,0,188.933000,189132,189132,189132,proposed,0,0,0,0,0,0,0,1723676191508754092,1704.091417,28.634292,UNCHECKED
1080p,5,val_005.png,1920,1080,2073600,tree_of_shapes,4/8,ref5_original,0,1,2782.188417,189132,189132,189132,proposed,19424,1752,19052,19145,0,0,274,7002715284833935023,1704.091417,28.634292,UNCHECKED
1080p,5,val_005.png,1920,1080,2073600,tree_of_shapes,4/8,ref5_original,1,0,2765.794458,189132,189132,189132,proposed,19424,1752,19052,19145,0,0,274,7002715284833935023,1704.091417,28.634292,UNCHECKED
1080p,5,val_005.png,1920,1080,2073600,tree_of_shapes,4/8,proposed,1,1,188.973750,189132,189132,189132,proposed,0,0,0,0,0,0,0,1723676191508754092,1704.091417,28.634292,UNCHECKED
1080p,5,val_005.png,1920,1080,2073600,tree_of_shapes,4/8,proposed,2,0,188.321709,189132,189132,189132,proposed,0,0,0,0,0,0,0,1723676191508754092,1704.091417,28.634292,UNCHECKED
1080p,5,val_005.png,1920,1080,2073600,tree_of_shapes,4/8,ref5_original,2,1,2783.258125,189132,189132,189132,proposed,19424,1752,19052,19145,0,0,274,7002715284833935023,1704.091417,28.634292,UNCHECKED
1080p,6,val_006.png,1920,1080,2073600,max_tree,8,ref6,0,0,198.358958,138590,138590,138590,proposed,0,0,0,0,0,0,0,6531054047539686909,358.400083,26.082625,UNCHECKED
1080p,6,val_006.png,1920,1080,2073600,max_tree,8,proposed,0,1,205.174208,138590,138590,138590,proposed,0,0,0,0,0,0,0,6531054047539686909,358.400083,26.082625,UNCHECKED
1080p,6,val_006.png,1920,1080,2073600,max_tree,8,proposed,1,0,206.123458,138590,138590,138590,proposed,0,0,0,0,0,0,0,6531054047539686909,358.400083,26.082625,UNCHECKED
1080p,6,val_006.png,1920,1080,2073600,max_tree,8,ref6,1,1,199.574917,138590,138590,138590,proposed,0,0,0,0,0,0,0,6531054047539686909,358.400083,26.082625,UNCHECKED
1080p,6,val_006.png,1920,1080,2073600,max_tree,8,ref6,2,0,198.889291,138590,138590,138590,proposed,0,0,0,0,0,0,0,6531054047539686909,358.400083,26.082625,UNCHECKED
1080p,6,val_006.png,1920,1080,2073600,max_tree,8,proposed,2,1,208.748583,138590,138590,138590,proposed,0,0,0,0,0,0,0,6531054047539686909,358.400083,26.082625,UNCHECKED
1080p,6,val_006.png,1920,1080,2073600,min_tree,8,proposed,0,0,209.277083,119170,119170,119170,proposed,0,0,0,0,0,0,0,16507318132154171595,357.070542,29.165291,UNCHECKED
1080p,6,val_006.png,1920,1080,2073600,min_tree,8,ref6,0,1,198.009000,119170,119170,119170,proposed,0,0,0,0,0,0,0,16507318132154171595,357.070542,29.165291,UNCHECKED
1080p,6,val_006.png,1920,1080,2073600,min_tree,8,ref6,1,0,193.447750,119170,119170,119170,proposed,0,0,0,0,0,0,0,16507318132154171595,357.070542,29.165291,UNCHECKED
1080p,6,val_006.png,1920,1080,2073600,min_tree,8,proposed,1,1,209.099750,119170,119170,119170,proposed,0,0,0,0,0,0,0,16507318132154171595,357.070542,29.165291,UNCHECKED
1080p,6,val_006.png,1920,1080,2073600,min_tree,8,proposed,2,0,205.765458,119170,119170,119170,proposed,0,0,0,0,0,0,0,16507318132154171595,357.070542,29.165291,UNCHECKED
1080p,6,val_006.png,1920,1080,2073600,min_tree,8,ref6,2,1,197.593375,119170,119170,119170,proposed,0,0,0,0,0,0,0,16507318132154171595,357.070542,29.165291,UNCHECKED
1080p,6,val_006.png,1920,1080,2073600,tree_of_shapes,4/8,ref5_original,0,0,2995.149375,277955,277955,277955,proposed,27446,3438,26821,26974,0,0,223,3413714107360170819,1806.864333,22.722958,UNCHECKED
1080p,6,val_006.png,1920,1080,2073600,tree_of_shapes,4/8,proposed,0,1,243.361458,277955,277955,277955,proposed,0,0,0,0,0,0,0,8123203599889191489,1806.864333,22.722958,UNCHECKED
1080p,6,val_006.png,1920,1080,2073600,tree_of_shapes,4/8,proposed,1,0,242.634459,277955,277955,277955,proposed,0,0,0,0,0,0,0,8123203599889191489,1806.864333,22.722958,UNCHECKED
1080p,6,val_006.png,1920,1080,2073600,tree_of_shapes,4/8,ref5_original,1,1,3033.592000,277955,277955,277955,proposed,27446,3438,26821,26974,0,0,223,3413714107360170819,1806.864333,22.722958,UNCHECKED
1080p,6,val_006.png,1920,1080,2073600,tree_of_shapes,4/8,ref5_original,2,0,3029.319333,277955,277955,277955,proposed,27446,3438,26821,26974,0,0,223,3413714107360170819,1806.864333,22.722958,UNCHECKED
1080p,6,val_006.png,1920,1080,2073600,tree_of_shapes,4/8,proposed,2,1,235.019042,277955,277955,277955,proposed,0,0,0,0,0,0,0,8123203599889191489,1806.864333,22.722958,UNCHECKED
1080p,7,val_007.png,1920,1080,2073600,max_tree,8,proposed,0,0,198.494542,79947,79947,79947,proposed,0,0,0,0,0,0,0,12570895956376037605,331.410750,45.357708,UNCHECKED
1080p,7,val_007.png,1920,1080,2073600,max_tree,8,ref6,0,1,207.536333,79947,79947,79947,proposed,0,0,0,0,0,0,0,12570895956376037605,331.410750,45.357708,UNCHECKED
1080p,7,val_007.png,1920,1080,2073600,max_tree,8,ref6,1,0,212.093833,79947,79947,79947,proposed,0,0,0,0,0,0,0,12570895956376037605,331.410750,45.357708,UNCHECKED
1080p,7,val_007.png,1920,1080,2073600,max_tree,8,proposed,1,1,204.094459,79947,79947,79947,proposed,0,0,0,0,0,0,0,12570895956376037605,331.410750,45.357708,UNCHECKED
1080p,7,val_007.png,1920,1080,2073600,max_tree,8,proposed,2,0,199.214542,79947,79947,79947,proposed,0,0,0,0,0,0,0,12570895956376037605,331.410750,45.357708,UNCHECKED
1080p,7,val_007.png,1920,1080,2073600,max_tree,8,ref6,2,1,202.141334,79947,79947,79947,proposed,0,0,0,0,0,0,0,12570895956376037605,331.410750,45.357708,UNCHECKED
1080p,7,val_007.png,1920,1080,2073600,min_tree,8,ref6,0,0,207.845250,69193,69193,69193,proposed,0,0,0,0,0,0,0,4043245015796000860,337.169958,60.675292,UNCHECKED
1080p,7,val_007.png,1920,1080,2073600,min_tree,8,proposed,0,1,210.040250,69193,69193,69193,proposed,0,0,0,0,0,0,0,4043245015796000860,337.169958,60.675292,UNCHECKED
1080p,7,val_007.png,1920,1080,2073600,min_tree,8,proposed,1,0,195.604667,69193,69193,69193,proposed,0,0,0,0,0,0,0,4043245015796000860,337.169958,60.675292,UNCHECKED
1080p,7,val_007.png,1920,1080,2073600,min_tree,8,ref6,1,1,213.697750,69193,69193,69193,proposed,0,0,0,0,0,0,0,4043245015796000860,337.169958,60.675292,UNCHECKED
1080p,7,val_007.png,1920,1080,2073600,min_tree,8,ref6,2,0,214.184417,69193,69193,69193,proposed,0,0,0,0,0,0,0,4043245015796000860,337.169958,60.675292,UNCHECKED
1080p,7,val_007.png,1920,1080,2073600,min_tree,8,proposed,2,1,197.214333,69193,69193,69193,proposed,0,0,0,0,0,0,0,4043245015796000860,337.169958,60.675292,UNCHECKED
1080p,7,val_007.png,1920,1080,2073600,tree_of_shapes,4/8,proposed,0,0,204.073209,166751,166751,166751,proposed,0,0,0,0,0,0,0,15512557386657457595,1779.553292,24.918666,UNCHECKED
1080p,7,val_007.png,1920,1080,2073600,tree_of_shapes,4/8,ref5_original,0,1,2828.175250,166751,166751,166751,proposed,14398,1751,13958,14138,0,0,217,143088858321341549,1779.553292,24.918666,UNCHECKED
1080p,7,val_007.png,1920,1080,2073600,tree_of_shapes,4/8,ref5_original,1,0,2865.452166,166751,166751,166751,proposed,14398,1751,13958,14138,0,0,217,143088858321341549,1779.553292,24.918666,UNCHECKED
1080p,7,val_007.png,1920,1080,2073600,tree_of_shapes,4/8,proposed,1,1,209.032125,166751,166751,166751,proposed,0,0,0,0,0,0,0,15512557386657457595,1779.553292,24.918666,UNCHECKED
1080p,7,val_007.png,1920,1080,2073600,tree_of_shapes,4/8,proposed,2,0,203.433666,166751,166751,166751,proposed,0,0,0,0,0,0,0,15512557386657457595,1779.553292,24.918666,UNCHECKED
1080p,7,val_007.png,1920,1080,2073600,tree_of_shapes,4/8,ref5_original,2,1,2832.130250,166751,166751,166751,proposed,14398,1751,13958,14138,0,0,217,143088858321341549,1779.553292,24.918666,UNCHECKED
1080p,8,val_008.png,1920,1080,2073600,max_tree,8,ref6,0,0,193.490959,154648,154648,154648,proposed,0,0,0,0,0,0,0,4940792738543734989,357.388792,22.546708,UNCHECKED
1080p,8,val_008.png,1920,1080,2073600,max_tree,8,proposed,0,1,216.976000,154648,154648,154648,proposed,0,0,0,0,0,0,0,4940792738543734989,357.388792,22.546708,UNCHECKED
1080p,8,val_008.png,1920,1080,2073600,max_tree,8,proposed,1,0,213.240833,154648,154648,154648,proposed,0,0,0,0,0,0,0,4940792738543734989,357.388792,22.546708,UNCHECKED
1080p,8,val_008.png,1920,1080,2073600,max_tree,8,ref6,1,1,198.961750,154648,154648,154648,proposed,0,0,0,0,0,0,0,4940792738543734989,357.388792,22.546708,UNCHECKED
1080p,8,val_008.png,1920,1080,2073600,max_tree,8,ref6,2,0,194.353792,154648,154648,154648,proposed,0,0,0,0,0,0,0,4940792738543734989,357.388792,22.546708,UNCHECKED
1080p,8,val_008.png,1920,1080,2073600,max_tree,8,proposed,2,1,227.422041,154648,154648,154648,proposed,0,0,0,0,0,0,0,4940792738543734989,357.388792,22.546708,UNCHECKED
1080p,8,val_008.png,1920,1080,2073600,min_tree,8,proposed,0,0,225.680875,149237,149237,149237,proposed,0,0,0,0,0,0,0,14879165532310289807,360.523500,33.785166,UNCHECKED
1080p,8,val_008.png,1920,1080,2073600,min_tree,8,ref6,0,1,196.158167,149237,149237,149237,proposed,0,0,0,0,0,0,0,14879165532310289807,360.523500,33.785166,UNCHECKED
1080p,8,val_008.png,1920,1080,2073600,min_tree,8,ref6,1,0,194.381375,149237,149237,149237,proposed,0,0,0,0,0,0,0,14879165532310289807,360.523500,33.785166,UNCHECKED
1080p,8,val_008.png,1920,1080,2073600,min_tree,8,proposed,1,1,209.604208,149237,149237,149237,proposed,0,0,0,0,0,0,0,14879165532310289807,360.523500,33.785166,UNCHECKED
1080p,8,val_008.png,1920,1080,2073600,min_tree,8,proposed,2,0,209.660458,149237,149237,149237,proposed,0,0,0,0,0,0,0,14879165532310289807,360.523500,33.785166,UNCHECKED
1080p,8,val_008.png,1920,1080,2073600,min_tree,8,ref6,2,1,196.057250,149237,149237,149237,proposed,0,0,0,0,0,0,0,14879165532310289807,360.523500,33.785166,UNCHECKED
1080p,8,val_008.png,1920,1080,2073600,tree_of_shapes,4/8,ref5_original,0,0,2964.307125,323557,323557,323557,proposed,36113,3675,35471,35523,0,0,268,3099784419162779823,1819.770041,24.078875,UNCHECKED
1080p,8,val_008.png,1920,1080,2073600,tree_of_shapes,4/8,proposed,0,1,248.430000,323557,323557,323557,proposed,0,0,0,0,0,0,0,6113150560272675720,1819.770041,24.078875,UNCHECKED
1080p,8,val_008.png,1920,1080,2073600,tree_of_shapes,4/8,proposed,1,0,249.819167,323557,323557,323557,proposed,0,0,0,0,0,0,0,6113150560272675720,1819.770041,24.078875,UNCHECKED
1080p,8,val_008.png,1920,1080,2073600,tree_of_shapes,4/8,ref5_original,1,1,3061.077916,323557,323557,323557,proposed,36113,3675,35471,35523,0,0,268,3099784419162779823,1819.770041,24.078875,UNCHECKED
1080p,8,val_008.png,1920,1080,2073600,tree_of_shapes,4/8,ref5_original,2,0,3016.825458,323557,323557,323557,proposed,36113,3675,35471,35523,0,0,268,3099784419162779823,1819.770041,24.078875,UNCHECKED
1080p,8,val_008.png,1920,1080,2073600,tree_of_shapes,4/8,proposed,2,1,250.340958,323557,323557,323557,proposed,0,0,0,0,0,0,0,6113150560272675720,1819.770041,24.078875,UNCHECKED
1080p,9,val_009.png,1920,1080,2073600,max_tree,8,proposed,0,0,228.424000,119205,119205,119205,proposed,0,0,0,0,0,0,0,16923443019625591898,349.775750,35.096166,UNCHECKED
1080p,9,val_009.png,1920,1080,2073600,max_tree,8,ref6,0,1,200.535708,119205,119205,119205,proposed,0,0,0,0,0,0,0,16923443019625591898,349.775750,35.096166,UNCHECKED
1080p,9,val_009.png,1920,1080,2073600,max_tree,8,ref6,1,0,199.935208,119205,119205,119205,proposed,0,0,0,0,0,0,0,16923443019625591898,349.775750,35.096166,UNCHECKED
1080p,9,val_009.png,1920,1080,2073600,max_tree,8,proposed,1,1,210.685250,119205,119205,119205,proposed,0,0,0,0,0,0,0,16923443019625591898,349.775750,35.096166,UNCHECKED
1080p,9,val_009.png,1920,1080,2073600,max_tree,8,proposed,2,0,210.957125,119205,119205,119205,proposed,0,0,0,0,0,0,0,16923443019625591898,349.775750,35.096166,UNCHECKED
1080p,9,val_009.png,1920,1080,2073600,max_tree,8,ref6,2,1,203.098667,119205,119205,119205,proposed,0,0,0,0,0,0,0,16923443019625591898,349.775750,35.096166,UNCHECKED
1080p,9,val_009.png,1920,1080,2073600,min_tree,8,ref6,0,0,202.542000,116861,116861,116861,proposed,0,0,0,0,0,0,0,4090800075098494318,365.771750,52.389709,UNCHECKED
1080p,9,val_009.png,1920,1080,2073600,min_tree,8,proposed,0,1,212.115250,116861,116861,116861,proposed,0,0,0,0,0,0,0,4090800075098494318,365.771750,52.389709,UNCHECKED
1080p,9,val_009.png,1920,1080,2073600,min_tree,8,proposed,1,0,212.819542,116861,116861,116861,proposed,0,0,0,0,0,0,0,4090800075098494318,365.771750,52.389709,UNCHECKED
1080p,9,val_009.png,1920,1080,2073600,min_tree,8,ref6,1,1,201.756750,116861,116861,116861,proposed,0,0,0,0,0,0,0,4090800075098494318,365.771750,52.389709,UNCHECKED
1080p,9,val_009.png,1920,1080,2073600,min_tree,8,ref6,2,0,201.318791,116861,116861,116861,proposed,0,0,0,0,0,0,0,4090800075098494318,365.771750,52.389709,UNCHECKED
1080p,9,val_009.png,1920,1080,2073600,min_tree,8,proposed,2,1,212.687292,116861,116861,116861,proposed,0,0,0,0,0,0,0,4090800075098494318,365.771750,52.389709,UNCHECKED
1080p,9,val_009.png,1920,1080,2073600,tree_of_shapes,4/8,proposed,0,0,244.875167,257528,257528,257528,proposed,0,0,0,0,0,0,0,8172151508760546597,1804.758666,25.028750,UNCHECKED
1080p,9,val_009.png,1920,1080,2073600,tree_of_shapes,4/8,ref5_original,0,1,2958.414500,257528,257528,257528,proposed,25902,1978,25494,25607,0,0,237,11699280603791880817,1804.758666,25.028750,UNCHECKED
1080p,9,val_009.png,1920,1080,2073600,tree_of_shapes,4/8,ref5_original,1,0,2925.941500,257528,257528,257528,proposed,25902,1978,25494,25607,0,0,237,11699280603791880817,1804.758666,25.028750,UNCHECKED
1080p,9,val_009.png,1920,1080,2073600,tree_of_shapes,4/8,proposed,1,1,240.308250,257528,257528,257528,proposed,0,0,0,0,0,0,0,8172151508760546597,1804.758666,25.028750,UNCHECKED
1080p,9,val_009.png,1920,1080,2073600,tree_of_shapes,4/8,proposed,2,0,239.335375,257528,257528,257528,proposed,0,0,0,0,0,0,0,8172151508760546597,1804.758666,25.028750,UNCHECKED
1080p,9,val_009.png,1920,1080,2073600,tree_of_shapes,4/8,ref5_original,2,1,2928.462125,257528,257528,257528,proposed,25902,1978,25494,25607,0,0,237,11699280603791880817,1804.758666,25.028750,UNCHECKED
1080p,10,val_010.png,1920,1080,2073600,max_tree,8,ref6,0,0,205.924125,95227,95227,95227,proposed,0,0,0,0,0,0,0,8730238364406945626,343.548167,30.678959,UNCHECKED
1080p,10,val_010.png,1920,1080,2073600,max_tree,8,proposed,0,1,222.066958,95227,95227,95227,proposed,0,0,0,0,0,0,0,8730238364406945626,343.548167,30.678959,UNCHECKED
1080p,10,val_010.png,1920,1080,2073600,max_tree,8,proposed,1,0,216.891167,95227,95227,95227,proposed,0,0,0,0,0,0,0,8730238364406945626,343.548167,30.678959,UNCHECKED
1080p,10,val_010.png,1920,1080,2073600,max_tree,8,ref6,1,1,199.218917,95227,95227,95227,proposed,0,0,0,0,0,0,0,8730238364406945626,343.548167,30.678959,UNCHECKED
1080p,10,val_010.png,1920,1080,2073600,max_tree,8,ref6,2,0,195.726667,95227,95227,95227,proposed,0,0,0,0,0,0,0,8730238364406945626,343.548167,30.678959,UNCHECKED
1080p,10,val_010.png,1920,1080,2073600,max_tree,8,proposed,2,1,217.314000,95227,95227,95227,proposed,0,0,0,0,0,0,0,8730238364406945626,343.548167,30.678959,UNCHECKED
1080p,10,val_010.png,1920,1080,2073600,min_tree,8,proposed,0,0,208.142625,93999,93999,93999,proposed,0,0,0,0,0,0,0,17966560493638970730,349.922291,35.941958,UNCHECKED
1080p,10,val_010.png,1920,1080,2073600,min_tree,8,ref6,0,1,195.982542,93999,93999,93999,proposed,0,0,0,0,0,0,0,17966560493638970730,349.922291,35.941958,UNCHECKED
1080p,10,val_010.png,1920,1080,2073600,min_tree,8,ref6,1,0,195.048708,93999,93999,93999,proposed,0,0,0,0,0,0,0,17966560493638970730,349.922291,35.941958,UNCHECKED
1080p,10,val_010.png,1920,1080,2073600,min_tree,8,proposed,1,1,198.560625,93999,93999,93999,proposed,0,0,0,0,0,0,0,17966560493638970730,349.922291,35.941958,UNCHECKED
1080p,10,val_010.png,1920,1080,2073600,min_tree,8,proposed,2,0,196.070125,93999,93999,93999,proposed,0,0,0,0,0,0,0,17966560493638970730,349.922291,35.941958,UNCHECKED
1080p,10,val_010.png,1920,1080,2073600,min_tree,8,ref6,2,1,194.757750,93999,93999,93999,proposed,0,0,0,0,0,0,0,17966560493638970730,349.922291,35.941958,UNCHECKED
1080p,10,val_010.png,1920,1080,2073600,tree_of_shapes,4/8,ref5_original,0,0,2926.258209,203838,203838,203838,proposed,24674,2819,24215,24232,0,0,300,1043110844401378299,1756.717959,20.636625,UNCHECKED
1080p,10,val_010.png,1920,1080,2073600,tree_of_shapes,4/8,proposed,0,1,210.002333,203838,203838,203838,proposed,0,0,0,0,0,0,0,12205001164288539918,1756.717959,20.636625,UNCHECKED
1080p,10,val_010.png,1920,1080,2073600,tree_of_shapes,4/8,proposed,1,0,210.394875,203838,203838,203838,proposed,0,0,0,0,0,0,0,12205001164288539918,1756.717959,20.636625,UNCHECKED
1080p,10,val_010.png,1920,1080,2073600,tree_of_shapes,4/8,ref5_original,1,1,2885.923459,203838,203838,203838,proposed,24674,2819,24215,24232,0,0,300,1043110844401378299,1756.717959,20.636625,UNCHECKED
1080p,10,val_010.png,1920,1080,2073600,tree_of_shapes,4/8,ref5_original,2,0,2898.579500,203838,203838,203838,proposed,24674,2819,24215,24232,0,0,300,1043110844401378299,1756.717959,20.636625,UNCHECKED
1080p,10,val_010.png,1920,1080,2073600,tree_of_shapes,4/8,proposed,2,1,211.630125,203838,203838,203838,proposed,0,0,0,0,0,0,0,12205001164288539918,1756.717959,20.636625,UNCHECKED
1080p,11,val_011.png,1920,1080,2073600,max_tree,8,proposed,0,0,227.186917,178927,178927,178927,proposed,0,0,0,0,0,0,0,7162594872363622328,366.089209,27.953625,UNCHECKED
1080p,11,val_011.png,1920,1080,2073600,max_tree,8,ref6,0,1,209.912500,178927,178927,178927,proposed,0,0,0,0,0,0,0,7162594872363622328,366.089209,27.953625,UNCHECKED
1080p,11,val_011.png,1920,1080,2073600,max_tree,8,ref6,1,0,202.434833,178927,178927,178927,proposed,0,0,0,0,0,0,0,7162594872363622328,366.089209,27.953625,UNCHECKED
1080p,11,val_011.png,1920,1080,2073600,max_tree,8,proposed,1,1,213.320250,178927,178927,178927,proposed,0,0,0,0,0,0,0,7162594872363622328,366.089209,27.953625,UNCHECKED
1080p,11,val_011.png,1920,1080,2073600,max_tree,8,proposed,2,0,227.376792,178927,178927,178927,proposed,0,0,0,0,0,0,0,7162594872363622328,366.089209,27.953625,UNCHECKED
1080p,11,val_011.png,1920,1080,2073600,max_tree,8,ref6,2,1,220.624458,178927,178927,178927,proposed,0,0,0,0,0,0,0,7162594872363622328,366.089209,27.953625,UNCHECKED
1080p,11,val_011.png,1920,1080,2073600,min_tree,8,ref6,0,0,199.821667,126592,126592,126592,proposed,0,0,0,0,0,0,0,6031327847745971943,373.330709,40.312208,UNCHECKED
1080p,11,val_011.png,1920,1080,2073600,min_tree,8,proposed,0,1,227.427208,126592,126592,126592,proposed,0,0,0,0,0,0,0,6031327847745971943,373.330709,40.312208,UNCHECKED
1080p,11,val_011.png,1920,1080,2073600,min_tree,8,proposed,1,0,226.420875,126592,126592,126592,proposed,0,0,0,0,0,0,0,6031327847745971943,373.330709,40.312208,UNCHECKED
1080p,11,val_011.png,1920,1080,2073600,min_tree,8,ref6,1,1,195.071208,126592,126592,126592,proposed,0,0,0,0,0,0,0,6031327847745971943,373.330709,40.312208,UNCHECKED
1080p,11,val_011.png,1920,1080,2073600,min_tree,8,ref6,2,0,198.199208,126592,126592,126592,proposed,0,0,0,0,0,0,0,6031327847745971943,373.330709,40.312208,UNCHECKED
1080p,11,val_011.png,1920,1080,2073600,min_tree,8,proposed,2,1,217.646125,126592,126592,126592,proposed,0,0,0,0,0,0,0,6031327847745971943,373.330709,40.312208,UNCHECKED
1080p,11,val_011.png,1920,1080,2073600,tree_of_shapes,4/8,proposed,0,0,250.747209,326694,326694,326694,proposed,0,0,0,0,0,0,0,2604632382894229779,1931.660708,25.945167,UNCHECKED
1080p,11,val_011.png,1920,1080,2073600,tree_of_shapes,4/8,ref5_original,0,1,3028.013042,326694,326694,326694,proposed,31886,3596,31213,31280,0,0,549,13456209261287952581,1931.660708,25.945167,UNCHECKED
1080p,11,val_011.png,1920,1080,2073600,tree_of_shapes,4/8,ref5_original,1,0,2987.162417,326694,326694,326694,proposed,31886,3596,31213,31280,0,0,549,13456209261287952581,1931.660708,25.945167,UNCHECKED
1080p,11,val_011.png,1920,1080,2073600,tree_of_shapes,4/8,proposed,1,1,245.336166,326694,326694,326694,proposed,0,0,0,0,0,0,0,2604632382894229779,1931.660708,25.945167,UNCHECKED
1080p,11,val_011.png,1920,1080,2073600,tree_of_shapes,4/8,proposed,2,0,251.027250,326694,326694,326694,proposed,0,0,0,0,0,0,0,2604632382894229779,1931.660708,25.945167,UNCHECKED
1080p,11,val_011.png,1920,1080,2073600,tree_of_shapes,4/8,ref5_original,2,1,2984.480542,326694,326694,326694,proposed,31886,3596,31213,31280,0,0,549,13456209261287952581,1931.660708,25.945167,UNCHECKED
1080p,12,val_012.png,1920,1080,2073600,max_tree,8,ref6,0,0,194.332333,103176,103176,103176,proposed,0,0,0,0,0,0,0,14789366414708429302,345.218500,40.644667,UNCHECKED
1080p,12,val_012.png,1920,1080,2073600,max_tree,8,proposed,0,1,215.276333,103176,103176,103176,proposed,0,0,0,0,0,0,0,14789366414708429302,345.218500,40.644667,UNCHECKED
1080p,12,val_012.png,1920,1080,2073600,max_tree,8,proposed,1,0,202.993709,103176,103176,103176,proposed,0,0,0,0,0,0,0,14789366414708429302,345.218500,40.644667,UNCHECKED
1080p,12,val_012.png,1920,1080,2073600,max_tree,8,ref6,1,1,195.085458,103176,103176,103176,proposed,0,0,0,0,0,0,0,14789366414708429302,345.218500,40.644667,UNCHECKED
1080p,12,val_012.png,1920,1080,2073600,max_tree,8,ref6,2,0,195.406666,103176,103176,103176,proposed,0,0,0,0,0,0,0,14789366414708429302,345.218500,40.644667,UNCHECKED
1080p,12,val_012.png,1920,1080,2073600,max_tree,8,proposed,2,1,219.772042,103176,103176,103176,proposed,0,0,0,0,0,0,0,14789366414708429302,345.218500,40.644667,UNCHECKED
1080p,12,val_012.png,1920,1080,2073600,min_tree,8,proposed,0,0,219.245208,100806,100806,100806,proposed,0,0,0,0,0,0,0,5107589483158995755,353.622458,44.088000,UNCHECKED
1080p,12,val_012.png,1920,1080,2073600,min_tree,8,ref6,0,1,196.612500,100806,100806,100806,proposed,0,0,0,0,0,0,0,5107589483158995755,353.622458,44.088000,UNCHECKED
1080p,12,val_012.png,1920,1080,2073600,min_tree,8,ref6,1,0,197.139167,100806,100806,100806,proposed,0,0,0,0,0,0,0,5107589483158995755,353.622458,44.088000,UNCHECKED
1080p,12,val_012.png,1920,1080,2073600,min_tree,8,proposed,1,1,221.127500,100806,100806,100806,proposed,0,0,0,0,0,0,0,5107589483158995755,353.622458,44.088000,UNCHECKED
1080p,12,val_012.png,1920,1080,2073600,min_tree,8,proposed,2,0,202.543875,100806,100806,100806,proposed,0,0,0,0,0,0,0,5107589483158995755,353.622458,44.088000,UNCHECKED
1080p,12,val_012.png,1920,1080,2073600,min_tree,8,ref6,2,1,192.505042,100806,100806,100806,proposed,0,0,0,0,0,0,0,5107589483158995755,353.622458,44.088000,UNCHECKED
1080p,12,val_012.png,1920,1080,2073600,tree_of_shapes,4/8,ref5_original,0,0,2904.323125,216030,216030,216030,proposed,22570,2093,22158,22281,0,0,182,12694189759769072707,1782.963083,26.335375,UNCHECKED
1080p,12,val_012.png,1920,1080,2073600,tree_of_shapes,4/8,proposed,0,1,215.564041,216030,216030,216030,proposed,0,0,0,0,0,0,0,13420457115664432373,1782.963083,26.335375,UNCHECKED
1080p,12,val_012.png,1920,1080,2073600,tree_of_shapes,4/8,proposed,1,0,215.305458,216030,216030,216030,proposed,0,0,0,0,0,0,0,13420457115664432373,1782.963083,26.335375,UNCHECKED
1080p,12,val_012.png,1920,1080,2073600,tree_of_shapes,4/8,ref5_original,1,1,2919.498791,216030,216030,216030,proposed,22570,2093,22158,22281,0,0,182,12694189759769072707,1782.963083,26.335375,UNCHECKED
1080p,12,val_012.png,1920,1080,2073600,tree_of_shapes,4/8,ref5_original,2,0,2901.459959,216030,216030,216030,proposed,22570,2093,22158,22281,0,0,182,12694189759769072707,1782.963083,26.335375,UNCHECKED
1080p,12,val_012.png,1920,1080,2073600,tree_of_shapes,4/8,proposed,2,1,212.876500,216030,216030,216030,proposed,0,0,0,0,0,0,0,13420457115664432373,1782.963083,26.335375,UNCHECKED
1080p,13,val_013.png,1920,1080,2073600,max_tree,8,proposed,0,0,199.560791,104342,104342,104342,proposed,0,0,0,0,0,0,0,15595531168667325897,334.380333,41.213583,UNCHECKED
1080p,13,val_013.png,1920,1080,2073600,max_tree,8,ref6,0,1,197.602375,104342,104342,104342,proposed,0,0,0,0,0,0,0,15595531168667325897,334.380333,41.213583,UNCHECKED
1080p,13,val_013.png,1920,1080,2073600,max_tree,8,ref6,1,0,206.471042,104342,104342,104342,proposed,0,0,0,0,0,0,0,15595531168667325897,334.380333,41.213583,UNCHECKED
1080p,13,val_013.png,1920,1080,2073600,max_tree,8,proposed,1,1,210.968083,104342,104342,104342,proposed,0,0,0,0,0,0,0,15595531168667325897,334.380333,41.213583,UNCHECKED
1080p,13,val_013.png,1920,1080,2073600,max_tree,8,proposed,2,0,219.963583,104342,104342,104342,proposed,0,0,0,0,0,0,0,15595531168667325897,334.380333,41.213583,UNCHECKED
1080p,13,val_013.png,1920,1080,2073600,max_tree,8,ref6,2,1,199.846333,104342,104342,104342,proposed,0,0,0,0,0,0,0,15595531168667325897,334.380333,41.213583,UNCHECKED
1080p,13,val_013.png,1920,1080,2073600,min_tree,8,ref6,0,0,198.159750,89069,89069,89069,proposed,0,0,0,0,0,0,0,3845142159810455905,345.261583,51.947000,UNCHECKED
1080p,13,val_013.png,1920,1080,2073600,min_tree,8,proposed,0,1,199.515209,89069,89069,89069,proposed,0,0,0,0,0,0,0,3845142159810455905,345.261583,51.947000,UNCHECKED
1080p,13,val_013.png,1920,1080,2073600,min_tree,8,proposed,1,0,200.327667,89069,89069,89069,proposed,0,0,0,0,0,0,0,3845142159810455905,345.261583,51.947000,UNCHECKED
1080p,13,val_013.png,1920,1080,2073600,min_tree,8,ref6,1,1,189.239292,89069,89069,89069,proposed,0,0,0,0,0,0,0,3845142159810455905,345.261583,51.947000,UNCHECKED
1080p,13,val_013.png,1920,1080,2073600,min_tree,8,ref6,2,0,186.558458,89069,89069,89069,proposed,0,0,0,0,0,0,0,3845142159810455905,345.261583,51.947000,UNCHECKED
1080p,13,val_013.png,1920,1080,2073600,min_tree,8,proposed,2,1,201.904458,89069,89069,89069,proposed,0,0,0,0,0,0,0,3845142159810455905,345.261583,51.947000,UNCHECKED
1080p,13,val_013.png,1920,1080,2073600,tree_of_shapes,4/8,proposed,0,0,219.702375,219329,219329,219329,proposed,0,0,0,0,0,0,0,5615741891586718204,1754.637125,25.469500,UNCHECKED
1080p,13,val_013.png,1920,1080,2073600,tree_of_shapes,4/8,ref5_original,0,1,2844.515416,219329,219329,219329,proposed,18572,2235,18096,18221,0,0,422,5252226031153865372,1754.637125,25.469500,UNCHECKED
1080p,13,val_013.png,1920,1080,2073600,tree_of_shapes,4/8,ref5_original,1,0,2861.004458,219329,219329,219329,proposed,18572,2235,18096,18221,0,0,422,5252226031153865372,1754.637125,25.469500,UNCHECKED
1080p,13,val_013.png,1920,1080,2073600,tree_of_shapes,4/8,proposed,1,1,218.384875,219329,219329,219329,proposed,0,0,0,0,0,0,0,5615741891586718204,1754.637125,25.469500,UNCHECKED
1080p,13,val_013.png,1920,1080,2073600,tree_of_shapes,4/8,proposed,2,0,215.553875,219329,219329,219329,proposed,0,0,0,0,0,0,0,5615741891586718204,1754.637125,25.469500,UNCHECKED
1080p,13,val_013.png,1920,1080,2073600,tree_of_shapes,4/8,ref5_original,2,1,2862.790834,219329,219329,219329,proposed,18572,2235,18096,18221,0,0,422,5252226031153865372,1754.637125,25.469500,UNCHECKED
1080p,14,val_014.png,1920,1080,2073600,max_tree,8,ref6,0,0,207.022333,254932,254932,254932,proposed,0,0,0,0,0,0,0,5116670221500199234,395.954334,20.925166,UNCHECKED
1080p,14,val_014.png,1920,1080,2073600,max_tree,8,proposed,0,1,228.403125,254932,254932,254932,proposed,0,0,0,0,0,0,0,5116670221500199234,395.954334,20.925166,UNCHECKED
1080p,14,val_014.png,1920,1080,2073600,max_tree,8,proposed,1,0,229.701416,254932,254932,254932,proposed,0,0,0,0,0,0,0,5116670221500199234,395.954334,20.925166,UNCHECKED
1080p,14,val_014.png,1920,1080,2073600,max_tree,8,ref6,1,1,208.782708,254932,254932,254932,proposed,0,0,0,0,0,0,0,5116670221500199234,395.954334,20.925166,UNCHECKED
1080p,14,val_014.png,1920,1080,2073600,max_tree,8,ref6,2,0,207.909042,254932,254932,254932,proposed,0,0,0,0,0,0,0,5116670221500199234,395.954334,20.925166,UNCHECKED
1080p,14,val_014.png,1920,1080,2073600,max_tree,8,proposed,2,1,244.877125,254932,254932,254932,proposed,0,0,0,0,0,0,0,5116670221500199234,395.954334,20.925166,UNCHECKED
1080p,14,val_014.png,1920,1080,2073600,min_tree,8,proposed,0,0,232.261125,197675,197675,197675,proposed,0,0,0,0,0,0,0,7712727026050291403,395.725292,22.422458,UNCHECKED
1080p,14,val_014.png,1920,1080,2073600,min_tree,8,ref6,0,1,205.810667,197675,197675,197675,proposed,0,0,0,0,0,0,0,7712727026050291403,395.725292,22.422458,UNCHECKED
1080p,14,val_014.png,1920,1080,2073600,min_tree,8,ref6,1,0,203.803584,197675,197675,197675,proposed,0,0,0,0,0,0,0,7712727026050291403,395.725292,22.422458,UNCHECKED
1080p,14,val_014.png,1920,1080,2073600,min_tree,8,proposed,1,1,233.229500,197675,197675,197675,proposed,0,0,0,0,0,0,0,7712727026050291403,395.725292,22.422458,UNCHECKED
1080p,14,val_014.png,1920,1080,2073600,min_tree,8,proposed,2,0,230.897083,197675,197675,197675,proposed,0,0,0,0,0,0,0,7712727026050291403,395.725292,22.422458,UNCHECKED
1080p,14,val_014.png,1920,1080,2073600,min_tree,8,ref6,2,1,207.808792,197675,197675,197675,proposed,0,0,0,0,0,0,0,7712727026050291403,395.725292,22.422458,UNCHECKED
1080p,14,val_014.png,1920,1080,2073600,tree_of_shapes,4/8,ref5_original,0,0,3151.652375,488256,488256,488256,proposed,55040,7843,53555,53808,0,0,903,14454600893611975678,2207.682042,36.530459,UNCHECKED
1080p,14,val_014.png,1920,1080,2073600,tree_of_shapes,4/8,proposed,0,1,321.161708,488256,488256,488256,proposed,0,0,0,0,0,0,0,3577802446176896291,2207.682042,36.530459,UNCHECKED
1080p,14,val_014.png,1920,1080,2073600,tree_of_shapes,4/8,proposed,1,0,319.710084,488256,488256,488256,proposed,0,0,0,0,0,0,0,3577802446176896291,2207.682042,36.530459,UNCHECKED
1080p,14,val_014.png,1920,1080,2073600,tree_of_shapes,4/8,ref5_original,1,1,3137.935291,488256,488256,488256,proposed,55040,7843,53555,53808,0,0,903,14454600893611975678,2207.682042,36.530459,UNCHECKED
1080p,14,val_014.png,1920,1080,2073600,tree_of_shapes,4/8,ref5_original,2,0,3184.328584,488256,488256,488256,proposed,55040,7843,53555,53808,0,0,903,14454600893611975678,2207.682042,36.530459,UNCHECKED
1080p,14,val_014.png,1920,1080,2073600,tree_of_shapes,4/8,proposed,2,1,324.848583,488256,488256,488256,proposed,0,0,0,0,0,0,0,3577802446176896291,2207.682042,36.530459,UNCHECKED
1080p,15,val_015.png,1920,1080,2073600,max_tree,8,proposed,0,0,237.635417,290887,290887,290887,proposed,0,0,0,0,0,0,0,11623298209496408344,408.190500,30.660917,UNCHECKED
1080p,15,val_015.png,1920,1080,2073600,max_tree,8,ref6,0,1,213.084875,290887,290887,290887,proposed,0,0,0,0,0,0,0,11623298209496408344,408.190500,30.660917,UNCHECKED
1080p,15,val_015.png,1920,1080,2073600,max_tree,8,ref6,1,0,211.106333,290887,290887,290887,proposed,0,0,0,0,0,0,0,11623298209496408344,408.190500,30.660917,UNCHECKED
1080p,15,val_015.png,1920,1080,2073600,max_tree,8,proposed,1,1,243.763042,290887,290887,290887,proposed,0,0,0,0,0,0,0,11623298209496408344,408.190500,30.660917,UNCHECKED
1080p,15,val_015.png,1920,1080,2073600,max_tree,8,proposed,2,0,242.275375,290887,290887,290887,proposed,0,0,0,0,0,0,0,11623298209496408344,408.190500,30.660917,UNCHECKED
1080p,15,val_015.png,1920,1080,2073600,max_tree,8,ref6,2,1,214.408541,290887,290887,290887,proposed,0,0,0,0,0,0,0,11623298209496408344,408.190500,30.660917,UNCHECKED
1080p,15,val_015.png,1920,1080,2073600,min_tree,8,ref6,0,0,208.674292,197222,197222,197222,proposed,0,0,0,0,0,0,0,10676501594177489511,403.372000,34.910250,UNCHECKED
1080p,15,val_015.png,1920,1080,2073600,min_tree,8,proposed,0,1,232.849500,197222,197222,197222,proposed,0,0,0,0,0,0,0,10676501594177489511,403.372000,34.910250,UNCHECKED
1080p,15,val_015.png,1920,1080,2073600,min_tree,8,proposed,1,0,230.428209,197222,197222,197222,proposed,0,0,0,0,0,0,0,10676501594177489511,403.372000,34.910250,UNCHECKED
1080p,15,val_015.png,1920,1080,2073600,min_tree,8,ref6,1,1,206.021250,197222,197222,197222,proposed,0,0,0,0,0,0,0,10676501594177489511,403.372000,34.910250,UNCHECKED
1080p,15,val_015.png,1920,1080,2073600,min_tree,8,ref6,2,0,206.344291,197222,197222,197222,proposed,0,0,0,0,0,0,0,10676501594177489511,403.372000,34.910250,UNCHECKED
1080p,15,val_015.png,1920,1080,2073600,min_tree,8,proposed,2,1,247.118000,197222,197222,197222,proposed,0,0,0,0,0,0,0,10676501594177489511,403.372000,34.910250,UNCHECKED
1080p,15,val_015.png,1920,1080,2073600,tree_of_shapes,4/8,proposed,0,0,339.765834,534682,534682,534682,proposed,0,0,0,0,0,0,0,14573502202692961806,2154.614125,39.675667,UNCHECKED
1080p,15,val_015.png,1920,1080,2073600,tree_of_shapes,4/8,ref5_original,0,1,3202.271916,534682,534682,534682,proposed,56512,6398,55321,55431,0,0,511,14919562322153784517,2154.614125,39.675667,UNCHECKED
1080p,15,val_015.png,1920,1080,2073600,tree_of_shapes,4/8,ref5_original,1,0,3198.728250,534682,534682,534682,proposed,56512,6398,55321,55431,0,0,511,14919562322153784517,2154.614125,39.675667,UNCHECKED
1080p,15,val_015.png,1920,1080,2073600,tree_of_shapes,4/8,proposed,1,1,351.100375,534682,534682,534682,proposed,0,0,0,0,0,0,0,14573502202692961806,2154.614125,39.675667,UNCHECKED
1080p,15,val_015.png,1920,1080,2073600,tree_of_shapes,4/8,proposed,2,0,339.453542,534682,534682,534682,proposed,0,0,0,0,0,0,0,14573502202692961806,2154.614125,39.675667,UNCHECKED
1080p,15,val_015.png,1920,1080,2073600,tree_of_shapes,4/8,ref5_original,2,1,3164.481375,534682,534682,534682,proposed,56512,6398,55321,55431,0,0,511,14919562322153784517,2154.614125,39.675667,UNCHECKED
1080p,16,val_016.png,1920,1080,2073600,max_tree,8,ref6,0,0,186.015417,70159,70159,70159,proposed,0,0,0,0,0,0,0,14855159408600989647,320.858291,53.832084,UNCHECKED
1080p,16,val_016.png,1920,1080,2073600,max_tree,8,proposed,0,1,182.603000,70159,70159,70159,proposed,0,0,0,0,0,0,0,14855159408600989647,320.858291,53.832084,UNCHECKED
1080p,16,val_016.png,1920,1080,2073600,max_tree,8,proposed,1,0,187.655333,70159,70159,70159,proposed,0,0,0,0,0,0,0,14855159408600989647,320.858291,53.832084,UNCHECKED
1080p,16,val_016.png,1920,1080,2073600,max_tree,8,ref6,1,1,184.459584,70159,70159,70159,proposed,0,0,0,0,0,0,0,14855159408600989647,320.858291,53.832084,UNCHECKED
1080p,16,val_016.png,1920,1080,2073600,max_tree,8,ref6,2,0,179.842041,70159,70159,70159,proposed,0,0,0,0,0,0,0,14855159408600989647,320.858291,53.832084,UNCHECKED
1080p,16,val_016.png,1920,1080,2073600,max_tree,8,proposed,2,1,184.150083,70159,70159,70159,proposed,0,0,0,0,0,0,0,14855159408600989647,320.858291,53.832084,UNCHECKED
1080p,16,val_016.png,1920,1080,2073600,min_tree,8,proposed,0,0,184.017083,65046,65046,65046,proposed,0,0,0,0,0,0,0,12430304445572438654,321.552416,67.472625,UNCHECKED
1080p,16,val_016.png,1920,1080,2073600,min_tree,8,ref6,0,1,181.136708,65046,65046,65046,proposed,0,0,0,0,0,0,0,12430304445572438654,321.552416,67.472625,UNCHECKED
1080p,16,val_016.png,1920,1080,2073600,min_tree,8,ref6,1,0,181.113417,65046,65046,65046,proposed,0,0,0,0,0,0,0,12430304445572438654,321.552416,67.472625,UNCHECKED
1080p,16,val_016.png,1920,1080,2073600,min_tree,8,proposed,1,1,184.803875,65046,65046,65046,proposed,0,0,0,0,0,0,0,12430304445572438654,321.552416,67.472625,UNCHECKED
1080p,16,val_016.png,1920,1080,2073600,min_tree,8,proposed,2,0,190.212666,65046,65046,65046,proposed,0,0,0,0,0,0,0,12430304445572438654,321.552416,67.472625,UNCHECKED
1080p,16,val_016.png,1920,1080,2073600,min_tree,8,ref6,2,1,189.379917,65046,65046,65046,proposed,0,0,0,0,0,0,0,12430304445572438654,321.552416,67.472625,UNCHECKED
1080p,16,val_016.png,1920,1080,2073600,tree_of_shapes,4/8,ref5_original,0,0,2830.491542,152024,152024,152024,proposed,13734,1565,13414,13491,0,0,326,16140218122851242393,1691.695083,38.707541,UNCHECKED
1080p,16,val_016.png,1920,1080,2073600,tree_of_shapes,4/8,proposed,0,1,185.116666,152024,152024,152024,proposed,0,0,0,0,0,0,0,3674315430415262182,1691.695083,38.707541,UNCHECKED
1080p,16,val_016.png,1920,1080,2073600,tree_of_shapes,4/8,proposed,1,0,182.807167,152024,152024,152024,proposed,0,0,0,0,0,0,0,3674315430415262182,1691.695083,38.707541,UNCHECKED
1080p,16,val_016.png,1920,1080,2073600,tree_of_shapes,4/8,ref5_original,1,1,2812.075542,152024,152024,152024,proposed,13734,1565,13414,13491,0,0,326,16140218122851242393,1691.695083,38.707541,UNCHECKED
1080p,16,val_016.png,1920,1080,2073600,tree_of_shapes,4/8,ref5_original,2,0,2745.322833,152024,152024,152024,proposed,13734,1565,13414,13491,0,0,326,16140218122851242393,1691.695083,38.707541,UNCHECKED
1080p,16,val_016.png,1920,1080,2073600,tree_of_shapes,4/8,proposed,2,1,186.359958,152024,152024,152024,proposed,0,0,0,0,0,0,0,3674315430415262182,1691.695083,38.707541,UNCHECKED
1080p,17,val_017.png,1920,1080,2073600,max_tree,8,proposed,0,0,210.409541,106211,106211,106211,proposed,0,0,0,0,0,0,0,15919070642504260421,345.207333,40.555000,UNCHECKED
1080p,17,val_017.png,1920,1080,2073600,max_tree,8,ref6,0,1,198.110041,106211,106211,106211,proposed,0,0,0,0,0,0,0,15919070642504260421,345.207333,40.555000,UNCHECKED
1080p,17,val_017.png,1920,1080,2073600,max_tree,8,ref6,1,0,196.666417,106211,106211,106211,proposed,0,0,0,0,0,0,0,15919070642504260421,345.207333,40.555000,UNCHECKED
1080p,17,val_017.png,1920,1080,2073600,max_tree,8,proposed,1,1,222.115584,106211,106211,106211,proposed,0,0,0,0,0,0,0,15919070642504260421,345.207333,40.555000,UNCHECKED
1080p,17,val_017.png,1920,1080,2073600,max_tree,8,proposed,2,0,218.721875,106211,106211,106211,proposed,0,0,0,0,0,0,0,15919070642504260421,345.207333,40.555000,UNCHECKED
1080p,17,val_017.png,1920,1080,2073600,max_tree,8,ref6,2,1,199.716125,106211,106211,106211,proposed,0,0,0,0,0,0,0,15919070642504260421,345.207333,40.555000,UNCHECKED
1080p,17,val_017.png,1920,1080,2073600,min_tree,8,ref6,0,0,195.529708,84086,84086,84086,proposed,0,0,0,0,0,0,0,8894524968780938683,345.494166,51.390833,UNCHECKED
1080p,17,val_017.png,1920,1080,2073600,min_tree,8,proposed,0,1,213.805541,84086,84086,84086,proposed,0,0,0,0,0,0,0,8894524968780938683,345.494166,51.390833,UNCHECKED
1080p,17,val_017.png,1920,1080,2073600,min_tree,8,proposed,1,0,201.269917,84086,84086,84086,proposed,0,0,0,0,0,0,0,8894524968780938683,345.494166,51.390833,UNCHECKED
1080p,17,val_017.png,1920,1080,2073600,min_tree,8,ref6,1,1,196.444208,84086,84086,84086,proposed,0,0,0,0,0,0,0,8894524968780938683,345.494166,51.390833,UNCHECKED
1080p,17,val_017.png,1920,1080,2073600,min_tree,8,ref6,2,0,184.034167,84086,84086,84086,proposed,0,0,0,0,0,0,0,8894524968780938683,345.494166,51.390833,UNCHECKED
1080p,17,val_017.png,1920,1080,2073600,min_tree,8,proposed,2,1,202.292666,84086,84086,84086,proposed,0,0,0,0,0,0,0,8894524968780938683,345.494166,51.390833,UNCHECKED
1080p,17,val_017.png,1920,1080,2073600,tree_of_shapes,4/8,proposed,0,0,217.659542,206700,206700,206700,proposed,0,0,0,0,0,0,0,5152937787428257678,1787.387416,26.045917,UNCHECKED
1080p,17,val_017.png,1920,1080,2073600,tree_of_shapes,4/8,ref5_original,0,1,2910.340375,206700,206700,206700,proposed,19173,2192,18689,18839,0,0,215,5348916315842790113,1787.387416,26.045917,UNCHECKED
1080p,17,val_017.png,1920,1080,2073600,tree_of_shapes,4/8,ref5_original,1,0,2867.940667,206700,206700,206700,proposed,19173,2192,18689,18839,0,0,215,5348916315842790113,1787.387416,26.045917,UNCHECKED
1080p,17,val_017.png,1920,1080,2073600,tree_of_shapes,4/8,proposed,1,1,223.721000,206700,206700,206700,proposed,0,0,0,0,0,0,0,5152937787428257678,1787.387416,26.045917,UNCHECKED
1080p,17,val_017.png,1920,1080,2073600,tree_of_shapes,4/8,proposed,2,0,223.125417,206700,206700,206700,proposed,0,0,0,0,0,0,0,5152937787428257678,1787.387416,26.045917,UNCHECKED
1080p,17,val_017.png,1920,1080,2073600,tree_of_shapes,4/8,ref5_original,2,1,2909.940917,206700,206700,206700,proposed,19173,2192,18689,18839,0,0,215,5348916315842790113,1787.387416,26.045917,UNCHECKED
1080p,18,val_018.png,1920,1080,2073600,max_tree,8,ref6,0,0,190.317958,80733,80733,80733,proposed,0,0,0,0,0,0,0,11224830533022100277,341.083500,57.891375,UNCHECKED
1080p,18,val_018.png,1920,1080,2073600,max_tree,8,proposed,0,1,227.451917,80733,80733,80733,proposed,0,0,0,0,0,0,0,11224830533022100277,341.083500,57.891375,UNCHECKED
1080p,18,val_018.png,1920,1080,2073600,max_tree,8,proposed,1,0,228.320834,80733,80733,80733,proposed,0,0,0,0,0,0,0,11224830533022100277,341.083500,57.891375,UNCHECKED
1080p,18,val_018.png,1920,1080,2073600,max_tree,8,ref6,1,1,210.935750,80733,80733,80733,proposed,0,0,0,0,0,0,0,11224830533022100277,341.083500,57.891375,UNCHECKED
1080p,18,val_018.png,1920,1080,2073600,max_tree,8,ref6,2,0,204.817250,80733,80733,80733,proposed,0,0,0,0,0,0,0,11224830533022100277,341.083500,57.891375,UNCHECKED
1080p,18,val_018.png,1920,1080,2073600,max_tree,8,proposed,2,1,227.993333,80733,80733,80733,proposed,0,0,0,0,0,0,0,11224830533022100277,341.083500,57.891375,UNCHECKED
1080p,18,val_018.png,1920,1080,2073600,min_tree,8,proposed,0,0,228.331583,73854,73854,73854,proposed,0,0,0,0,0,0,0,14670449393984432889,332.915084,67.334541,UNCHECKED
1080p,18,val_018.png,1920,1080,2073600,min_tree,8,ref6,0,1,210.078416,73854,73854,73854,proposed,0,0,0,0,0,0,0,14670449393984432889,332.915084,67.334541,UNCHECKED
1080p,18,val_018.png,1920,1080,2073600,min_tree,8,ref6,1,0,195.261375,73854,73854,73854,proposed,0,0,0,0,0,0,0,14670449393984432889,332.915084,67.334541,UNCHECKED
1080p,18,val_018.png,1920,1080,2073600,min_tree,8,proposed,1,1,228.400583,73854,73854,73854,proposed,0,0,0,0,0,0,0,14670449393984432889,332.915084,67.334541,UNCHECKED
1080p,18,val_018.png,1920,1080,2073600,min_tree,8,proposed,2,0,227.666000,73854,73854,73854,proposed,0,0,0,0,0,0,0,14670449393984432889,332.915084,67.334541,UNCHECKED
1080p,18,val_018.png,1920,1080,2073600,min_tree,8,ref6,2,1,188.001833,73854,73854,73854,proposed,0,0,0,0,0,0,0,14670449393984432889,332.915084,67.334541,UNCHECKED
1080p,18,val_018.png,1920,1080,2073600,tree_of_shapes,4/8,ref5_original,0,0,2881.454583,176111,176111,176111,proposed,12658,2078,12052,12299,0,0,232,10290994235397508171,1778.171792,30.896292,UNCHECKED
1080p,18,val_018.png,1920,1080,2073600,tree_of_shapes,4/8,proposed,0,1,216.472584,176111,176111,176111,proposed,0,0,0,0,0,0,0,8508582470219758245,1778.171792,30.896292,UNCHECKED
1080p,18,val_018.png,1920,1080,2073600,tree_of_shapes,4/8,proposed,1,0,214.142500,176111,176111,176111,proposed,0,0,0,0,0,0,0,8508582470219758245,1778.171792,30.896292,UNCHECKED
1080p,18,val_018.png,1920,1080,2073600,tree_of_shapes,4/8,ref5_original,1,1,2901.068917,176111,176111,176111,proposed,12658,2078,12052,12299,0,0,232,10290994235397508171,1778.171792,30.896292,UNCHECKED
1080p,18,val_018.png,1920,1080,2073600,tree_of_shapes,4/8,ref5_original,2,0,2897.345708,176111,176111,176111,proposed,12658,2078,12052,12299,0,0,232,10290994235397508171,1778.171792,30.896292,UNCHECKED
1080p,18,val_018.png,1920,1080,2073600,tree_of_shapes,4/8,proposed,2,1,219.080208,176111,176111,176111,proposed,0,0,0,0,0,0,0,8508582470219758245,1778.171792,30.896292,UNCHECKED
1080p,19,val_019.png,1920,1080,2073600,max_tree,8,proposed,0,0,243.395875,163786,163786,163786,proposed,0,0,0,0,0,0,0,16224411937265052766,372.966125,25.544625,UNCHECKED
1080p,19,val_019.png,1920,1080,2073600,max_tree,8,ref6,0,1,212.404167,163786,163786,163786,proposed,0,0,0,0,0,0,0,16224411937265052766,372.966125,25.544625,UNCHECKED
1080p,19,val_019.png,1920,1080,2073600,max_tree,8,ref6,1,0,198.935667,163786,163786,163786,proposed,0,0,0,0,0,0,0,16224411937265052766,372.966125,25.544625,UNCHECKED
1080p,19,val_019.png,1920,1080,2073600,max_tree,8,proposed,1,1,242.236625,163786,163786,163786,proposed,0,0,0,0,0,0,0,16224411937265052766,372.966125,25.544625,UNCHECKED
1080p,19,val_019.png,1920,1080,2073600,max_tree,8,proposed,2,0,242.630875,163786,163786,163786,proposed,0,0,0,0,0,0,0,16224411937265052766,372.966125,25.544625,UNCHECKED
1080p,19,val_019.png,1920,1080,2073600,max_tree,8,ref6,2,1,204.861500,163786,163786,163786,proposed,0,0,0,0,0,0,0,16224411937265052766,372.966125,25.544625,UNCHECKED
1080p,19,val_019.png,1920,1080,2073600,min_tree,8,ref6,0,0,189.997417,154746,154746,154746,proposed,0,0,0,0,0,0,0,14925180932119700909,371.448833,31.257917,UNCHECKED
1080p,19,val_019.png,1920,1080,2073600,min_tree,8,proposed,0,1,227.708875,154746,154746,154746,proposed,0,0,0,0,0,0,0,14925180932119700909,371.448833,31.257917,UNCHECKED
1080p,19,val_019.png,1920,1080,2073600,min_tree,8,proposed,1,0,232.232917,154746,154746,154746,proposed,0,0,0,0,0,0,0,14925180932119700909,371.448833,31.257917,UNCHECKED
1080p,19,val_019.png,1920,1080,2073600,min_tree,8,ref6,1,1,209.907458,154746,154746,154746,proposed,0,0,0,0,0,0,0,14925180932119700909,371.448833,31.257917,UNCHECKED
1080p,19,val_019.png,1920,1080,2073600,min_tree,8,ref6,2,0,200.296041,154746,154746,154746,proposed,0,0,0,0,0,0,0,14925180932119700909,371.448833,31.257917,UNCHECKED
1080p,19,val_019.png,1920,1080,2073600,min_tree,8,proposed,2,1,237.030000,154746,154746,154746,proposed,0,0,0,0,0,0,0,14925180932119700909,371.448833,31.257917,UNCHECKED
1080p,19,val_019.png,1920,1080,2073600,tree_of_shapes,4/8,proposed,0,0,269.204958,348979,348979,348979,proposed,0,0,0,0,0,0,0,14905730150081896801,1887.519792,26.778166,UNCHECKED
1080p,19,val_019.png,1920,1080,2073600,tree_of_shapes,4/8,ref5_original,0,1,3091.713458,348979,348979,348979,proposed,36485,4535,35676,35793,0,0,277,16462646792783108846,1887.519792,26.778166,UNCHECKED
1080p,19,val_019.png,1920,1080,2073600,tree_of_shapes,4/8,ref5_original,1,0,3072.026792,348979,348979,348979,proposed,36485,4535,35676,35793,0,0,277,16462646792783108846,1887.519792,26.778166,UNCHECKED
1080p,19,val_019.png,1920,1080,2073600,tree_of_shapes,4/8,proposed,1,1,276.674250,348979,348979,348979,proposed,0,0,0,0,0,0,0,14905730150081896801,1887.519792,26.778166,UNCHECKED
1080p,19,val_019.png,1920,1080,2073600,tree_of_shapes,4/8,proposed,2,0,272.391625,348979,348979,348979,proposed,0,0,0,0,0,0,0,14905730150081896801,1887.519792,26.778166,UNCHECKED
1080p,19,val_019.png,1920,1080,2073600,tree_of_shapes,4/8,ref5_original,2,1,3097.995375,348979,348979,348979,proposed,36485,4535,35676,35793,0,0,277,16462646792783108846,1887.519792,26.778166,UNCHECKED
1080p,20,val_020.png,1920,1080,2073600,max_tree,8,ref6,0,0,198.448917,170194,170194,170194,proposed,0,0,0,0,0,0,0,3802718441479240169,361.177000,32.659167,UNCHECKED
1080p,20,val_020.png,1920,1080,2073600,max_tree,8,proposed,0,1,213.726500,170194,170194,170194,proposed,0,0,0,0,0,0,0,3802718441479240169,361.177000,32.659167,UNCHECKED
1080p,20,val_020.png,1920,1080,2073600,max_tree,8,proposed,1,0,197.388125,170194,170194,170194,proposed,0,0,0,0,0,0,0,3802718441479240169,361.177000,32.659167,UNCHECKED
1080p,20,val_020.png,1920,1080,2073600,max_tree,8,ref6,1,1,204.531500,170194,170194,170194,proposed,0,0,0,0,0,0,0,3802718441479240169,361.177000,32.659167,UNCHECKED
1080p,20,val_020.png,1920,1080,2073600,max_tree,8,ref6,2,0,191.832166,170194,170194,170194,proposed,0,0,0,0,0,0,0,3802718441479240169,361.177000,32.659167,UNCHECKED
1080p,20,val_020.png,1920,1080,2073600,max_tree,8,proposed,2,1,212.416125,170194,170194,170194,proposed,0,0,0,0,0,0,0,3802718441479240169,361.177000,32.659167,UNCHECKED
1080p,20,val_020.png,1920,1080,2073600,min_tree,8,proposed,0,0,199.437166,138021,138021,138021,proposed,0,0,0,0,0,0,0,14563609335798150099,353.062250,36.283250,UNCHECKED
1080p,20,val_020.png,1920,1080,2073600,min_tree,8,ref6,0,1,196.080333,138021,138021,138021,proposed,0,0,0,0,0,0,0,14563609335798150099,353.062250,36.283250,UNCHECKED
1080p,20,val_020.png,1920,1080,2073600,min_tree,8,ref6,1,0,199.107583,138021,138021,138021,proposed,0,0,0,0,0,0,0,14563609335798150099,353.062250,36.283250,UNCHECKED
1080p,20,val_020.png,1920,1080,2073600,min_tree,8,proposed,1,1,200.731584,138021,138021,138021,proposed,0,0,0,0,0,0,0,14563609335798150099,353.062250,36.283250,UNCHECKED
1080p,20,val_020.png,1920,1080,2073600,min_tree,8,proposed,2,0,197.090500,138021,138021,138021,proposed,0,0,0,0,0,0,0,14563609335798150099,353.062250,36.283250,UNCHECKED
1080p,20,val_020.png,1920,1080,2073600,min_tree,8,ref6,2,1,196.088917,138021,138021,138021,proposed,0,0,0,0,0,0,0,14563609335798150099,353.062250,36.283250,UNCHECKED
1080p,20,val_020.png,1920,1080,2073600,tree_of_shapes,4/8,ref5_original,0,0,2947.718000,335513,335513,335513,proposed,35650,5244,34827,34911,0,0,441,15984833465426661592,1854.042250,32.014583,UNCHECKED
1080p,20,val_020.png,1920,1080,2073600,tree_of_shapes,4/8,proposed,0,1,242.685292,335513,335513,335513,proposed,0,0,0,0,0,0,0,6495273524468787158,1854.042250,32.014583,UNCHECKED
1080p,20,val_020.png,1920,1080,2073600,tree_of_shapes,4/8,proposed,1,0,244.119375,335513,335513,335513,proposed,0,0,0,0,0,0,0,6495273524468787158,1854.042250,32.014583,UNCHECKED
1080p,20,val_020.png,1920,1080,2073600,tree_of_shapes,4/8,ref5_original,1,1,2953.258834,335513,335513,335513,proposed,35650,5244,34827,34911,0,0,441,15984833465426661592,1854.042250,32.014583,UNCHECKED
1080p,20,val_020.png,1920,1080,2073600,tree_of_shapes,4/8,ref5_original,2,0,2975.159084,335513,335513,335513,proposed,35650,5244,34827,34911,0,0,441,15984833465426661592,1854.042250,32.014583,UNCHECKED
1080p,20,val_020.png,1920,1080,2073600,tree_of_shapes,4/8,proposed,2,1,247.036084,335513,335513,335513,proposed,0,0,0,0,0,0,0,6495273524468787158,1854.042250,32.014583,UNCHECKED
1080p,21,val_021.png,1920,1080,2073600,max_tree,8,proposed,0,0,234.200083,178126,178126,178126,proposed,0,0,0,0,0,0,0,7907542825276757006,379.947417,33.516958,UNCHECKED
1080p,21,val_021.png,1920,1080,2073600,max_tree,8,ref6,0,1,191.987875,178126,178126,178126,proposed,0,0,0,0,0,0,0,7907542825276757006,379.947417,33.516958,UNCHECKED
1080p,21,val_021.png,1920,1080,2073600,max_tree,8,ref6,1,0,190.653916,178126,178126,178126,proposed,0,0,0,0,0,0,0,7907542825276757006,379.947417,33.516958,UNCHECKED
1080p,21,val_021.png,1920,1080,2073600,max_tree,8,proposed,1,1,239.139750,178126,178126,178126,proposed,0,0,0,0,0,0,0,7907542825276757006,379.947417,33.516958,UNCHECKED
1080p,21,val_021.png,1920,1080,2073600,max_tree,8,proposed,2,0,241.624667,178126,178126,178126,proposed,0,0,0,0,0,0,0,7907542825276757006,379.947417,33.516958,UNCHECKED
1080p,21,val_021.png,1920,1080,2073600,max_tree,8,ref6,2,1,214.887834,178126,178126,178126,proposed,0,0,0,0,0,0,0,7907542825276757006,379.947417,33.516958,UNCHECKED
1080p,21,val_021.png,1920,1080,2073600,min_tree,8,ref6,0,0,208.535375,127489,127489,127489,proposed,0,0,0,0,0,0,0,8599517712949192557,373.454292,34.498083,UNCHECKED
1080p,21,val_021.png,1920,1080,2073600,min_tree,8,proposed,0,1,235.323000,127489,127489,127489,proposed,0,0,0,0,0,0,0,8599517712949192557,373.454292,34.498083,UNCHECKED
1080p,21,val_021.png,1920,1080,2073600,min_tree,8,proposed,1,0,231.151208,127489,127489,127489,proposed,0,0,0,0,0,0,0,8599517712949192557,373.454292,34.498083,UNCHECKED
1080p,21,val_021.png,1920,1080,2073600,min_tree,8,ref6,1,1,199.380500,127489,127489,127489,proposed,0,0,0,0,0,0,0,8599517712949192557,373.454292,34.498083,UNCHECKED
1080p,21,val_021.png,1920,1080,2073600,min_tree,8,ref6,2,0,197.800083,127489,127489,127489,proposed,0,0,0,0,0,0,0,8599517712949192557,373.454292,34.498083,UNCHECKED
1080p,21,val_021.png,1920,1080,2073600,min_tree,8,proposed,2,1,231.151125,127489,127489,127489,proposed,0,0,0,0,0,0,0,8599517712949192557,373.454292,34.498083,UNCHECKED
1080p,21,val_021.png,1920,1080,2073600,tree_of_shapes,4/8,proposed,0,0,257.208625,330906,330906,330906,proposed,0,0,0,0,0,0,0,17302022634309942424,1874.661666,27.165250,UNCHECKED
1080p,21,val_021.png,1920,1080,2073600,tree_of_shapes,4/8,ref5_original,0,1,2992.990084,330906,330906,330906,proposed,28313,3588,27396,27736,0,0,180,4865833825459737810,1874.661666,27.165250,UNCHECKED
1080p,21,val_021.png,1920,1080,2073600,tree_of_shapes,4/8,ref5_original,1,0,3002.532375,330906,330906,330906,proposed,28313,3588,27396,27736,0,0,180,4865833825459737810,1874.661666,27.165250,UNCHECKED
1080p,21,val_021.png,1920,1080,2073600,tree_of_shapes,4/8,proposed,1,1,258.101417,330906,330906,330906,proposed,0,0,0,0,0,0,0,17302022634309942424,1874.661666,27.165250,UNCHECKED
1080p,21,val_021.png,1920,1080,2073600,tree_of_shapes,4/8,proposed,2,0,261.552500,330906,330906,330906,proposed,0,0,0,0,0,0,0,17302022634309942424,1874.661666,27.165250,UNCHECKED
1080p,21,val_021.png,1920,1080,2073600,tree_of_shapes,4/8,ref5_original,2,1,3025.287833,330906,330906,330906,proposed,28313,3588,27396,27736,0,0,180,4865833825459737810,1874.661666,27.165250,UNCHECKED
1080p,22,val_022.png,1920,1080,2073600,max_tree,8,ref6,0,0,190.741375,219621,219621,219621,proposed,0,0,0,0,0,0,0,706847726173823014,389.624083,25.406333,UNCHECKED
1080p,22,val_022.png,1920,1080,2073600,max_tree,8,proposed,0,1,229.280375,219621,219621,219621,proposed,0,0,0,0,0,0,0,706847726173823014,389.624083,25.406333,UNCHECKED
1080p,22,val_022.png,1920,1080,2073600,max_tree,8,proposed,1,0,229.409334,219621,219621,219621,proposed,0,0,0,0,0,0,0,706847726173823014,389.624083,25.406333,UNCHECKED
1080p,22,val_022.png,1920,1080,2073600,max_tree,8,ref6,1,1,192.785833,219621,219621,219621,proposed,0,0,0,0,0,0,0,706847726173823014,389.624083,25.406333,UNCHECKED
1080p,22,val_022.png,1920,1080,2073600,max_tree,8,ref6,2,0,191.632000,219621,219621,219621,proposed,0,0,0,0,0,0,0,706847726173823014,389.624083,25.406333,UNCHECKED
1080p,22,val_022.png,1920,1080,2073600,max_tree,8,proposed,2,1,230.759416,219621,219621,219621,proposed,0,0,0,0,0,0,0,706847726173823014,389.624083,25.406333,UNCHECKED
1080p,22,val_022.png,1920,1080,2073600,min_tree,8,proposed,0,0,235.467792,190456,190456,190456,proposed,0,0,0,0,0,0,0,13781064650383503005,376.379334,25.774291,UNCHECKED
1080p,22,val_022.png,1920,1080,2073600,min_tree,8,ref6,0,1,192.528292,190456,190456,190456,proposed,0,0,0,0,0,0,0,13781064650383503005,376.379334,25.774291,UNCHECKED
1080p,22,val_022.png,1920,1080,2073600,min_tree,8,ref6,1,0,190.355625,190456,190456,190456,proposed,0,0,0,0,0,0,0,13781064650383503005,376.379334,25.774291,UNCHECKED
1080p,22,val_022.png,1920,1080,2073600,min_tree,8,proposed,1,1,215.313458,190456,190456,190456,proposed,0,0,0,0,0,0,0,13781064650383503005,376.379334,25.774291,UNCHECKED
1080p,22,val_022.png,1920,1080,2073600,min_tree,8,proposed,2,0,216.069375,190456,190456,190456,proposed,0,0,0,0,0,0,0,13781064650383503005,376.379334,25.774291,UNCHECKED
1080p,22,val_022.png,1920,1080,2073600,min_tree,8,ref6,2,1,191.859334,190456,190456,190456,proposed,0,0,0,0,0,0,0,13781064650383503005,376.379334,25.774291,UNCHECKED
1080p,22,val_022.png,1920,1080,2073600,tree_of_shapes,4/8,ref5_original,0,0,3057.364083,450390,450390,450390,proposed,50323,8188,49043,49191,0,0,770,16236000118464666005,2047.505875,36.348708,UNCHECKED
1080p,22,val_022.png,1920,1080,2073600,tree_of_shapes,4/8,proposed,0,1,297.827833,450390,450390,450390,proposed,0,0,0,0,0,0,0,437934589129284108,2047.505875,36.348708,UNCHECKED
1080p,22,val_022.png,1920,1080,2073600,tree_of_shapes,4/8,proposed,1,0,302.207917,450390,450390,450390,proposed,0,0,0,0,0,0,0,437934589129284108,2047.505875,36.348708,UNCHECKED
1080p,22,val_022.png,1920,1080,2073600,tree_of_shapes,4/8,ref5_original,1,1,3073.373291,450390,450390,450390,proposed,50323,8188,49043,49191,0,0,770,16236000118464666005,2047.505875,36.348708,UNCHECKED
1080p,22,val_022.png,1920,1080,2073600,tree_of_shapes,4/8,ref5_original,2,0,3087.784167,450390,450390,450390,proposed,50323,8188,49043,49191,0,0,770,16236000118464666005,2047.505875,36.348708,UNCHECKED
1080p,22,val_022.png,1920,1080,2073600,tree_of_shapes,4/8,proposed,2,1,296.336916,450390,450390,450390,proposed,0,0,0,0,0,0,0,437934589129284108,2047.505875,36.348708,UNCHECKED
1080p,23,val_023.png,1920,1080,2073600,max_tree,8,proposed,0,0,210.491583,197080,197080,197080,proposed,0,0,0,0,0,0,0,68249499076551441,367.234250,26.820333,UNCHECKED
1080p,23,val_023.png,1920,1080,2073600,max_tree,8,ref6,0,1,202.022541,197080,197080,197080,proposed,0,0,0,0,0,0,0,68249499076551441,367.234250,26.820333,UNCHECKED
1080p,23,val_023.png,1920,1080,2073600,max_tree,8,ref6,1,0,203.351000,197080,197080,197080,proposed,0,0,0,0,0,0,0,68249499076551441,367.234250,26.820333,UNCHECKED
1080p,23,val_023.png,1920,1080,2073600,max_tree,8,proposed,1,1,217.652625,197080,197080,197080,proposed,0,0,0,0,0,0,0,68249499076551441,367.234250,26.820333,UNCHECKED
1080p,23,val_023.png,1920,1080,2073600,max_tree,8,proposed,2,0,212.017667,197080,197080,197080,proposed,0,0,0,0,0,0,0,68249499076551441,367.234250,26.820333,UNCHECKED
1080p,23,val_023.png,1920,1080,2073600,max_tree,8,ref6,2,1,203.750166,197080,197080,197080,proposed,0,0,0,0,0,0,0,68249499076551441,367.234250,26.820333,UNCHECKED
1080p,23,val_023.png,1920,1080,2073600,min_tree,8,ref6,0,0,203.819083,170969,170969,170969,proposed,0,0,0,0,0,0,0,5579399710782784331,371.543916,28.283333,UNCHECKED
1080p,23,val_023.png,1920,1080,2073600,min_tree,8,proposed,0,1,208.383167,170969,170969,170969,proposed,0,0,0,0,0,0,0,5579399710782784331,371.543916,28.283333,UNCHECKED
1080p,23,val_023.png,1920,1080,2073600,min_tree,8,proposed,1,0,207.473500,170969,170969,170969,proposed,0,0,0,0,0,0,0,5579399710782784331,371.543916,28.283333,UNCHECKED
1080p,23,val_023.png,1920,1080,2073600,min_tree,8,ref6,1,1,200.700625,170969,170969,170969,proposed,0,0,0,0,0,0,0,5579399710782784331,371.543916,28.283333,UNCHECKED
1080p,23,val_023.png,1920,1080,2073600,min_tree,8,ref6,2,0,199.951500,170969,170969,170969,proposed,0,0,0,0,0,0,0,5579399710782784331,371.543916,28.283333,UNCHECKED
1080p,23,val_023.png,1920,1080,2073600,min_tree,8,proposed,2,1,208.853417,170969,170969,170969,proposed,0,0,0,0,0,0,0,5579399710782784331,371.543916,28.283333,UNCHECKED
1080p,23,val_023.png,1920,1080,2073600,tree_of_shapes,4/8,proposed,0,0,277.268959,400050,400050,400050,proposed,0,0,0,0,0,0,0,12574857450731256147,1951.311541,31.526542,UNCHECKED
1080p,23,val_023.png,1920,1080,2073600,tree_of_shapes,4/8,ref5_original,0,1,3026.821875,400050,400050,400050,proposed,49155,5661,48355,48344,0,0,499,1188142495487026625,1951.311541,31.526542,UNCHECKED
1080p,23,val_023.png,1920,1080,2073600,tree_of_shapes,4/8,ref5_original,1,0,3023.601125,400050,400050,400050,proposed,49155,5661,48355,48344,0,0,499,1188142495487026625,1951.311541,31.526542,UNCHECKED
1080p,23,val_023.png,1920,1080,2073600,tree_of_shapes,4/8,proposed,1,1,269.026709,400050,400050,400050,proposed,0,0,0,0,0,0,0,12574857450731256147,1951.311541,31.526542,UNCHECKED
1080p,23,val_023.png,1920,1080,2073600,tree_of_shapes,4/8,proposed,2,0,267.851458,400050,400050,400050,proposed,0,0,0,0,0,0,0,12574857450731256147,1951.311541,31.526542,UNCHECKED
1080p,23,val_023.png,1920,1080,2073600,tree_of_shapes,4/8,ref5_original,2,1,3031.222375,400050,400050,400050,proposed,49155,5661,48355,48344,0,0,499,1188142495487026625,1951.311541,31.526542,UNCHECKED
1080p,24,val_024.png,1920,1080,2073600,max_tree,8,ref6,0,0,201.053542,102603,102603,102603,proposed,0,0,0,0,0,0,0,11769824856804165841,350.771833,39.854833,UNCHECKED
1080p,24,val_024.png,1920,1080,2073600,max_tree,8,proposed,0,1,206.774959,102603,102603,102603,proposed,0,0,0,0,0,0,0,11769824856804165841,350.771833,39.854833,UNCHECKED
1080p,24,val_024.png,1920,1080,2073600,max_tree,8,proposed,1,0,221.120875,102603,102603,102603,proposed,0,0,0,0,0,0,0,11769824856804165841,350.771833,39.854833,UNCHECKED
1080p,24,val_024.png,1920,1080,2073600,max_tree,8,ref6,1,1,207.587000,102603,102603,102603,proposed,0,0,0,0,0,0,0,11769824856804165841,350.771833,39.854833,UNCHECKED
1080p,24,val_024.png,1920,1080,2073600,max_tree,8,ref6,2,0,205.493125,102603,102603,102603,proposed,0,0,0,0,0,0,0,11769824856804165841,350.771833,39.854833,UNCHECKED
1080p,24,val_024.png,1920,1080,2073600,max_tree,8,proposed,2,1,221.693458,102603,102603,102603,proposed,0,0,0,0,0,0,0,11769824856804165841,350.771833,39.854833,UNCHECKED
1080p,24,val_024.png,1920,1080,2073600,min_tree,8,proposed,0,0,200.001042,77190,77190,77190,proposed,0,0,0,0,0,0,0,668693297372149295,332.990000,60.502667,UNCHECKED
1080p,24,val_024.png,1920,1080,2073600,min_tree,8,ref6,0,1,190.715625,77190,77190,77190,proposed,0,0,0,0,0,0,0,668693297372149295,332.990000,60.502667,UNCHECKED
1080p,24,val_024.png,1920,1080,2073600,min_tree,8,ref6,1,0,200.072583,77190,77190,77190,proposed,0,0,0,0,0,0,0,668693297372149295,332.990000,60.502667,UNCHECKED
1080p,24,val_024.png,1920,1080,2073600,min_tree,8,proposed,1,1,216.337500,77190,77190,77190,proposed,0,0,0,0,0,0,0,668693297372149295,332.990000,60.502667,UNCHECKED
1080p,24,val_024.png,1920,1080,2073600,min_tree,8,proposed,2,0,200.992833,77190,77190,77190,proposed,0,0,0,0,0,0,0,668693297372149295,332.990000,60.502667,UNCHECKED
1080p,24,val_024.png,1920,1080,2073600,min_tree,8,ref6,2,1,185.974375,77190,77190,77190,proposed,0,0,0,0,0,0,0,668693297372149295,332.990000,60.502667,UNCHECKED
1080p,24,val_024.png,1920,1080,2073600,tree_of_shapes,4/8,ref5_original,0,0,2843.684583,194489,194489,194489,proposed,16010,1913,15566,15688,0,0,221,12507030648232637822,1758.143875,27.204042,UNCHECKED
1080p,24,val_024.png,1920,1080,2073600,tree_of_shapes,4/8,proposed,0,1,210.027209,194489,194489,194489,proposed,0,0,0,0,0,0,0,5957692043201644601,1758.143875,27.204042,UNCHECKED
1080p,24,val_024.png,1920,1080,2073600,tree_of_shapes,4/8,proposed,1,0,208.203917,194489,194489,194489,proposed,0,0,0,0,0,0,0,5957692043201644601,1758.143875,27.204042,UNCHECKED
1080p,24,val_024.png,1920,1080,2073600,tree_of_shapes,4/8,ref5_original,1,1,2875.220333,194489,194489,194489,proposed,16010,1913,15566,15688,0,0,221,12507030648232637822,1758.143875,27.204042,UNCHECKED
1080p,24,val_024.png,1920,1080,2073600,tree_of_shapes,4/8,ref5_original,2,0,2875.769792,194489,194489,194489,proposed,16010,1913,15566,15688,0,0,221,12507030648232637822,1758.143875,27.204042,UNCHECKED
1080p,24,val_024.png,1920,1080,2073600,tree_of_shapes,4/8,proposed,2,1,209.996542,194489,194489,194489,proposed,0,0,0,0,0,0,0,5957692043201644601,1758.143875,27.204042,UNCHECKED
1080p,25,val_025.png,1920,1080,2073600,max_tree,8,proposed,0,0,206.463334,128065,128065,128065,proposed,0,0,0,0,0,0,0,15670904504828374544,365.508292,31.600125,UNCHECKED
1080p,25,val_025.png,1920,1080,2073600,max_tree,8,ref6,0,1,209.440416,128065,128065,128065,proposed,0,0,0,0,0,0,0,15670904504828374544,365.508292,31.600125,UNCHECKED
1080p,25,val_025.png,1920,1080,2073600,max_tree,8,ref6,1,0,205.353083,128065,128065,128065,proposed,0,0,0,0,0,0,0,15670904504828374544,365.508292,31.600125,UNCHECKED
1080p,25,val_025.png,1920,1080,2073600,max_tree,8,proposed,1,1,209.567792,128065,128065,128065,proposed,0,0,0,0,0,0,0,15670904504828374544,365.508292,31.600125,UNCHECKED
1080p,25,val_025.png,1920,1080,2073600,max_tree,8,proposed,2,0,209.279584,128065,128065,128065,proposed,0,0,0,0,0,0,0,15670904504828374544,365.508292,31.600125,UNCHECKED
1080p,25,val_025.png,1920,1080,2073600,max_tree,8,ref6,2,1,208.470084,128065,128065,128065,proposed,0,0,0,0,0,0,0,15670904504828374544,365.508292,31.600125,UNCHECKED
1080p,25,val_025.png,1920,1080,2073600,min_tree,8,ref6,0,0,204.182709,112570,112570,112570,proposed,0,0,0,0,0,0,0,14495897779387449468,364.822875,36.246375,UNCHECKED
1080p,25,val_025.png,1920,1080,2073600,min_tree,8,proposed,0,1,217.964583,112570,112570,112570,proposed,0,0,0,0,0,0,0,14495897779387449468,364.822875,36.246375,UNCHECKED
1080p,25,val_025.png,1920,1080,2073600,min_tree,8,proposed,1,0,211.378500,112570,112570,112570,proposed,0,0,0,0,0,0,0,14495897779387449468,364.822875,36.246375,UNCHECKED
1080p,25,val_025.png,1920,1080,2073600,min_tree,8,ref6,1,1,205.857666,112570,112570,112570,proposed,0,0,0,0,0,0,0,14495897779387449468,364.822875,36.246375,UNCHECKED
1080p,25,val_025.png,1920,1080,2073600,min_tree,8,ref6,2,0,203.856750,112570,112570,112570,proposed,0,0,0,0,0,0,0,14495897779387449468,364.822875,36.246375,UNCHECKED
1080p,25,val_025.png,1920,1080,2073600,min_tree,8,proposed,2,1,212.062791,112570,112570,112570,proposed,0,0,0,0,0,0,0,14495897779387449468,364.822875,36.246375,UNCHECKED
1080p,25,val_025.png,1920,1080,2073600,tree_of_shapes,4/8,proposed,0,0,240.580292,262786,262786,262786,proposed,0,0,0,0,0,0,0,4031840903565073891,1861.335459,24.281500,UNCHECKED
1080p,25,val_025.png,1920,1080,2073600,tree_of_shapes,4/8,ref5_original,0,1,2953.605291,262786,262786,262786,proposed,24642,3442,23857,24215,0,0,378,11628154552062066950,1861.335459,24.281500,UNCHECKED
1080p,25,val_025.png,1920,1080,2073600,tree_of_shapes,4/8,ref5_original,1,0,2952.470833,262786,262786,262786,proposed,24642,3442,23857,24215,0,0,378,11628154552062066950,1861.335459,24.281500,UNCHECKED
1080p,25,val_025.png,1920,1080,2073600,tree_of_shapes,4/8,proposed,1,1,244.348750,262786,262786,262786,proposed,0,0,0,0,0,0,0,4031840903565073891,1861.335459,24.281500,UNCHECKED
1080p,25,val_025.png,1920,1080,2073600,tree_of_shapes,4/8,proposed,2,0,241.893000,262786,262786,262786,proposed,0,0,0,0,0,0,0,4031840903565073891,1861.335459,24.281500,UNCHECKED
1080p,25,val_025.png,1920,1080,2073600,tree_of_shapes,4/8,ref5_original,2,1,2930.970916,262786,262786,262786,proposed,24642,3442,23857,24215,0,0,378,11628154552062066950,1861.335459,24.281500,UNCHECKED
1080p,26,val_026.png,1920,1080,2073600,max_tree,8,ref6,0,0,204.400167,171941,171941,171941,proposed,0,0,0,0,0,0,0,1841104493361318040,362.407417,33.710834,UNCHECKED
1080p,26,val_026.png,1920,1080,2073600,max_tree,8,proposed,0,1,220.229958,171941,171941,171941,proposed,0,0,0,0,0,0,0,1841104493361318040,362.407417,33.710834,UNCHECKED
1080p,26,val_026.png,1920,1080,2073600,max_tree,8,proposed,1,0,221.636666,171941,171941,171941,proposed,0,0,0,0,0,0,0,1841104493361318040,362.407417,33.710834,UNCHECKED
1080p,26,val_026.png,1920,1080,2073600,max_tree,8,ref6,1,1,203.716875,171941,171941,171941,proposed,0,0,0,0,0,0,0,1841104493361318040,362.407417,33.710834,UNCHECKED
1080p,26,val_026.png,1920,1080,2073600,max_tree,8,ref6,2,0,203.322583,171941,171941,171941,proposed,0,0,0,0,0,0,0,1841104493361318040,362.407417,33.710834,UNCHECKED
1080p,26,val_026.png,1920,1080,2073600,max_tree,8,proposed,2,1,206.263417,171941,171941,171941,proposed,0,0,0,0,0,0,0,1841104493361318040,362.407417,33.710834,UNCHECKED
1080p,26,val_026.png,1920,1080,2073600,min_tree,8,proposed,0,0,202.799166,143173,143173,143173,proposed,0,0,0,0,0,0,0,17143147900189661097,362.189959,40.302500,UNCHECKED
1080p,26,val_026.png,1920,1080,2073600,min_tree,8,ref6,0,1,201.894625,143173,143173,143173,proposed,0,0,0,0,0,0,0,17143147900189661097,362.189959,40.302500,UNCHECKED
1080p,26,val_026.png,1920,1080,2073600,min_tree,8,ref6,1,0,198.641042,143173,143173,143173,proposed,0,0,0,0,0,0,0,17143147900189661097,362.189959,40.302500,UNCHECKED
1080p,26,val_026.png,1920,1080,2073600,min_tree,8,proposed,1,1,199.290708,143173,143173,143173,proposed,0,0,0,0,0,0,0,17143147900189661097,362.189959,40.302500,UNCHECKED
1080p,26,val_026.png,1920,1080,2073600,min_tree,8,proposed,2,0,216.128083,143173,143173,143173,proposed,0,0,0,0,0,0,0,17143147900189661097,362.189959,40.302500,UNCHECKED
1080p,26,val_026.png,1920,1080,2073600,min_tree,8,ref6,2,1,198.790125,143173,143173,143173,proposed,0,0,0,0,0,0,0,17143147900189661097,362.189959,40.302500,UNCHECKED
1080p,26,val_026.png,1920,1080,2073600,tree_of_shapes,4/8,ref5_original,0,0,2967.124500,341850,341850,341850,proposed,36451,4001,35777,35799,0,0,529,17119977286015493775,1907.406250,31.578542,UNCHECKED
1080p,26,val_026.png,1920,1080,2073600,tree_of_shapes,4/8,proposed,0,1,272.500459,341850,341850,341850,proposed,0,0,0,0,0,0,0,1598594127768747363,1907.406250,31.578542,UNCHECKED
1080p,26,val_026.png,1920,1080,2073600,tree_of_shapes,4/8,proposed,1,0,2265.920458,341850,341850,341850,proposed,0,0,0,0,0,0,0,1598594127768747363,1907.406250,31.578542,UNCHECKED
1080p,26,val_026.png,1920,1080,2073600,tree_of_shapes,4/8,ref5_original,1,1,4460.944542,341850,341850,341850,proposed,36451,4001,35777,35799,0,0,529,17119977286015493775,1907.406250,31.578542,UNCHECKED
1080p,26,val_026.png,1920,1080,2073600,tree_of_shapes,4/8,ref5_original,2,0,3056.069208,341850,341850,341850,proposed,36451,4001,35777,35799,0,0,529,17119977286015493775,1907.406250,31.578542,UNCHECKED
1080p,26,val_026.png,1920,1080,2073600,tree_of_shapes,4/8,proposed,2,1,319.170417,341850,341850,341850,proposed,0,0,0,0,0,0,0,1598594127768747363,1907.406250,31.578542,UNCHECKED
1080p,27,val_027.png,1920,1080,2073600,max_tree,8,proposed,0,0,623.302583,105715,105715,105715,proposed,0,0,0,0,0,0,0,10546998356799820399,398.299459,45.899375,UNCHECKED
1080p,27,val_027.png,1920,1080,2073600,max_tree,8,ref6,0,1,469.158000,105715,105715,105715,proposed,0,0,0,0,0,0,0,10546998356799820399,398.299459,45.899375,UNCHECKED
1080p,27,val_027.png,1920,1080,2073600,max_tree,8,ref6,1,0,297.057000,105715,105715,105715,proposed,0,0,0,0,0,0,0,10546998356799820399,398.299459,45.899375,UNCHECKED
1080p,27,val_027.png,1920,1080,2073600,max_tree,8,proposed,1,1,249.564500,105715,105715,105715,proposed,0,0,0,0,0,0,0,10546998356799820399,398.299459,45.899375,UNCHECKED
1080p,27,val_027.png,1920,1080,2073600,max_tree,8,proposed,2,0,252.760917,105715,105715,105715,proposed,0,0,0,0,0,0,0,10546998356799820399,398.299459,45.899375,UNCHECKED
1080p,27,val_027.png,1920,1080,2073600,max_tree,8,ref6,2,1,246.487333,105715,105715,105715,proposed,0,0,0,0,0,0,0,10546998356799820399,398.299459,45.899375,UNCHECKED
1080p,27,val_027.png,1920,1080,2073600,min_tree,8,ref6,0,0,230.290583,88019,88019,88019,proposed,0,0,0,0,0,0,0,1036500259010777057,446.810000,55.805791,UNCHECKED
1080p,27,val_027.png,1920,1080,2073600,min_tree,8,proposed,0,1,292.642250,88019,88019,88019,proposed,0,0,0,0,0,0,0,1036500259010777057,446.810000,55.805791,UNCHECKED
1080p,27,val_027.png,1920,1080,2073600,min_tree,8,proposed,1,0,247.429500,88019,88019,88019,proposed,0,0,0,0,0,0,0,1036500259010777057,446.810000,55.805791,UNCHECKED
1080p,27,val_027.png,1920,1080,2073600,min_tree,8,ref6,1,1,213.640792,88019,88019,88019,proposed,0,0,0,0,0,0,0,1036500259010777057,446.810000,55.805791,UNCHECKED
1080p,27,val_027.png,1920,1080,2073600,min_tree,8,ref6,2,0,216.308875,88019,88019,88019,proposed,0,0,0,0,0,0,0,1036500259010777057,446.810000,55.805791,UNCHECKED
1080p,27,val_027.png,1920,1080,2073600,min_tree,8,proposed,2,1,239.242250,88019,88019,88019,proposed,0,0,0,0,0,0,0,1036500259010777057,446.810000,55.805791,UNCHECKED
1080p,27,val_027.png,1920,1080,2073600,tree_of_shapes,4/8,proposed,0,0,246.090125,211374,211374,211374,proposed,0,0,0,0,0,0,0,1304186598820542888,2085.815375,31.997167,UNCHECKED
1080p,27,val_027.png,1920,1080,2073600,tree_of_shapes,4/8,ref5_original,0,1,3062.676167,211374,211374,211374,proposed,18543,2117,18069,18210,0,0,263,12236565655118062274,2085.815375,31.997167,UNCHECKED
1080p,27,val_027.png,1920,1080,2073600,tree_of_shapes,4/8,ref5_original,1,0,3078.077458,211374,211374,211374,proposed,18543,2117,18069,18210,0,0,263,12236565655118062274,2085.815375,31.997167,UNCHECKED
1080p,27,val_027.png,1920,1080,2073600,tree_of_shapes,4/8,proposed,1,1,245.820000,211374,211374,211374,proposed,0,0,0,0,0,0,0,1304186598820542888,2085.815375,31.997167,UNCHECKED
1080p,27,val_027.png,1920,1080,2073600,tree_of_shapes,4/8,proposed,2,0,246.279875,211374,211374,211374,proposed,0,0,0,0,0,0,0,1304186598820542888,2085.815375,31.997167,UNCHECKED
1080p,27,val_027.png,1920,1080,2073600,tree_of_shapes,4/8,ref5_original,2,1,3071.709250,211374,211374,211374,proposed,18543,2117,18069,18210,0,0,263,12236565655118062274,2085.815375,31.997167,UNCHECKED
1080p,28,val_028.png,1920,1080,2073600,max_tree,8,ref6,0,0,216.020458,214333,214333,214333,proposed,0,0,0,0,0,0,0,7917007204511807524,432.913792,29.979334,UNCHECKED
1080p,28,val_028.png,1920,1080,2073600,max_tree,8,proposed,0,1,240.297250,214333,214333,214333,proposed,0,0,0,0,0,0,0,7917007204511807524,432.913792,29.979334,UNCHECKED
1080p,28,val_028.png,1920,1080,2073600,max_tree,8,proposed,1,0,240.713125,214333,214333,214333,proposed,0,0,0,0,0,0,0,7917007204511807524,432.913792,29.979334,UNCHECKED
1080p,28,val_028.png,1920,1080,2073600,max_tree,8,ref6,1,1,216.704917,214333,214333,214333,proposed,0,0,0,0,0,0,0,7917007204511807524,432.913792,29.979334,UNCHECKED
1080p,28,val_028.png,1920,1080,2073600,max_tree,8,ref6,2,0,215.753792,214333,214333,214333,proposed,0,0,0,0,0,0,0,7917007204511807524,432.913792,29.979334,UNCHECKED
1080p,28,val_028.png,1920,1080,2073600,max_tree,8,proposed,2,1,238.924333,214333,214333,214333,proposed,0,0,0,0,0,0,0,7917007204511807524,432.913792,29.979334,UNCHECKED
1080p,28,val_028.png,1920,1080,2073600,min_tree,8,proposed,0,0,238.154667,169376,169376,169376,proposed,0,0,0,0,0,0,0,9396084075978654122,420.212333,32.178000,UNCHECKED
1080p,28,val_028.png,1920,1080,2073600,min_tree,8,ref6,0,1,212.360500,169376,169376,169376,proposed,0,0,0,0,0,0,0,9396084075978654122,420.212333,32.178000,UNCHECKED
1080p,28,val_028.png,1920,1080,2073600,min_tree,8,ref6,1,0,216.122541,169376,169376,169376,proposed,0,0,0,0,0,0,0,9396084075978654122,420.212333,32.178000,UNCHECKED
1080p,28,val_028.png,1920,1080,2073600,min_tree,8,proposed,1,1,274.330500,169376,169376,169376,proposed,0,0,0,0,0,0,0,9396084075978654122,420.212333,32.178000,UNCHECKED
1080p,28,val_028.png,1920,1080,2073600,min_tree,8,proposed,2,0,227.331750,169376,169376,169376,proposed,0,0,0,0,0,0,0,9396084075978654122,420.212333,32.178000,UNCHECKED
1080p,28,val_028.png,1920,1080,2073600,min_tree,8,ref6,2,1,223.758208,169376,169376,169376,proposed,0,0,0,0,0,0,0,9396084075978654122,420.212333,32.178000,UNCHECKED
1080p,28,val_028.png,1920,1080,2073600,tree_of_shapes,4/8,ref5_original,0,0,3217.474791,419065,419065,419065,proposed,42052,5920,40914,41189,0,0,667,3380033929967785147,2221.716875,40.690167,UNCHECKED
1080p,28,val_028.png,1920,1080,2073600,tree_of_shapes,4/8,proposed,0,1,324.374625,419065,419065,419065,proposed,0,0,0,0,0,0,0,6857031703147212202,2221.716875,40.690167,UNCHECKED
1080p,28,val_028.png,1920,1080,2073600,tree_of_shapes,4/8,proposed,1,0,321.306916,419065,419065,419065,proposed,0,0,0,0,0,0,0,6857031703147212202,2221.716875,40.690167,UNCHECKED
1080p,28,val_028.png,1920,1080,2073600,tree_of_shapes,4/8,ref5_original,1,1,3202.360875,419065,419065,419065,proposed,42052,5920,40914,41189,0,0,667,3380033929967785147,2221.716875,40.690167,UNCHECKED
1080p,28,val_028.png,1920,1080,2073600,tree_of_shapes,4/8,ref5_original,2,0,3231.181000,419065,419065,419065,proposed,42052,5920,40914,41189,0,0,667,3380033929967785147,2221.716875,40.690167,UNCHECKED
1080p,28,val_028.png,1920,1080,2073600,tree_of_shapes,4/8,proposed,2,1,325.312625,419065,419065,419065,proposed,0,0,0,0,0,0,0,6857031703147212202,2221.716875,40.690167,UNCHECKED
1080p,29,val_029.png,1920,1080,2073600,max_tree,8,proposed,0,0,238.207167,218215,218215,218215,proposed,0,0,0,0,0,0,0,11344510157199133974,410.529208,27.513750,UNCHECKED
1080p,29,val_029.png,1920,1080,2073600,max_tree,8,ref6,0,1,217.785750,218215,218215,218215,proposed,0,0,0,0,0,0,0,11344510157199133974,410.529208,27.513750,UNCHECKED
1080p,29,val_029.png,1920,1080,2073600,max_tree,8,ref6,1,0,212.505000,218215,218215,218215,proposed,0,0,0,0,0,0,0,11344510157199133974,410.529208,27.513750,UNCHECKED
1080p,29,val_029.png,1920,1080,2073600,max_tree,8,proposed,1,1,232.245542,218215,218215,218215,proposed,0,0,0,0,0,0,0,11344510157199133974,410.529208,27.513750,UNCHECKED
1080p,29,val_029.png,1920,1080,2073600,max_tree,8,proposed,2,0,235.295167,218215,218215,218215,proposed,0,0,0,0,0,0,0,11344510157199133974,410.529208,27.513750,UNCHECKED
1080p,29,val_029.png,1920,1080,2073600,max_tree,8,ref6,2,1,214.097833,218215,218215,218215,proposed,0,0,0,0,0,0,0,11344510157199133974,410.529208,27.513750,UNCHECKED
1080p,29,val_029.png,1920,1080,2073600,min_tree,8,ref6,0,0,221.328000,187387,187387,187387,proposed,0,0,0,0,0,0,0,2889400542000191725,424.217208,32.107333,UNCHECKED
1080p,29,val_029.png,1920,1080,2073600,min_tree,8,proposed,0,1,245.750042,187387,187387,187387,proposed,0,0,0,0,0,0,0,2889400542000191725,424.217208,32.107333,UNCHECKED
1080p,29,val_029.png,1920,1080,2073600,min_tree,8,proposed,1,0,232.996625,187387,187387,187387,proposed,0,0,0,0,0,0,0,2889400542000191725,424.217208,32.107333,UNCHECKED
1080p,29,val_029.png,1920,1080,2073600,min_tree,8,ref6,1,1,211.376417,187387,187387,187387,proposed,0,0,0,0,0,0,0,2889400542000191725,424.217208,32.107333,UNCHECKED
1080p,29,val_029.png,1920,1080,2073600,min_tree,8,ref6,2,0,210.591500,187387,187387,187387,proposed,0,0,0,0,0,0,0,2889400542000191725,424.217208,32.107333,UNCHECKED
1080p,29,val_029.png,1920,1080,2073600,min_tree,8,proposed,2,1,231.594167,187387,187387,187387,proposed,0,0,0,0,0,0,0,2889400542000191725,424.217208,32.107333,UNCHECKED
1080p,29,val_029.png,1920,1080,2073600,tree_of_shapes,4/8,proposed,0,0,332.552459,442510,442510,442510,proposed,0,0,0,0,0,0,0,813169482480674493,2289.965708,42.821875,UNCHECKED
1080p,29,val_029.png,1920,1080,2073600,tree_of_shapes,4/8,ref5_original,0,1,3160.132917,442510,442510,442510,proposed,53576,7562,52137,52286,0,0,390,15390823564116742008,2289.965708,42.821875,UNCHECKED
1080p,29,val_029.png,1920,1080,2073600,tree_of_shapes,4/8,ref5_original,1,0,3196.888042,442510,442510,442510,proposed,53576,7562,52137,52286,0,0,390,15390823564116742008,2289.965708,42.821875,UNCHECKED
1080p,29,val_029.png,1920,1080,2073600,tree_of_shapes,4/8,proposed,1,1,326.656083,442510,442510,442510,proposed,0,0,0,0,0,0,0,813169482480674493,2289.965708,42.821875,UNCHECKED
1080p,29,val_029.png,1920,1080,2073600,tree_of_shapes,4/8,proposed,2,0,324.565625,442510,442510,442510,proposed,0,0,0,0,0,0,0,813169482480674493,2289.965708,42.821875,UNCHECKED
1080p,29,val_029.png,1920,1080,2073600,tree_of_shapes,4/8,ref5_original,2,1,3161.571708,442510,442510,442510,proposed,53576,7562,52137,52286,0,0,390,15390823564116742008,2289.965708,42.821875,UNCHECKED
1080p,30,val_030.png,1920,1080,2073600,max_tree,8,ref6,0,0,214.047250,161670,161670,161670,proposed,0,0,0,0,0,0,0,13977193234277346400,387.562958,33.731334,UNCHECKED
1080p,30,val_030.png,1920,1080,2073600,max_tree,8,proposed,0,1,232.447458,161670,161670,161670,proposed,0,0,0,0,0,0,0,13977193234277346400,387.562958,33.731334,UNCHECKED
1080p,30,val_030.png,1920,1080,2073600,max_tree,8,proposed,1,0,229.492084,161670,161670,161670,proposed,0,0,0,0,0,0,0,13977193234277346400,387.562958,33.731334,UNCHECKED
1080p,30,val_030.png,1920,1080,2073600,max_tree,8,ref6,1,1,213.987083,161670,161670,161670,proposed,0,0,0,0,0,0,0,13977193234277346400,387.562958,33.731334,UNCHECKED
1080p,30,val_030.png,1920,1080,2073600,max_tree,8,ref6,2,0,214.788792,161670,161670,161670,proposed,0,0,0,0,0,0,0,13977193234277346400,387.562958,33.731334,UNCHECKED
1080p,30,val_030.png,1920,1080,2073600,max_tree,8,proposed,2,1,227.534542,161670,161670,161670,proposed,0,0,0,0,0,0,0,13977193234277346400,387.562958,33.731334,UNCHECKED
1080p,30,val_030.png,1920,1080,2073600,min_tree,8,proposed,0,0,228.940125,135285,135285,135285,proposed,0,0,0,0,0,0,0,1402359519710269142,385.549083,42.645667,UNCHECKED
1080p,30,val_030.png,1920,1080,2073600,min_tree,8,ref6,0,1,209.374750,135285,135285,135285,proposed,0,0,0,0,0,0,0,1402359519710269142,385.549083,42.645667,UNCHECKED
1080p,30,val_030.png,1920,1080,2073600,min_tree,8,ref6,1,0,215.978000,135285,135285,135285,proposed,0,0,0,0,0,0,0,1402359519710269142,385.549083,42.645667,UNCHECKED
1080p,30,val_030.png,1920,1080,2073600,min_tree,8,proposed,1,1,226.568708,135285,135285,135285,proposed,0,0,0,0,0,0,0,1402359519710269142,385.549083,42.645667,UNCHECKED
1080p,30,val_030.png,1920,1080,2073600,min_tree,8,proposed,2,0,227.773250,135285,135285,135285,proposed,0,0,0,0,0,0,0,1402359519710269142,385.549083,42.645667,UNCHECKED
1080p,30,val_030.png,1920,1080,2073600,min_tree,8,ref6,2,1,221.842292,135285,135285,135285,proposed,0,0,0,0,0,0,0,1402359519710269142,385.549083,42.645667,UNCHECKED
1080p,30,val_030.png,1920,1080,2073600,tree_of_shapes,4/8,ref5_original,0,0,3089.088375,326856,326856,326856,proposed,29406,2855,28885,28979,0,0,449,11109715644694096524,2113.116167,34.447417,UNCHECKED
1080p,30,val_030.png,1920,1080,2073600,tree_of_shapes,4/8,proposed,0,1,284.422917,326856,326856,326856,proposed,0,0,0,0,0,0,0,8786402932802823160,2113.116167,34.447417,UNCHECKED
1080p,30,val_030.png,1920,1080,2073600,tree_of_shapes,4/8,proposed,1,0,282.668750,326856,326856,326856,proposed,0,0,0,0,0,0,0,8786402932802823160,2113.116167,34.447417,UNCHECKED
1080p,30,val_030.png,1920,1080,2073600,tree_of_shapes,4/8,ref5_original,1,1,3086.570875,326856,326856,326856,proposed,29406,2855,28885,28979,0,0,449,11109715644694096524,2113.116167,34.447417,UNCHECKED
1080p,30,val_030.png,1920,1080,2073600,tree_of_shapes,4/8,ref5_original,2,0,3094.100375,326856,326856,326856,proposed,29406,2855,28885,28979,0,0,449,11109715644694096524,2113.116167,34.447417,UNCHECKED
1080p,30,val_030.png,1920,1080,2073600,tree_of_shapes,4/8,proposed,2,1,279.268333,326856,326856,326856,proposed,0,0,0,0,0,0,0,8786402932802823160,2113.116167,34.447417,UNCHECKED
1080p,31,val_031.png,1920,1080,2073600,max_tree,8,proposed,0,0,210.699042,94087,94087,94087,proposed,0,0,0,0,0,0,0,13355462252746900455,378.008583,44.171959,UNCHECKED
1080p,31,val_031.png,1920,1080,2073600,max_tree,8,ref6,0,1,210.585250,94087,94087,94087,proposed,0,0,0,0,0,0,0,13355462252746900455,378.008583,44.171959,UNCHECKED
1080p,31,val_031.png,1920,1080,2073600,max_tree,8,ref6,1,0,209.342041,94087,94087,94087,proposed,0,0,0,0,0,0,0,13355462252746900455,378.008583,44.171959,UNCHECKED
1080p,31,val_031.png,1920,1080,2073600,max_tree,8,proposed,1,1,208.370667,94087,94087,94087,proposed,0,0,0,0,0,0,0,13355462252746900455,378.008583,44.171959,UNCHECKED
1080p,31,val_031.png,1920,1080,2073600,max_tree,8,proposed,2,0,208.282334,94087,94087,94087,proposed,0,0,0,0,0,0,0,13355462252746900455,378.008583,44.171959,UNCHECKED
1080p,31,val_031.png,1920,1080,2073600,max_tree,8,ref6,2,1,204.532792,94087,94087,94087,proposed,0,0,0,0,0,0,0,13355462252746900455,378.008583,44.171959,UNCHECKED
1080p,31,val_031.png,1920,1080,2073600,min_tree,8,ref6,0,0,206.818500,78256,78256,78256,proposed,0,0,0,0,0,0,0,8218636038216766249,352.011083,48.721500,UNCHECKED
1080p,31,val_031.png,1920,1080,2073600,min_tree,8,proposed,0,1,208.515916,78256,78256,78256,proposed,0,0,0,0,0,0,0,8218636038216766249,352.011083,48.721500,UNCHECKED
1080p,31,val_031.png,1920,1080,2073600,min_tree,8,proposed,1,0,201.889584,78256,78256,78256,proposed,0,0,0,0,0,0,0,8218636038216766249,352.011083,48.721500,UNCHECKED
1080p,31,val_031.png,1920,1080,2073600,min_tree,8,ref6,1,1,205.571250,78256,78256,78256,proposed,0,0,0,0,0,0,0,8218636038216766249,352.011083,48.721500,UNCHECKED
1080p,31,val_031.png,1920,1080,2073600,min_tree,8,ref6,2,0,234.891792,78256,78256,78256,proposed,0,0,0,0,0,0,0,8218636038216766249,352.011083,48.721500,UNCHECKED
1080p,31,val_031.png,1920,1080,2073600,min_tree,8,proposed,2,1,204.002625,78256,78256,78256,proposed,0,0,0,0,0,0,0,8218636038216766249,352.011083,48.721500,UNCHECKED
1080p,31,val_031.png,1920,1080,2073600,tree_of_shapes,4/8,proposed,0,0,218.439500,188793,188793,188793,proposed,0,0,0,0,0,0,0,15508914105339926562,1874.140333,32.328375,UNCHECKED
1080p,31,val_031.png,1920,1080,2073600,tree_of_shapes,4/8,ref5_original,0,1,2921.175334,188793,188793,188793,proposed,17446,2046,17079,17150,0,0,349,10077845990526286055,1874.140333,32.328375,UNCHECKED
1080p,31,val_031.png,1920,1080,2073600,tree_of_shapes,4/8,ref5_original,1,0,2931.276167,188793,188793,188793,proposed,17446,2046,17079,17150,0,0,349,10077845990526286055,1874.140333,32.328375,UNCHECKED
1080p,31,val_031.png,1920,1080,2073600,tree_of_shapes,4/8,proposed,1,1,216.821708,188793,188793,188793,proposed,0,0,0,0,0,0,0,15508914105339926562,1874.140333,32.328375,UNCHECKED
1080p,31,val_031.png,1920,1080,2073600,tree_of_shapes,4/8,proposed,2,0,215.207916,188793,188793,188793,proposed,0,0,0,0,0,0,0,15508914105339926562,1874.140333,32.328375,UNCHECKED
1080p,31,val_031.png,1920,1080,2073600,tree_of_shapes,4/8,ref5_original,2,1,2924.343209,188793,188793,188793,proposed,17446,2046,17079,17150,0,0,349,10077845990526286055,1874.140333,32.328375,UNCHECKED
1080p,32,val_032.png,1920,1080,2073600,max_tree,8,ref6,0,0,204.211875,41666,41666,41666,proposed,0,0,0,0,0,0,0,13664129951407283754,352.900541,63.630834,UNCHECKED
1080p,32,val_032.png,1920,1080,2073600,max_tree,8,proposed,0,1,205.148750,41666,41666,41666,proposed,0,0,0,0,0,0,0,13664129951407283754,352.900541,63.630834,UNCHECKED
1080p,32,val_032.png,1920,1080,2073600,max_tree,8,proposed,1,0,205.592875,41666,41666,41666,proposed,0,0,0,0,0,0,0,13664129951407283754,352.900541,63.630834,UNCHECKED
1080p,32,val_032.png,1920,1080,2073600,max_tree,8,ref6,1,1,199.611250,41666,41666,41666,proposed,0,0,0,0,0,0,0,13664129951407283754,352.900541,63.630834,UNCHECKED
1080p,32,val_032.png,1920,1080,2073600,max_tree,8,ref6,2,0,203.964500,41666,41666,41666,proposed,0,0,0,0,0,0,0,13664129951407283754,352.900541,63.630834,UNCHECKED
1080p,32,val_032.png,1920,1080,2073600,max_tree,8,proposed,2,1,203.175208,41666,41666,41666,proposed,0,0,0,0,0,0,0,13664129951407283754,352.900541,63.630834,UNCHECKED
1080p,32,val_032.png,1920,1080,2073600,min_tree,8,proposed,0,0,186.195917,48506,48506,48506,proposed,0,0,0,0,0,0,0,13518871259918100522,355.234916,60.478667,UNCHECKED
1080p,32,val_032.png,1920,1080,2073600,min_tree,8,ref6,0,1,205.486625,48506,48506,48506,proposed,0,0,0,0,0,0,0,13518871259918100522,355.234916,60.478667,UNCHECKED
1080p,32,val_032.png,1920,1080,2073600,min_tree,8,ref6,1,0,210.011375,48506,48506,48506,proposed,0,0,0,0,0,0,0,13518871259918100522,355.234916,60.478667,UNCHECKED
1080p,32,val_032.png,1920,1080,2073600,min_tree,8,proposed,1,1,194.985583,48506,48506,48506,proposed,0,0,0,0,0,0,0,13518871259918100522,355.234916,60.478667,UNCHECKED
1080p,32,val_032.png,1920,1080,2073600,min_tree,8,proposed,2,0,200.516917,48506,48506,48506,proposed,0,0,0,0,0,0,0,13518871259918100522,355.234916,60.478667,UNCHECKED
1080p,32,val_032.png,1920,1080,2073600,min_tree,8,ref6,2,1,197.599042,48506,48506,48506,proposed,0,0,0,0,0,0,0,13518871259918100522,355.234916,60.478667,UNCHECKED
1080p,32,val_032.png,1920,1080,2073600,tree_of_shapes,4/8,ref5_original,0,0,2890.941500,98402,98402,98402,proposed,8932,1424,8607,8729,0,0,284,12229102597841021494,1892.839250,45.098875,UNCHECKED
1080p,32,val_032.png,1920,1080,2073600,tree_of_shapes,4/8,proposed,0,1,183.835042,98402,98402,98402,proposed,0,0,0,0,0,0,0,10502752897284508834,1892.839250,45.098875,UNCHECKED
1080p,32,val_032.png,1920,1080,2073600,tree_of_shapes,4/8,proposed,1,0,184.014458,98402,98402,98402,proposed,0,0,0,0,0,0,0,10502752897284508834,1892.839250,45.098875,UNCHECKED
1080p,32,val_032.png,1920,1080,2073600,tree_of_shapes,4/8,ref5_original,1,1,2888.610375,98402,98402,98402,proposed,8932,1424,8607,8729,0,0,284,12229102597841021494,1892.839250,45.098875,UNCHECKED
1080p,32,val_032.png,1920,1080,2073600,tree_of_shapes,4/8,ref5_original,2,0,2886.695125,98402,98402,98402,proposed,8932,1424,8607,8729,0,0,284,12229102597841021494,1892.839250,45.098875,UNCHECKED
1080p,32,val_032.png,1920,1080,2073600,tree_of_shapes,4/8,proposed,2,1,185.133667,98402,98402,98402,proposed,0,0,0,0,0,0,0,10502752897284508834,1892.839250,45.098875,UNCHECKED
1080p,33,val_033.png,1920,1080,2073600,max_tree,8,proposed,0,0,226.813875,125414,125414,125414,proposed,0,0,0,0,0,0,0,535125210058312859,376.839875,36.819708,UNCHECKED
1080p,33,val_033.png,1920,1080,2073600,max_tree,8,ref6,0,1,213.618250,125414,125414,125414,proposed,0,0,0,0,0,0,0,535125210058312859,376.839875,36.819708,UNCHECKED
1080p,33,val_033.png,1920,1080,2073600,max_tree,8,ref6,1,0,214.163916,125414,125414,125414,proposed,0,0,0,0,0,0,0,535125210058312859,376.839875,36.819708,UNCHECKED
1080p,33,val_033.png,1920,1080,2073600,max_tree,8,proposed,1,1,223.747208,125414,125414,125414,proposed,0,0,0,0,0,0,0,535125210058312859,376.839875,36.819708,UNCHECKED
1080p,33,val_033.png,1920,1080,2073600,max_tree,8,proposed,2,0,227.753375,125414,125414,125414,proposed,0,0,0,0,0,0,0,535125210058312859,376.839875,36.819708,UNCHECKED
1080p,33,val_033.png,1920,1080,2073600,max_tree,8,ref6,2,1,208.570584,125414,125414,125414,proposed,0,0,0,0,0,0,0,535125210058312859,376.839875,36.819708,UNCHECKED
1080p,33,val_033.png,1920,1080,2073600,min_tree,8,ref6,0,0,212.876375,112695,112695,112695,proposed,0,0,0,0,0,0,0,11879473800060359461,380.545792,38.881792,UNCHECKED
1080p,33,val_033.png,1920,1080,2073600,min_tree,8,proposed,0,1,216.759084,112695,112695,112695,proposed,0,0,0,0,0,0,0,11879473800060359461,380.545792,38.881792,UNCHECKED
1080p,33,val_033.png,1920,1080,2073600,min_tree,8,proposed,1,0,216.163250,112695,112695,112695,proposed,0,0,0,0,0,0,0,11879473800060359461,380.545792,38.881792,UNCHECKED
1080p,33,val_033.png,1920,1080,2073600,min_tree,8,ref6,1,1,216.196333,112695,112695,112695,proposed,0,0,0,0,0,0,0,11879473800060359461,380.545792,38.881792,UNCHECKED
1080p,33,val_033.png,1920,1080,2073600,min_tree,8,ref6,2,0,219.558917,112695,112695,112695,proposed,0,0,0,0,0,0,0,11879473800060359461,380.545792,38.881792,UNCHECKED
1080p,33,val_033.png,1920,1080,2073600,min_tree,8,proposed,2,1,222.669250,112695,112695,112695,proposed,0,0,0,0,0,0,0,11879473800060359461,380.545792,38.881792,UNCHECKED
1080p,33,val_033.png,1920,1080,2073600,tree_of_shapes,4/8,proposed,0,0,247.462542,259148,259148,259148,proposed,0,0,0,0,0,0,0,12349995949636817915,1941.453291,28.027000,UNCHECKED
1080p,33,val_033.png,1920,1080,2073600,tree_of_shapes,4/8,ref5_original,0,1,3065.301209,259148,259148,259148,proposed,28338,3537,27661,27768,0,0,179,1826354649656885898,1941.453291,28.027000,UNCHECKED
1080p,33,val_033.png,1920,1080,2073600,tree_of_shapes,4/8,ref5_original,1,0,3034.816833,259148,259148,259148,proposed,28338,3537,27661,27768,0,0,179,1826354649656885898,1941.453291,28.027000,UNCHECKED
1080p,33,val_033.png,1920,1080,2073600,tree_of_shapes,4/8,proposed,1,1,253.336166,259148,259148,259148,proposed,0,0,0,0,0,0,0,12349995949636817915,1941.453291,28.027000,UNCHECKED
1080p,33,val_033.png,1920,1080,2073600,tree_of_shapes,4/8,proposed,2,0,250.127958,259148,259148,259148,proposed,0,0,0,0,0,0,0,12349995949636817915,1941.453291,28.027000,UNCHECKED
1080p,33,val_033.png,1920,1080,2073600,tree_of_shapes,4/8,ref5_original,2,1,3106.623708,259148,259148,259148,proposed,28338,3537,27661,27768,0,0,179,1826354649656885898,1941.453291,28.027000,UNCHECKED
1080p,34,val_034.png,1920,1080,2073600,max_tree,8,ref6,0,0,217.221041,171935,171935,171935,proposed,0,0,0,0,0,0,0,13723743695439537674,380.897000,38.317750,UNCHECKED
1080p,34,val_034.png,1920,1080,2073600,max_tree,8,proposed,0,1,232.583417,171935,171935,171935,proposed,0,0,0,0,0,0,0,13723743695439537674,380.897000,38.317750,UNCHECKED
1080p,34,val_034.png,1920,1080,2073600,max_tree,8,proposed,1,0,231.555458,171935,171935,171935,proposed,0,0,0,0,0,0,0,13723743695439537674,380.897000,38.317750,UNCHECKED
1080p,34,val_034.png,1920,1080,2073600,max_tree,8,ref6,1,1,218.720042,171935,171935,171935,proposed,0,0,0,0,0,0,0,13723743695439537674,380.897000,38.317750,UNCHECKED
1080p,34,val_034.png,1920,1080,2073600,max_tree,8,ref6,2,0,221.056959,171935,171935,171935,proposed,0,0,0,0,0,0,0,13723743695439537674,380.897000,38.317750,UNCHECKED
1080p,34,val_034.png,1920,1080,2073600,max_tree,8,proposed,2,1,225.103959,171935,171935,171935,proposed,0,0,0,0,0,0,0,13723743695439537674,380.897000,38.317750,UNCHECKED
1080p,34,val_034.png,1920,1080,2073600,min_tree,8,proposed,0,0,222.676333,118169,118169,118169,proposed,0,0,0,0,0,0,0,8364272614145343589,379.433375,58.976459,UNCHECKED
1080p,34,val_034.png,1920,1080,2073600,min_tree,8,ref6,0,1,215.874000,118169,118169,118169,proposed,0,0,0,0,0,0,0,8364272614145343589,379.433375,58.976459,UNCHECKED
1080p,34,val_034.png,1920,1080,2073600,min_tree,8,ref6,1,0,215.551958,118169,118169,118169,proposed,0,0,0,0,0,0,0,8364272614145343589,379.433375,58.976459,UNCHECKED
1080p,34,val_034.png,1920,1080,2073600,min_tree,8,proposed,1,1,229.442417,118169,118169,118169,proposed,0,0,0,0,0,0,0,8364272614145343589,379.433375,58.976459,UNCHECKED
1080p,34,val_034.png,1920,1080,2073600,min_tree,8,proposed,2,0,234.764292,118169,118169,118169,proposed,0,0,0,0,0,0,0,8364272614145343589,379.433375,58.976459,UNCHECKED
1080p,34,val_034.png,1920,1080,2073600,min_tree,8,ref6,2,1,215.589250,118169,118169,118169,proposed,0,0,0,0,0,0,0,8364272614145343589,379.433375,58.976459,UNCHECKED
1080p,34,val_034.png,1920,1080,2073600,tree_of_shapes,4/8,ref5_original,0,0,3091.656834,324235,324235,324235,proposed,23269,2625,22646,22805,0,0,511,1681962588962750947,2167.386167,39.049416,UNCHECKED
1080p,34,val_034.png,1920,1080,2073600,tree_of_shapes,4/8,proposed,0,1,284.213458,324235,324235,324235,proposed,0,0,0,0,0,0,0,2049738762508268388,2167.386167,39.049416,UNCHECKED
1080p,34,val_034.png,1920,1080,2073600,tree_of_shapes,4/8,proposed,1,0,283.686291,324235,324235,324235,proposed,0,0,0,0,0,0,0,2049738762508268388,2167.386167,39.049416,UNCHECKED
1080p,34,val_034.png,1920,1080,2073600,tree_of_shapes,4/8,ref5_original,1,1,3079.723833,324235,324235,324235,proposed,23269,2625,22646,22805,0,0,511,1681962588962750947,2167.386167,39.049416,UNCHECKED
1080p,34,val_034.png,1920,1080,2073600,tree_of_shapes,4/8,ref5_original,2,0,3111.173125,324235,324235,324235,proposed,23269,2625,22646,22805,0,0,511,1681962588962750947,2167.386167,39.049416,UNCHECKED
1080p,34,val_034.png,1920,1080,2073600,tree_of_shapes,4/8,proposed,2,1,284.695041,324235,324235,324235,proposed,0,0,0,0,0,0,0,2049738762508268388,2167.386167,39.049416,UNCHECKED
1080p,35,val_035.png,1920,1080,2073600,max_tree,8,proposed,0,0,207.504625,86766,86766,86766,proposed,0,0,0,0,0,0,0,8065215826489218289,352.023875,59.277875,UNCHECKED
1080p,35,val_035.png,1920,1080,2073600,max_tree,8,ref6,0,1,204.810083,86766,86766,86766,proposed,0,0,0,0,0,0,0,8065215826489218289,352.023875,59.277875,UNCHECKED
1080p,35,val_035.png,1920,1080,2073600,max_tree,8,ref6,1,0,204.634625,86766,86766,86766,proposed,0,0,0,0,0,0,0,8065215826489218289,352.023875,59.277875,UNCHECKED
1080p,35,val_035.png,1920,1080,2073600,max_tree,8,proposed,1,1,198.590250,86766,86766,86766,proposed,0,0,0,0,0,0,0,8065215826489218289,352.023875,59.277875,UNCHECKED
1080p,35,val_035.png,1920,1080,2073600,max_tree,8,proposed,2,0,207.548166,86766,86766,86766,proposed,0,0,0,0,0,0,0,8065215826489218289,352.023875,59.277875,UNCHECKED
1080p,35,val_035.png,1920,1080,2073600,max_tree,8,ref6,2,1,216.708709,86766,86766,86766,proposed,0,0,0,0,0,0,0,8065215826489218289,352.023875,59.277875,UNCHECKED
1080p,35,val_035.png,1920,1080,2073600,min_tree,8,ref6,0,0,207.782334,68162,68162,68162,proposed,0,0,0,0,0,0,0,1683388117995582192,352.039166,64.778292,UNCHECKED
1080p,35,val_035.png,1920,1080,2073600,min_tree,8,proposed,0,1,196.547625,68162,68162,68162,proposed,0,0,0,0,0,0,0,1683388117995582192,352.039166,64.778292,UNCHECKED
1080p,35,val_035.png,1920,1080,2073600,min_tree,8,proposed,1,0,202.289083,68162,68162,68162,proposed,0,0,0,0,0,0,0,1683388117995582192,352.039166,64.778292,UNCHECKED
1080p,35,val_035.png,1920,1080,2073600,min_tree,8,ref6,1,1,211.399125,68162,68162,68162,proposed,0,0,0,0,0,0,0,1683388117995582192,352.039166,64.778292,UNCHECKED
1080p,35,val_035.png,1920,1080,2073600,min_tree,8,ref6,2,0,212.161333,68162,68162,68162,proposed,0,0,0,0,0,0,0,1683388117995582192,352.039166,64.778292,UNCHECKED
1080p,35,val_035.png,1920,1080,2073600,min_tree,8,proposed,2,1,198.464834,68162,68162,68162,proposed,0,0,0,0,0,0,0,1683388117995582192,352.039166,64.778292,UNCHECKED
1080p,35,val_035.png,1920,1080,2073600,tree_of_shapes,4/8,proposed,0,0,215.630083,173374,173374,173374,proposed,0,0,0,0,0,0,0,6056640797298321037,1873.744833,42.826916,UNCHECKED
1080p,35,val_035.png,1920,1080,2073600,tree_of_shapes,4/8,ref5_original,0,1,2892.365875,173374,173374,173374,proposed,12637,1962,12176,12305,0,0,568,16778369921651792399,1873.744833,42.826916,UNCHECKED
1080p,35,val_035.png,1920,1080,2073600,tree_of_shapes,4/8,ref5_original,1,0,2940.118375,173374,173374,173374,proposed,12637,1962,12176,12305,0,0,568,16778369921651792399,1873.744833,42.826916,UNCHECKED
1080p,35,val_035.png,1920,1080,2073600,tree_of_shapes,4/8,proposed,1,1,215.432667,173374,173374,173374,proposed,0,0,0,0,0,0,0,6056640797298321037,1873.744833,42.826916,UNCHECKED
1080p,35,val_035.png,1920,1080,2073600,tree_of_shapes,4/8,proposed,2,0,215.385833,173374,173374,173374,proposed,0,0,0,0,0,0,0,6056640797298321037,1873.744833,42.826916,UNCHECKED
1080p,35,val_035.png,1920,1080,2073600,tree_of_shapes,4/8,ref5_original,2,1,2930.058500,173374,173374,173374,proposed,12637,1962,12176,12305,0,0,568,16778369921651792399,1873.744833,42.826916,UNCHECKED
1080p,36,val_036.png,1920,1080,2073600,max_tree,8,ref6,0,0,210.404417,89869,89869,89869,proposed,0,0,0,0,0,0,0,7959224823581558607,356.536709,53.004833,UNCHECKED
1080p,36,val_036.png,1920,1080,2073600,max_tree,8,proposed,0,1,212.876000,89869,89869,89869,proposed,0,0,0,0,0,0,0,7959224823581558607,356.536709,53.004833,UNCHECKED
1080p,36,val_036.png,1920,1080,2073600,max_tree,8,proposed,1,0,204.187750,89869,89869,89869,proposed,0,0,0,0,0,0,0,7959224823581558607,356.536709,53.004833,UNCHECKED
1080p,36,val_036.png,1920,1080,2073600,max_tree,8,ref6,1,1,212.074958,89869,89869,89869,proposed,0,0,0,0,0,0,0,7959224823581558607,356.536709,53.004833,UNCHECKED
1080p,36,val_036.png,1920,1080,2073600,max_tree,8,ref6,2,0,214.386708,89869,89869,89869,proposed,0,0,0,0,0,0,0,7959224823581558607,356.536709,53.004833,UNCHECKED
1080p,36,val_036.png,1920,1080,2073600,max_tree,8,proposed,2,1,206.844041,89869,89869,89869,proposed,0,0,0,0,0,0,0,7959224823581558607,356.536709,53.004833,UNCHECKED
1080p,36,val_036.png,1920,1080,2073600,min_tree,8,proposed,0,0,211.376166,75007,75007,75007,proposed,0,0,0,0,0,0,0,3150785247867674990,354.697541,69.392667,UNCHECKED
1080p,36,val_036.png,1920,1080,2073600,min_tree,8,ref6,0,1,212.216333,75007,75007,75007,proposed,0,0,0,0,0,0,0,3150785247867674990,354.697541,69.392667,UNCHECKED
1080p,36,val_036.png,1920,1080,2073600,min_tree,8,ref6,1,0,209.444417,75007,75007,75007,proposed,0,0,0,0,0,0,0,3150785247867674990,354.697541,69.392667,UNCHECKED
1080p,36,val_036.png,1920,1080,2073600,min_tree,8,proposed,1,1,217.712167,75007,75007,75007,proposed,0,0,0,0,0,0,0,3150785247867674990,354.697541,69.392667,UNCHECKED
1080p,36,val_036.png,1920,1080,2073600,min_tree,8,proposed,2,0,214.416292,75007,75007,75007,proposed,0,0,0,0,0,0,0,3150785247867674990,354.697541,69.392667,UNCHECKED
1080p,36,val_036.png,1920,1080,2073600,min_tree,8,ref6,2,1,209.847958,75007,75007,75007,proposed,0,0,0,0,0,0,0,3150785247867674990,354.697541,69.392667,UNCHECKED
1080p,36,val_036.png,1920,1080,2073600,tree_of_shapes,4/8,ref5_original,0,0,2930.495708,189994,189994,189994,proposed,20771,1714,20350,20528,0,0,266,11234571872321144203,1862.003958,30.447458,UNCHECKED
1080p,36,val_036.png,1920,1080,2073600,tree_of_shapes,4/8,proposed,0,1,219.673458,189994,189994,189994,proposed,0,0,0,0,0,0,0,13737528069996023252,1862.003958,30.447458,UNCHECKED
1080p,36,val_036.png,1920,1080,2073600,tree_of_shapes,4/8,proposed,1,0,218.030542,189994,189994,189994,proposed,0,0,0,0,0,0,0,13737528069996023252,1862.003958,30.447458,UNCHECKED
1080p,36,val_036.png,1920,1080,2073600,tree_of_shapes,4/8,ref5_original,1,1,2920.885333,189994,189994,189994,proposed,20771,1714,20350,20528,0,0,266,11234571872321144203,1862.003958,30.447458,UNCHECKED
1080p,36,val_036.png,1920,1080,2073600,tree_of_shapes,4/8,ref5_original,2,0,2926.836166,189994,189994,189994,proposed,20771,1714,20350,20528,0,0,266,11234571872321144203,1862.003958,30.447458,UNCHECKED
1080p,36,val_036.png,1920,1080,2073600,tree_of_shapes,4/8,proposed,2,1,219.936458,189994,189994,189994,proposed,0,0,0,0,0,0,0,13737528069996023252,1862.003958,30.447458,UNCHECKED
1080p,37,val_037.png,1920,1080,2073600,max_tree,8,proposed,0,0,236.216833,142820,142820,142820,proposed,0,0,0,0,0,0,0,9962426570834590273,389.696541,26.063125,UNCHECKED
1080p,37,val_037.png,1920,1080,2073600,max_tree,8,ref6,0,1,212.410792,142820,142820,142820,proposed,0,0,0,0,0,0,0,9962426570834590273,389.696541,26.063125,UNCHECKED
1080p,37,val_037.png,1920,1080,2073600,max_tree,8,ref6,1,0,210.143958,142820,142820,142820,proposed,0,0,0,0,0,0,0,9962426570834590273,389.696541,26.063125,UNCHECKED
1080p,37,val_037.png,1920,1080,2073600,max_tree,8,proposed,1,1,235.873375,142820,142820,142820,proposed,0,0,0,0,0,0,0,9962426570834590273,389.696541,26.063125,UNCHECKED
1080p,37,val_037.png,1920,1080,2073600,max_tree,8,proposed,2,0,237.231042,142820,142820,142820,proposed,0,0,0,0,0,0,0,9962426570834590273,389.696541,26.063125,UNCHECKED
1080p,37,val_037.png,1920,1080,2073600,max_tree,8,ref6,2,1,211.390625,142820,142820,142820,proposed,0,0,0,0,0,0,0,9962426570834590273,389.696541,26.063125,UNCHECKED
1080p,37,val_037.png,1920,1080,2073600,min_tree,8,ref6,0,0,213.370083,109006,109006,109006,proposed,0,0,0,0,0,0,0,7140319747530129593,383.233250,47.178791,UNCHECKED
1080p,37,val_037.png,1920,1080,2073600,min_tree,8,proposed,0,1,227.201375,109006,109006,109006,proposed,0,0,0,0,0,0,0,7140319747530129593,383.233250,47.178791,UNCHECKED
1080p,37,val_037.png,1920,1080,2073600,min_tree,8,proposed,1,0,227.518708,109006,109006,109006,proposed,0,0,0,0,0,0,0,7140319747530129593,383.233250,47.178791,UNCHECKED
1080p,37,val_037.png,1920,1080,2073600,min_tree,8,ref6,1,1,213.137625,109006,109006,109006,proposed,0,0,0,0,0,0,0,7140319747530129593,383.233250,47.178791,UNCHECKED
1080p,37,val_037.png,1920,1080,2073600,min_tree,8,ref6,2,0,216.819334,109006,109006,109006,proposed,0,0,0,0,0,0,0,7140319747530129593,383.233250,47.178791,UNCHECKED
1080p,37,val_037.png,1920,1080,2073600,min_tree,8,proposed,2,1,229.441042,109006,109006,109006,proposed,0,0,0,0,0,0,0,7140319747530129593,383.233250,47.178791,UNCHECKED
1080p,37,val_037.png,1920,1080,2073600,tree_of_shapes,4/8,proposed,0,0,282.327875,279275,279275,279275,proposed,0,0,0,0,0,0,0,6300877339501314909,2106.801416,25.636834,UNCHECKED
1080p,37,val_037.png,1920,1080,2073600,tree_of_shapes,4/8,ref5_original,0,1,3190.613083,279275,279275,279275,proposed,26735,3103,26117,26250,0,0,429,2100707064278601409,2106.801416,25.636834,UNCHECKED
1080p,37,val_037.png,1920,1080,2073600,tree_of_shapes,4/8,ref5_original,1,0,3182.007417,279275,279275,279275,proposed,26735,3103,26117,26250,0,0,429,2100707064278601409,2106.801416,25.636834,UNCHECKED
1080p,37,val_037.png,1920,1080,2073600,tree_of_shapes,4/8,proposed,1,1,274.085125,279275,279275,279275,proposed,0,0,0,0,0,0,0,6300877339501314909,2106.801416,25.636834,UNCHECKED
1080p,37,val_037.png,1920,1080,2073600,tree_of_shapes,4/8,proposed,2,0,273.957916,279275,279275,279275,proposed,0,0,0,0,0,0,0,6300877339501314909,2106.801416,25.636834,UNCHECKED
1080p,37,val_037.png,1920,1080,2073600,tree_of_shapes,4/8,ref5_original,2,1,3107.678333,279275,279275,279275,proposed,26735,3103,26117,26250,0,0,429,2100707064278601409,2106.801416,25.636834,UNCHECKED
1080p,38,val_038.png,1920,1080,2073600,max_tree,8,ref6,0,0,233.308292,88468,88468,88468,proposed,0,0,0,0,0,0,0,129310235970143900,351.097250,56.696541,UNCHECKED
1080p,38,val_038.png,1920,1080,2073600,max_tree,8,proposed,0,1,199.188625,88468,88468,88468,proposed,0,0,0,0,0,0,0,129310235970143900,351.097250,56.696541,UNCHECKED
1080p,38,val_038.png,1920,1080,2073600,max_tree,8,proposed,1,0,199.303750,88468,88468,88468,proposed,0,0,0,0,0,0,0,129310235970143900,351.097250,56.696541,UNCHECKED
1080p,38,val_038.png,1920,1080,2073600,max_tree,8,ref6,1,1,203.572666,88468,88468,88468,proposed,0,0,0,0,0,0,0,129310235970143900,351.097250,56.696541,UNCHECKED
1080p,38,val_038.png,1920,1080,2073600,max_tree,8,ref6,2,0,201.291959,88468,88468,88468,proposed,0,0,0,0,0,0,0,129310235970143900,351.097250,56.696541,UNCHECKED
1080p,38,val_038.png,1920,1080,2073600,max_tree,8,proposed,2,1,195.314041,88468,88468,88468,proposed,0,0,0,0,0,0,0,129310235970143900,351.097250,56.696541,UNCHECKED
1080p,38,val_038.png,1920,1080,2073600,min_tree,8,proposed,0,0,193.617833,71754,71754,71754,proposed,0,0,0,0,0,0,0,273863451373743944,348.678000,54.753000,UNCHECKED
1080p,38,val_038.png,1920,1080,2073600,min_tree,8,ref6,0,1,206.110083,71754,71754,71754,proposed,0,0,0,0,0,0,0,273863451373743944,348.678000,54.753000,UNCHECKED
1080p,38,val_038.png,1920,1080,2073600,min_tree,8,ref6,1,0,197.545000,71754,71754,71754,proposed,0,0,0,0,0,0,0,273863451373743944,348.678000,54.753000,UNCHECKED
1080p,38,val_038.png,1920,1080,2073600,min_tree,8,proposed,1,1,194.712791,71754,71754,71754,proposed,0,0,0,0,0,0,0,273863451373743944,348.678000,54.753000,UNCHECKED
1080p,38,val_038.png,1920,1080,2073600,min_tree,8,proposed,2,0,193.519917,71754,71754,71754,proposed,0,0,0,0,0,0,0,273863451373743944,348.678000,54.753000,UNCHECKED
1080p,38,val_038.png,1920,1080,2073600,min_tree,8,ref6,2,1,204.541667,71754,71754,71754,proposed,0,0,0,0,0,0,0,273863451373743944,348.678000,54.753000,UNCHECKED
1080p,38,val_038.png,1920,1080,2073600,tree_of_shapes,4/8,ref5_original,0,0,2888.659958,176305,176305,176305,proposed,14826,2503,14297,14487,0,0,579,14429642936422848545,1844.041375,43.025666,UNCHECKED
1080p,38,val_038.png,1920,1080,2073600,tree_of_shapes,4/8,proposed,0,1,203.481042,176305,176305,176305,proposed,0,0,0,0,0,0,0,16486901550042789015,1844.041375,43.025666,UNCHECKED
1080p,38,val_038.png,1920,1080,2073600,tree_of_shapes,4/8,proposed,1,0,203.697875,176305,176305,176305,proposed,0,0,0,0,0,0,0,16486901550042789015,1844.041375,43.025666,UNCHECKED
1080p,38,val_038.png,1920,1080,2073600,tree_of_shapes,4/8,ref5_original,1,1,2872.442791,176305,176305,176305,proposed,14826,2503,14297,14487,0,0,579,14429642936422848545,1844.041375,43.025666,UNCHECKED
1080p,38,val_038.png,1920,1080,2073600,tree_of_shapes,4/8,ref5_original,2,0,2914.587291,176305,176305,176305,proposed,14826,2503,14297,14487,0,0,579,14429642936422848545,1844.041375,43.025666,UNCHECKED
1080p,38,val_038.png,1920,1080,2073600,tree_of_shapes,4/8,proposed,2,1,201.576541,176305,176305,176305,proposed,0,0,0,0,0,0,0,16486901550042789015,1844.041375,43.025666,UNCHECKED
1080p,39,val_039.png,1920,1080,2073600,max_tree,8,proposed,0,0,230.039791,154033,154033,154033,proposed,0,0,0,0,0,0,0,16716336268598676280,394.352875,34.090666,UNCHECKED
1080p,39,val_039.png,1920,1080,2073600,max_tree,8,ref6,0,1,220.324333,154033,154033,154033,proposed,0,0,0,0,0,0,0,16716336268598676280,394.352875,34.090666,UNCHECKED
1080p,39,val_039.png,1920,1080,2073600,max_tree,8,ref6,1,0,217.690125,154033,154033,154033,proposed,0,0,0,0,0,0,0,16716336268598676280,394.352875,34.090666,UNCHECKED
1080p,39,val_039.png,1920,1080,2073600,max_tree,8,proposed,1,1,229.091833,154033,154033,154033,proposed,0,0,0,0,0,0,0,16716336268598676280,394.352875,34.090666,UNCHECKED
1080p,39,val_039.png,1920,1080,2073600,max_tree,8,proposed,2,0,232.668833,154033,154033,154033,proposed,0,0,0,0,0,0,0,16716336268598676280,394.352875,34.090666,UNCHECKED
1080p,39,val_039.png,1920,1080,2073600,max_tree,8,ref6,2,1,212.680291,154033,154033,154033,proposed,0,0,0,0,0,0,0,16716336268598676280,394.352875,34.090666,UNCHECKED
1080p,39,val_039.png,1920,1080,2073600,min_tree,8,ref6,0,0,215.440291,126590,126590,126590,proposed,0,0,0,0,0,0,0,9858531716878599337,401.436041,42.707250,UNCHECKED
1080p,39,val_039.png,1920,1080,2073600,min_tree,8,proposed,0,1,238.541000,126590,126590,126590,proposed,0,0,0,0,0,0,0,9858531716878599337,401.436041,42.707250,UNCHECKED
1080p,39,val_039.png,1920,1080,2073600,min_tree,8,proposed,1,0,240.215875,126590,126590,126590,proposed,0,0,0,0,0,0,0,9858531716878599337,401.436041,42.707250,UNCHECKED
1080p,39,val_039.png,1920,1080,2073600,min_tree,8,ref6,1,1,217.800750,126590,126590,126590,proposed,0,0,0,0,0,0,0,9858531716878599337,401.436041,42.707250,UNCHECKED
1080p,39,val_039.png,1920,1080,2073600,min_tree,8,ref6,2,0,219.183917,126590,126590,126590,proposed,0,0,0,0,0,0,0,9858531716878599337,401.436041,42.707250,UNCHECKED
1080p,39,val_039.png,1920,1080,2073600,min_tree,8,proposed,2,1,238.598625,126590,126590,126590,proposed,0,0,0,0,0,0,0,9858531716878599337,401.436041,42.707250,UNCHECKED
1080p,39,val_039.png,1920,1080,2073600,tree_of_shapes,4/8,proposed,0,0,302.964041,307306,307306,307306,proposed,0,0,0,0,0,0,0,2880439223758746495,2153.610958,28.597750,UNCHECKED
1080p,39,val_039.png,1920,1080,2073600,tree_of_shapes,4/8,ref5_original,0,1,3244.293833,307306,307306,307306,proposed,27192,3096,26559,26713,0,0,359,522906754176308364,2153.610958,28.597750,UNCHECKED
1080p,39,val_039.png,1920,1080,2073600,tree_of_shapes,4/8,ref5_original,1,0,3148.905375,307306,307306,307306,proposed,27192,3096,26559,26713,0,0,359,522906754176308364,2153.610958,28.597750,UNCHECKED
1080p,39,val_039.png,1920,1080,2073600,tree_of_shapes,4/8,proposed,1,1,284.270583,307306,307306,307306,proposed,0,0,0,0,0,0,0,2880439223758746495,2153.610958,28.597750,UNCHECKED
1080p,39,val_039.png,1920,1080,2073600,tree_of_shapes,4/8,proposed,2,0,284.355667,307306,307306,307306,proposed,0,0,0,0,0,0,0,2880439223758746495,2153.610958,28.597750,UNCHECKED
1080p,39,val_039.png,1920,1080,2073600,tree_of_shapes,4/8,ref5_original,2,1,3144.430375,307306,307306,307306,proposed,27192,3096,26559,26713,0,0,359,522906754176308364,2153.610958,28.597750,UNCHECKED
1080p,40,val_040.png,1920,1080,2073600,max_tree,8,ref6,0,0,206.507333,65260,65260,65260,proposed,0,0,0,0,0,0,0,11634636961676313841,364.785000,55.384542,UNCHECKED
1080p,40,val_040.png,1920,1080,2073600,max_tree,8,proposed,0,1,220.102625,65260,65260,65260,proposed,0,0,0,0,0,0,0,11634636961676313841,364.785000,55.384542,UNCHECKED
1080p,40,val_040.png,1920,1080,2073600,max_tree,8,proposed,1,0,218.533125,65260,65260,65260,proposed,0,0,0,0,0,0,0,11634636961676313841,364.785000,55.384542,UNCHECKED
1080p,40,val_040.png,1920,1080,2073600,max_tree,8,ref6,1,1,203.573709,65260,65260,65260,proposed,0,0,0,0,0,0,0,11634636961676313841,364.785000,55.384542,UNCHECKED
1080p,40,val_040.png,1920,1080,2073600,max_tree,8,ref6,2,0,263.243375,65260,65260,65260,proposed,0,0,0,0,0,0,0,11634636961676313841,364.785000,55.384542,UNCHECKED
1080p,40,val_040.png,1920,1080,2073600,max_tree,8,proposed,2,1,215.004417,65260,65260,65260,proposed,0,0,0,0,0,0,0,11634636961676313841,364.785000,55.384542,UNCHECKED
1080p,40,val_040.png,1920,1080,2073600,min_tree,8,proposed,0,0,210.279833,61028,61028,61028,proposed,0,0,0,0,0,0,0,15346465877956474845,362.765959,67.737709,UNCHECKED
1080p,40,val_040.png,1920,1080,2073600,min_tree,8,ref6,0,1,210.238083,61028,61028,61028,proposed,0,0,0,0,0,0,0,15346465877956474845,362.765959,67.737709,UNCHECKED
1080p,40,val_040.png,1920,1080,2073600,min_tree,8,ref6,1,0,203.732625,61028,61028,61028,proposed,0,0,0,0,0,0,0,15346465877956474845,362.765959,67.737709,UNCHECKED
1080p,40,val_040.png,1920,1080,2073600,min_tree,8,proposed,1,1,222.075583,61028,61028,61028,proposed,0,0,0,0,0,0,0,15346465877956474845,362.765959,67.737709,UNCHECKED
1080p,40,val_040.png,1920,1080,2073600,min_tree,8,proposed,2,0,239.696833,61028,61028,61028,proposed,0,0,0,0,0,0,0,15346465877956474845,362.765959,67.737709,UNCHECKED
1080p,40,val_040.png,1920,1080,2073600,min_tree,8,ref6,2,1,210.414875,61028,61028,61028,proposed,0,0,0,0,0,0,0,15346465877956474845,362.765959,67.737709,UNCHECKED
1080p,40,val_040.png,1920,1080,2073600,tree_of_shapes,4/8,ref5_original,0,0,2925.285000,139021,139021,139021,proposed,11399,1460,11083,11167,0,0,128,6548641094938052045,1867.809000,27.155708,UNCHECKED
1080p,40,val_040.png,1920,1080,2073600,tree_of_shapes,4/8,proposed,0,1,212.458958,139021,139021,139021,proposed,0,0,0,0,0,0,0,16752863178820216671,1867.809000,27.155708,UNCHECKED
1080p,40,val_040.png,1920,1080,2073600,tree_of_shapes,4/8,proposed,1,0,212.205667,139021,139021,139021,proposed,0,0,0,0,0,0,0,16752863178820216671,1867.809000,27.155708,UNCHECKED
1080p,40,val_040.png,1920,1080,2073600,tree_of_shapes,4/8,ref5_original,1,1,2962.962083,139021,139021,139021,proposed,11399,1460,11083,11167,0,0,128,6548641094938052045,1867.809000,27.155708,UNCHECKED
1080p,40,val_040.png,1920,1080,2073600,tree_of_shapes,4/8,ref5_original,2,0,2947.638500,139021,139021,139021,proposed,11399,1460,11083,11167,0,0,128,6548641094938052045,1867.809000,27.155708,UNCHECKED
1080p,40,val_040.png,1920,1080,2073600,tree_of_shapes,4/8,proposed,2,1,212.177667,139021,139021,139021,proposed,0,0,0,0,0,0,0,16752863178820216671,1867.809000,27.155708,UNCHECKED
1080p,41,val_041.png,1920,1080,2073600,max_tree,8,proposed,0,0,221.705167,89471,89471,89471,proposed,0,0,0,0,0,0,0,10259810765841356801,362.454459,72.183042,UNCHECKED
1080p,41,val_041.png,1920,1080,2073600,max_tree,8,ref6,0,1,214.220334,89471,89471,89471,proposed,0,0,0,0,0,0,0,10259810765841356801,362.454459,72.183042,UNCHECKED
1080p,41,val_041.png,1920,1080,2073600,max_tree,8,ref6,1,0,215.126750,89471,89471,89471,proposed,0,0,0,0,0,0,0,10259810765841356801,362.454459,72.183042,UNCHECKED
1080p,41,val_041.png,1920,1080,2073600,max_tree,8,proposed,1,1,197.019042,89471,89471,89471,proposed,0,0,0,0,0,0,0,10259810765841356801,362.454459,72.183042,UNCHECKED
1080p,41,val_041.png,1920,1080,2073600,max_tree,8,proposed,2,0,202.011958,89471,89471,89471,proposed,0,0,0,0,0,0,0,10259810765841356801,362.454459,72.183042,UNCHECKED
1080p,41,val_041.png,1920,1080,2073600,max_tree,8,ref6,2,1,210.235375,89471,89471,89471,proposed,0,0,0,0,0,0,0,10259810765841356801,362.454459,72.183042,UNCHECKED
1080p,41,val_041.png,1920,1080,2073600,min_tree,8,ref6,0,0,202.896750,81011,81011,81011,proposed,0,0,0,0,0,0,0,10197829198483297343,375.262083,57.062292,UNCHECKED
1080p,41,val_041.png,1920,1080,2073600,min_tree,8,proposed,0,1,215.973833,81011,81011,81011,proposed,0,0,0,0,0,0,0,10197829198483297343,375.262083,57.062292,UNCHECKED
1080p,41,val_041.png,1920,1080,2073600,min_tree,8,proposed,1,0,215.783500,81011,81011,81011,proposed,0,0,0,0,0,0,0,10197829198483297343,375.262083,57.062292,UNCHECKED
1080p,41,val_041.png,1920,1080,2073600,min_tree,8,ref6,1,1,208.027416,81011,81011,81011,proposed,0,0,0,0,0,0,0,10197829198483297343,375.262083,57.062292,UNCHECKED
1080p,41,val_041.png,1920,1080,2073600,min_tree,8,ref6,2,0,210.056542,81011,81011,81011,proposed,0,0,0,0,0,0,0,10197829198483297343,375.262083,57.062292,UNCHECKED
1080p,41,val_041.png,1920,1080,2073600,min_tree,8,proposed,2,1,212.516500,81011,81011,81011,proposed,0,0,0,0,0,0,0,10197829198483297343,375.262083,57.062292,UNCHECKED
1080p,41,val_041.png,1920,1080,2073600,tree_of_shapes,4/8,proposed,0,0,217.104666,183455,183455,183455,proposed,0,0,0,0,0,0,0,15520009926670945886,1904.512583,31.993625,UNCHECKED
1080p,41,val_041.png,1920,1080,2073600,tree_of_shapes,4/8,ref5_original,0,1,2958.915458,183455,183455,183455,proposed,19622,2025,19281,19366,0,0,171,1308807057187179917,1904.512583,31.993625,UNCHECKED
1080p,41,val_041.png,1920,1080,2073600,tree_of_shapes,4/8,ref5_original,1,0,2941.229292,183455,183455,183455,proposed,19622,2025,19281,19366,0,0,171,1308807057187179917,1904.512583,31.993625,UNCHECKED
1080p,41,val_041.png,1920,1080,2073600,tree_of_shapes,4/8,proposed,1,1,217.944708,183455,183455,183455,proposed,0,0,0,0,0,0,0,15520009926670945886,1904.512583,31.993625,UNCHECKED
1080p,41,val_041.png,1920,1080,2073600,tree_of_shapes,4/8,proposed,2,0,253.551000,183455,183455,183455,proposed,0,0,0,0,0,0,0,15520009926670945886,1904.512583,31.993625,UNCHECKED
1080p,41,val_041.png,1920,1080,2073600,tree_of_shapes,4/8,ref5_original,2,1,2962.421792,183455,183455,183455,proposed,19622,2025,19281,19366,0,0,171,1308807057187179917,1904.512583,31.993625,UNCHECKED
1080p,42,val_042.png,1920,1080,2073600,max_tree,8,ref6,0,0,225.941250,147193,147193,147193,proposed,0,0,0,0,0,0,0,15127336559685403935,400.006375,29.433750,UNCHECKED
1080p,42,val_042.png,1920,1080,2073600,max_tree,8,proposed,0,1,240.438084,147193,147193,147193,proposed,0,0,0,0,0,0,0,15127336559685403935,400.006375,29.433750,UNCHECKED
1080p,42,val_042.png,1920,1080,2073600,max_tree,8,proposed,1,0,241.291333,147193,147193,147193,proposed,0,0,0,0,0,0,0,15127336559685403935,400.006375,29.433750,UNCHECKED
1080p,42,val_042.png,1920,1080,2073600,max_tree,8,ref6,1,1,215.032208,147193,147193,147193,proposed,0,0,0,0,0,0,0,15127336559685403935,400.006375,29.433750,UNCHECKED
1080p,42,val_042.png,1920,1080,2073600,max_tree,8,ref6,2,0,210.428167,147193,147193,147193,proposed,0,0,0,0,0,0,0,15127336559685403935,400.006375,29.433750,UNCHECKED
1080p,42,val_042.png,1920,1080,2073600,max_tree,8,proposed,2,1,239.423917,147193,147193,147193,proposed,0,0,0,0,0,0,0,15127336559685403935,400.006375,29.433750,UNCHECKED
1080p,42,val_042.png,1920,1080,2073600,min_tree,8,proposed,0,0,238.939625,131749,131749,131749,proposed,0,0,0,0,0,0,0,6032070864777033196,400.222834,34.738250,UNCHECKED
1080p,42,val_042.png,1920,1080,2073600,min_tree,8,ref6,0,1,223.655167,131749,131749,131749,proposed,0,0,0,0,0,0,0,6032070864777033196,400.222834,34.738250,UNCHECKED
1080p,42,val_042.png,1920,1080,2073600,min_tree,8,ref6,1,0,221.104209,131749,131749,131749,proposed,0,0,0,0,0,0,0,6032070864777033196,400.222834,34.738250,UNCHECKED
1080p,42,val_042.png,1920,1080,2073600,min_tree,8,proposed,1,1,239.475917,131749,131749,131749,proposed,0,0,0,0,0,0,0,6032070864777033196,400.222834,34.738250,UNCHECKED
1080p,42,val_042.png,1920,1080,2073600,min_tree,8,proposed,2,0,241.559875,131749,131749,131749,proposed,0,0,0,0,0,0,0,6032070864777033196,400.222834,34.738250,UNCHECKED
1080p,42,val_042.png,1920,1080,2073600,min_tree,8,ref6,2,1,217.148917,131749,131749,131749,proposed,0,0,0,0,0,0,0,6032070864777033196,400.222834,34.738250,UNCHECKED
1080p,42,val_042.png,1920,1080,2073600,tree_of_shapes,4/8,ref5_original,0,0,3187.097666,306901,306901,306901,proposed,34216,4654,33398,33587,0,0,370,11921247711638016239,2159.036500,27.443667,UNCHECKED
1080p,42,val_042.png,1920,1080,2073600,tree_of_shapes,4/8,proposed,0,1,290.291875,306901,306901,306901,proposed,0,0,0,0,0,0,0,1214277252447198088,2159.036500,27.443667,UNCHECKED
1080p,42,val_042.png,1920,1080,2073600,tree_of_shapes,4/8,proposed,1,0,292.678209,306901,306901,306901,proposed,0,0,0,0,0,0,0,1214277252447198088,2159.036500,27.443667,UNCHECKED
1080p,42,val_042.png,1920,1080,2073600,tree_of_shapes,4/8,ref5_original,1,1,3142.878958,306901,306901,306901,proposed,34216,4654,33398,33587,0,0,370,11921247711638016239,2159.036500,27.443667,UNCHECKED
1080p,42,val_042.png,1920,1080,2073600,tree_of_shapes,4/8,ref5_original,2,0,3129.137625,306901,306901,306901,proposed,34216,4654,33398,33587,0,0,370,11921247711638016239,2159.036500,27.443667,UNCHECKED
1080p,42,val_042.png,1920,1080,2073600,tree_of_shapes,4/8,proposed,2,1,289.018542,306901,306901,306901,proposed,0,0,0,0,0,0,0,1214277252447198088,2159.036500,27.443667,UNCHECKED
1080p,43,val_043.png,1920,1080,2073600,max_tree,8,proposed,0,0,243.023667,141507,141507,141507,proposed,0,0,0,0,0,0,0,1711910553622046904,408.595833,29.638709,UNCHECKED
1080p,43,val_043.png,1920,1080,2073600,max_tree,8,ref6,0,1,221.628708,141507,141507,141507,proposed,0,0,0,0,0,0,0,1711910553622046904,408.595833,29.638709,UNCHECKED
1080p,43,val_043.png,1920,1080,2073600,max_tree,8,ref6,1,0,225.645125,141507,141507,141507,proposed,0,0,0,0,0,0,0,1711910553622046904,408.595833,29.638709,UNCHECKED
1080p,43,val_043.png,1920,1080,2073600,max_tree,8,proposed,1,1,242.810250,141507,141507,141507,proposed,0,0,0,0,0,0,0,1711910553622046904,408.595833,29.638709,UNCHECKED
1080p,43,val_043.png,1920,1080,2073600,max_tree,8,proposed,2,0,244.617625,141507,141507,141507,proposed,0,0,0,0,0,0,0,1711910553622046904,408.595833,29.638709,UNCHECKED
1080p,43,val_043.png,1920,1080,2073600,max_tree,8,ref6,2,1,219.737542,141507,141507,141507,proposed,0,0,0,0,0,0,0,1711910553622046904,408.595833,29.638709,UNCHECKED
1080p,43,val_043.png,1920,1080,2073600,min_tree,8,ref6,0,0,216.635334,123919,123919,123919,proposed,0,0,0,0,0,0,0,16067984237641819193,403.367083,27.291541,UNCHECKED
1080p,43,val_043.png,1920,1080,2073600,min_tree,8,proposed,0,1,269.686625,123919,123919,123919,proposed,0,0,0,0,0,0,0,16067984237641819193,403.367083,27.291541,UNCHECKED
1080p,43,val_043.png,1920,1080,2073600,min_tree,8,proposed,1,0,253.020917,123919,123919,123919,proposed,0,0,0,0,0,0,0,16067984237641819193,403.367083,27.291541,UNCHECKED
1080p,43,val_043.png,1920,1080,2073600,min_tree,8,ref6,1,1,217.080625,123919,123919,123919,proposed,0,0,0,0,0,0,0,16067984237641819193,403.367083,27.291541,UNCHECKED
1080p,43,val_043.png,1920,1080,2073600,min_tree,8,ref6,2,0,217.637250,123919,123919,123919,proposed,0,0,0,0,0,0,0,16067984237641819193,403.367083,27.291541,UNCHECKED
1080p,43,val_043.png,1920,1080,2073600,min_tree,8,proposed,2,1,239.885083,123919,123919,123919,proposed,0,0,0,0,0,0,0,16067984237641819193,403.367083,27.291541,UNCHECKED
1080p,43,val_043.png,1920,1080,2073600,tree_of_shapes,4/8,proposed,0,0,286.826291,292496,292496,292496,proposed,0,0,0,0,0,0,0,15769374995562041901,2108.730333,28.401750,UNCHECKED
1080p,43,val_043.png,1920,1080,2073600,tree_of_shapes,4/8,ref5_original,0,1,3160.963917,292496,292496,292496,proposed,29915,3622,29209,29403,0,0,330,11001861464156308315,2108.730333,28.401750,UNCHECKED
1080p,43,val_043.png,1920,1080,2073600,tree_of_shapes,4/8,ref5_original,1,0,3157.827375,292496,292496,292496,proposed,29915,3622,29209,29403,0,0,330,11001861464156308315,2108.730333,28.401750,UNCHECKED
1080p,43,val_043.png,1920,1080,2073600,tree_of_shapes,4/8,proposed,1,1,299.688000,292496,292496,292496,proposed,0,0,0,0,0,0,0,15769374995562041901,2108.730333,28.401750,UNCHECKED
1080p,43,val_043.png,1920,1080,2073600,tree_of_shapes,4/8,proposed,2,0,285.609375,292496,292496,292496,proposed,0,0,0,0,0,0,0,15769374995562041901,2108.730333,28.401750,UNCHECKED
1080p,43,val_043.png,1920,1080,2073600,tree_of_shapes,4/8,ref5_original,2,1,3183.965791,292496,292496,292496,proposed,29915,3622,29209,29403,0,0,330,11001861464156308315,2108.730333,28.401750,UNCHECKED
1080p,44,val_044.png,1920,1080,2073600,max_tree,8,ref6,0,0,219.636042,122494,122494,122494,proposed,0,0,0,0,0,0,0,14534970666915454531,382.506750,37.202000,UNCHECKED
1080p,44,val_044.png,1920,1080,2073600,max_tree,8,proposed,0,1,221.069708,122494,122494,122494,proposed,0,0,0,0,0,0,0,14534970666915454531,382.506750,37.202000,UNCHECKED
1080p,44,val_044.png,1920,1080,2073600,max_tree,8,proposed,1,0,225.769000,122494,122494,122494,proposed,0,0,0,0,0,0,0,14534970666915454531,382.506750,37.202000,UNCHECKED
1080p,44,val_044.png,1920,1080,2073600,max_tree,8,ref6,1,1,210.044583,122494,122494,122494,proposed,0,0,0,0,0,0,0,14534970666915454531,382.506750,37.202000,UNCHECKED
1080p,44,val_044.png,1920,1080,2073600,max_tree,8,ref6,2,0,215.008750,122494,122494,122494,proposed,0,0,0,0,0,0,0,14534970666915454531,382.506750,37.202000,UNCHECKED
1080p,44,val_044.png,1920,1080,2073600,max_tree,8,proposed,2,1,230.028750,122494,122494,122494,proposed,0,0,0,0,0,0,0,14534970666915454531,382.506750,37.202000,UNCHECKED
1080p,44,val_044.png,1920,1080,2073600,min_tree,8,proposed,0,0,227.480458,106639,106639,106639,proposed,0,0,0,0,0,0,0,15414711100262300104,380.466708,46.019500,UNCHECKED
1080p,44,val_044.png,1920,1080,2073600,min_tree,8,ref6,0,1,217.501417,106639,106639,106639,proposed,0,0,0,0,0,0,0,15414711100262300104,380.466708,46.019500,UNCHECKED
1080p,44,val_044.png,1920,1080,2073600,min_tree,8,ref6,1,0,216.880250,106639,106639,106639,proposed,0,0,0,0,0,0,0,15414711100262300104,380.466708,46.019500,UNCHECKED
1080p,44,val_044.png,1920,1080,2073600,min_tree,8,proposed,1,1,231.447334,106639,106639,106639,proposed,0,0,0,0,0,0,0,15414711100262300104,380.466708,46.019500,UNCHECKED
1080p,44,val_044.png,1920,1080,2073600,min_tree,8,proposed,2,0,230.431625,106639,106639,106639,proposed,0,0,0,0,0,0,0,15414711100262300104,380.466708,46.019500,UNCHECKED
1080p,44,val_044.png,1920,1080,2073600,min_tree,8,ref6,2,1,210.247834,106639,106639,106639,proposed,0,0,0,0,0,0,0,15414711100262300104,380.466708,46.019500,UNCHECKED
1080p,44,val_044.png,1920,1080,2073600,tree_of_shapes,4/8,ref5_original,0,0,3067.952208,250535,250535,250535,proposed,21579,2739,20997,21174,0,0,309,15822493184587852696,1986.827583,30.330167,UNCHECKED
1080p,44,val_044.png,1920,1080,2073600,tree_of_shapes,4/8,proposed,0,1,255.597792,250535,250535,250535,proposed,0,0,0,0,0,0,0,2657988632452348327,1986.827583,30.330167,UNCHECKED
1080p,44,val_044.png,1920,1080,2073600,tree_of_shapes,4/8,proposed,1,0,254.851167,250535,250535,250535,proposed,0,0,0,0,0,0,0,2657988632452348327,1986.827583,30.330167,UNCHECKED
1080p,44,val_044.png,1920,1080,2073600,tree_of_shapes,4/8,ref5_original,1,1,3091.481750,250535,250535,250535,proposed,21579,2739,20997,21174,0,0,309,15822493184587852696,1986.827583,30.330167,UNCHECKED
1080p,44,val_044.png,1920,1080,2073600,tree_of_shapes,4/8,ref5_original,2,0,3084.451333,250535,250535,250535,proposed,21579,2739,20997,21174,0,0,309,15822493184587852696,1986.827583,30.330167,UNCHECKED
1080p,44,val_044.png,1920,1080,2073600,tree_of_shapes,4/8,proposed,2,1,258.143917,250535,250535,250535,proposed,0,0,0,0,0,0,0,2657988632452348327,1986.827583,30.330167,UNCHECKED
1080p,45,val_045.png,1920,1080,2073600,max_tree,8,proposed,0,0,207.540917,90050,90050,90050,proposed,0,0,0,0,0,0,0,15643613553996424401,359.704000,32.454125,UNCHECKED
1080p,45,val_045.png,1920,1080,2073600,max_tree,8,ref6,0,1,215.629417,90050,90050,90050,proposed,0,0,0,0,0,0,0,15643613553996424401,359.704000,32.454125,UNCHECKED
1080p,45,val_045.png,1920,1080,2073600,max_tree,8,ref6,1,0,214.578334,90050,90050,90050,proposed,0,0,0,0,0,0,0,15643613553996424401,359.704000,32.454125,UNCHECKED
1080p,45,val_045.png,1920,1080,2073600,max_tree,8,proposed,1,1,208.930167,90050,90050,90050,proposed,0,0,0,0,0,0,0,15643613553996424401,359.704000,32.454125,UNCHECKED
1080p,45,val_045.png,1920,1080,2073600,max_tree,8,proposed,2,0,208.259500,90050,90050,90050,proposed,0,0,0,0,0,0,0,15643613553996424401,359.704000,32.454125,UNCHECKED
1080p,45,val_045.png,1920,1080,2073600,max_tree,8,ref6,2,1,218.534917,90050,90050,90050,proposed,0,0,0,0,0,0,0,15643613553996424401,359.704000,32.454125,UNCHECKED
1080p,45,val_045.png,1920,1080,2073600,min_tree,8,ref6,0,0,208.134916,83254,83254,83254,proposed,0,0,0,0,0,0,0,15147146318511389994,364.756458,48.939250,UNCHECKED
1080p,45,val_045.png,1920,1080,2073600,min_tree,8,proposed,0,1,209.213542,83254,83254,83254,proposed,0,0,0,0,0,0,0,15147146318511389994,364.756458,48.939250,UNCHECKED
1080p,45,val_045.png,1920,1080,2073600,min_tree,8,proposed,1,0,209.149416,83254,83254,83254,proposed,0,0,0,0,0,0,0,15147146318511389994,364.756458,48.939250,UNCHECKED
1080p,45,val_045.png,1920,1080,2073600,min_tree,8,ref6,1,1,212.715833,83254,83254,83254,proposed,0,0,0,0,0,0,0,15147146318511389994,364.756458,48.939250,UNCHECKED
1080p,45,val_045.png,1920,1080,2073600,min_tree,8,ref6,2,0,211.338000,83254,83254,83254,proposed,0,0,0,0,0,0,0,15147146318511389994,364.756458,48.939250,UNCHECKED
1080p,45,val_045.png,1920,1080,2073600,min_tree,8,proposed,2,1,210.172834,83254,83254,83254,proposed,0,0,0,0,0,0,0,15147146318511389994,364.756458,48.939250,UNCHECKED
1080p,45,val_045.png,1920,1080,2073600,tree_of_shapes,4/8,proposed,0,0,272.509000,189711,189711,189711,proposed,0,0,0,0,0,0,0,14909774497942030053,1936.707209,26.125916,UNCHECKED
1080p,45,val_045.png,1920,1080,2073600,tree_of_shapes,4/8,ref5_original,0,1,2963.656166,189711,189711,189711,proposed,20138,1873,19843,19883,0,0,393,17201122708615388300,1936.707209,26.125916,UNCHECKED
1080p,45,val_045.png,1920,1080,2073600,tree_of_shapes,4/8,ref5_original,1,0,2935.541833,189711,189711,189711,proposed,20138,1873,19843,19883,0,0,393,17201122708615388300,1936.707209,26.125916,UNCHECKED
1080p,45,val_045.png,1920,1080,2073600,tree_of_shapes,4/8,proposed,1,1,214.880958,189711,189711,189711,proposed,0,0,0,0,0,0,0,14909774497942030053,1936.707209,26.125916,UNCHECKED
1080p,45,val_045.png,1920,1080,2073600,tree_of_shapes,4/8,proposed,2,0,217.809583,189711,189711,189711,proposed,0,0,0,0,0,0,0,14909774497942030053,1936.707209,26.125916,UNCHECKED
1080p,45,val_045.png,1920,1080,2073600,tree_of_shapes,4/8,ref5_original,2,1,2921.400875,189711,189711,189711,proposed,20138,1873,19843,19883,0,0,393,17201122708615388300,1936.707209,26.125916,UNCHECKED
1080p,46,val_046.png,1920,1080,2073600,max_tree,8,ref6,0,0,221.055125,164836,164836,164836,proposed,0,0,0,0,0,0,0,17185170284324494958,410.368667,22.014750,UNCHECKED
1080p,46,val_046.png,1920,1080,2073600,max_tree,8,proposed,0,1,235.136875,164836,164836,164836,proposed,0,0,0,0,0,0,0,17185170284324494958,410.368667,22.014750,UNCHECKED
1080p,46,val_046.png,1920,1080,2073600,max_tree,8,proposed,1,0,236.276209,164836,164836,164836,proposed,0,0,0,0,0,0,0,17185170284324494958,410.368667,22.014750,UNCHECKED
1080p,46,val_046.png,1920,1080,2073600,max_tree,8,ref6,1,1,222.613750,164836,164836,164836,proposed,0,0,0,0,0,0,0,17185170284324494958,410.368667,22.014750,UNCHECKED
1080p,46,val_046.png,1920,1080,2073600,max_tree,8,ref6,2,0,224.357459,164836,164836,164836,proposed,0,0,0,0,0,0,0,17185170284324494958,410.368667,22.014750,UNCHECKED
1080p,46,val_046.png,1920,1080,2073600,max_tree,8,proposed,2,1,234.946083,164836,164836,164836,proposed,0,0,0,0,0,0,0,17185170284324494958,410.368667,22.014750,UNCHECKED
1080p,46,val_046.png,1920,1080,2073600,min_tree,8,proposed,0,0,241.497625,125245,125245,125245,proposed,0,0,0,0,0,0,0,7160389877111348124,406.578584,31.424292,UNCHECKED
1080p,46,val_046.png,1920,1080,2073600,min_tree,8,ref6,0,1,215.611750,125245,125245,125245,proposed,0,0,0,0,0,0,0,7160389877111348124,406.578584,31.424292,UNCHECKED
1080p,46,val_046.png,1920,1080,2073600,min_tree,8,ref6,1,0,217.637958,125245,125245,125245,proposed,0,0,0,0,0,0,0,7160389877111348124,406.578584,31.424292,UNCHECKED
1080p,46,val_046.png,1920,1080,2073600,min_tree,8,proposed,1,1,239.299167,125245,125245,125245,proposed,0,0,0,0,0,0,0,7160389877111348124,406.578584,31.424292,UNCHECKED
1080p,46,val_046.png,1920,1080,2073600,min_tree,8,proposed,2,0,240.867958,125245,125245,125245,proposed,0,0,0,0,0,0,0,7160389877111348124,406.578584,31.424292,UNCHECKED
1080p,46,val_046.png,1920,1080,2073600,min_tree,8,ref6,2,1,220.455959,125245,125245,125245,proposed,0,0,0,0,0,0,0,7160389877111348124,406.578584,31.424292,UNCHECKED
1080p,46,val_046.png,1920,1080,2073600,tree_of_shapes,4/8,ref5_original,0,0,3264.110083,314243,314243,314243,proposed,30706,3656,29960,30126,0,0,357,7668320387601381788,2258.863500,29.748458,UNCHECKED
1080p,46,val_046.png,1920,1080,2073600,tree_of_shapes,4/8,proposed,0,1,314.100458,314243,314243,314243,proposed,0,0,0,0,0,0,0,15062951599125871463,2258.863500,29.748458,UNCHECKED
1080p,46,val_046.png,1920,1080,2073600,tree_of_shapes,4/8,proposed,1,0,301.546041,314243,314243,314243,proposed,0,0,0,0,0,0,0,15062951599125871463,2258.863500,29.748458,UNCHECKED
1080p,46,val_046.png,1920,1080,2073600,tree_of_shapes,4/8,ref5_original,1,1,3194.263875,314243,314243,314243,proposed,30706,3656,29960,30126,0,0,357,7668320387601381788,2258.863500,29.748458,UNCHECKED
1080p,46,val_046.png,1920,1080,2073600,tree_of_shapes,4/8,ref5_original,2,0,3260.854750,314243,314243,314243,proposed,30706,3656,29960,30126,0,0,357,7668320387601381788,2258.863500,29.748458,UNCHECKED
1080p,46,val_046.png,1920,1080,2073600,tree_of_shapes,4/8,proposed,2,1,297.379125,314243,314243,314243,proposed,0,0,0,0,0,0,0,15062951599125871463,2258.863500,29.748458,UNCHECKED
1080p,47,val_047.png,1920,1080,2073600,max_tree,8,proposed,0,0,240.006291,153145,153145,153145,proposed,0,0,0,0,0,0,0,12596760529285481893,416.711709,25.029292,UNCHECKED
1080p,47,val_047.png,1920,1080,2073600,max_tree,8,ref6,0,1,217.187375,153145,153145,153145,proposed,0,0,0,0,0,0,0,12596760529285481893,416.711709,25.029292,UNCHECKED
1080p,47,val_047.png,1920,1080,2073600,max_tree,8,ref6,1,0,217.915250,153145,153145,153145,proposed,0,0,0,0,0,0,0,12596760529285481893,416.711709,25.029292,UNCHECKED
1080p,47,val_047.png,1920,1080,2073600,max_tree,8,proposed,1,1,239.966625,153145,153145,153145,proposed,0,0,0,0,0,0,0,12596760529285481893,416.711709,25.029292,UNCHECKED
1080p,47,val_047.png,1920,1080,2073600,max_tree,8,proposed,2,0,247.835125,153145,153145,153145,proposed,0,0,0,0,0,0,0,12596760529285481893,416.711709,25.029292,UNCHECKED
1080p,47,val_047.png,1920,1080,2073600,max_tree,8,ref6,2,1,218.138708,153145,153145,153145,proposed,0,0,0,0,0,0,0,12596760529285481893,416.711709,25.029292,UNCHECKED
1080p,47,val_047.png,1920,1080,2073600,min_tree,8,ref6,0,0,226.884708,143966,143966,143966,proposed,0,0,0,0,0,0,0,11852727792229572051,411.849375,26.034500,UNCHECKED
1080p,47,val_047.png,1920,1080,2073600,min_tree,8,proposed,0,1,232.507750,143966,143966,143966,proposed,0,0,0,0,0,0,0,11852727792229572051,411.849375,26.034500,UNCHECKED
1080p,47,val_047.png,1920,1080,2073600,min_tree,8,proposed,1,0,234.180833,143966,143966,143966,proposed,0,0,0,0,0,0,0,11852727792229572051,411.849375,26.034500,UNCHECKED
1080p,47,val_047.png,1920,1080,2073600,min_tree,8,ref6,1,1,217.483584,143966,143966,143966,proposed,0,0,0,0,0,0,0,11852727792229572051,411.849375,26.034500,UNCHECKED
1080p,47,val_047.png,1920,1080,2073600,min_tree,8,ref6,2,0,218.017916,143966,143966,143966,proposed,0,0,0,0,0,0,0,11852727792229572051,411.849375,26.034500,UNCHECKED
1080p,47,val_047.png,1920,1080,2073600,min_tree,8,proposed,2,1,244.839625,143966,143966,143966,proposed,0,0,0,0,0,0,0,11852727792229572051,411.849375,26.034500,UNCHECKED
1080p,47,val_047.png,1920,1080,2073600,tree_of_shapes,4/8,proposed,0,0,327.541667,323267,323267,323267,proposed,0,0,0,0,0,0,0,9799583050864403397,2152.184125,28.498208,UNCHECKED
1080p,47,val_047.png,1920,1080,2073600,tree_of_shapes,4/8,ref5_original,0,1,3202.643292,323267,323267,323267,proposed,38355,4171,37577,37738,0,0,348,5044313980396188685,2152.184125,28.498208,UNCHECKED
1080p,47,val_047.png,1920,1080,2073600,tree_of_shapes,4/8,ref5_original,1,0,3210.743416,323267,323267,323267,proposed,38355,4171,37577,37738,0,0,348,5044313980396188685,2152.184125,28.498208,UNCHECKED
1080p,47,val_047.png,1920,1080,2073600,tree_of_shapes,4/8,proposed,1,1,297.319250,323267,323267,323267,proposed,0,0,0,0,0,0,0,9799583050864403397,2152.184125,28.498208,UNCHECKED
1080p,47,val_047.png,1920,1080,2073600,tree_of_shapes,4/8,proposed,2,0,294.089708,323267,323267,323267,proposed,0,0,0,0,0,0,0,9799583050864403397,2152.184125,28.498208,UNCHECKED
1080p,47,val_047.png,1920,1080,2073600,tree_of_shapes,4/8,ref5_original,2,1,3202.822250,323267,323267,323267,proposed,38355,4171,37577,37738,0,0,348,5044313980396188685,2152.184125,28.498208,UNCHECKED
1080p,48,val_048.png,1920,1080,2073600,max_tree,8,ref6,0,0,228.327750,267234,267234,267234,proposed,0,0,0,0,0,0,0,11731061051867778555,455.954709,23.232209,UNCHECKED
1080p,48,val_048.png,1920,1080,2073600,max_tree,8,proposed,0,1,252.326792,267234,267234,267234,proposed,0,0,0,0,0,0,0,11731061051867778555,455.954709,23.232209,UNCHECKED
1080p,48,val_048.png,1920,1080,2073600,max_tree,8,proposed,1,0,254.716667,267234,267234,267234,proposed,0,0,0,0,0,0,0,11731061051867778555,455.954709,23.232209,UNCHECKED
1080p,48,val_048.png,1920,1080,2073600,max_tree,8,ref6,1,1,227.064041,267234,267234,267234,proposed,0,0,0,0,0,0,0,11731061051867778555,455.954709,23.232209,UNCHECKED
1080p,48,val_048.png,1920,1080,2073600,max_tree,8,ref6,2,0,227.340916,267234,267234,267234,proposed,0,0,0,0,0,0,0,11731061051867778555,455.954709,23.232209,UNCHECKED
1080p,48,val_048.png,1920,1080,2073600,max_tree,8,proposed,2,1,254.527375,267234,267234,267234,proposed,0,0,0,0,0,0,0,11731061051867778555,455.954709,23.232209,UNCHECKED
1080p,48,val_048.png,1920,1080,2073600,min_tree,8,proposed,0,0,247.492375,200208,200208,200208,proposed,0,0,0,0,0,0,0,2095474708585289665,452.394708,26.289041,UNCHECKED
1080p,48,val_048.png,1920,1080,2073600,min_tree,8,ref6,0,1,221.905083,200208,200208,200208,proposed,0,0,0,0,0,0,0,2095474708585289665,452.394708,26.289041,UNCHECKED
1080p,48,val_048.png,1920,1080,2073600,min_tree,8,ref6,1,0,218.811792,200208,200208,200208,proposed,0,0,0,0,0,0,0,2095474708585289665,452.394708,26.289041,UNCHECKED
1080p,48,val_048.png,1920,1080,2073600,min_tree,8,proposed,1,1,247.996458,200208,200208,200208,proposed,0,0,0,0,0,0,0,2095474708585289665,452.394708,26.289041,UNCHECKED
1080p,48,val_048.png,1920,1080,2073600,min_tree,8,proposed,2,0,302.168416,200208,200208,200208,proposed,0,0,0,0,0,0,0,2095474708585289665,452.394708,26.289041,UNCHECKED
1080p,48,val_048.png,1920,1080,2073600,min_tree,8,ref6,2,1,225.275875,200208,200208,200208,proposed,0,0,0,0,0,0,0,2095474708585289665,452.394708,26.289041,UNCHECKED
1080p,48,val_048.png,1920,1080,2073600,tree_of_shapes,4/8,ref5_original,0,0,3370.170542,504885,504885,504885,proposed,54483,7447,53012,53282,0,0,516,3063882357132055710,2469.067583,44.093583,UNCHECKED
1080p,48,val_048.png,1920,1080,2073600,tree_of_shapes,4/8,proposed,0,1,378.504208,504885,504885,504885,proposed,0,0,0,0,0,0,0,13792331090589055120,2469.067583,44.093583,UNCHECKED
1080p,48,val_048.png,1920,1080,2073600,tree_of_shapes,4/8,proposed,1,0,374.375209,504885,504885,504885,proposed,0,0,0,0,0,0,0,13792331090589055120,2469.067583,44.093583,UNCHECKED
1080p,48,val_048.png,1920,1080,2073600,tree_of_shapes,4/8,ref5_original,1,1,3344.237709,504885,504885,504885,proposed,54483,7447,53012,53282,0,0,516,3063882357132055710,2469.067583,44.093583,UNCHECKED
1080p,48,val_048.png,1920,1080,2073600,tree_of_shapes,4/8,ref5_original,2,0,3376.744584,504885,504885,504885,proposed,54483,7447,53012,53282,0,0,516,3063882357132055710,2469.067583,44.093583,UNCHECKED
1080p,48,val_048.png,1920,1080,2073600,tree_of_shapes,4/8,proposed,2,1,378.397333,504885,504885,504885,proposed,0,0,0,0,0,0,0,13792331090589055120,2469.067583,44.093583,UNCHECKED
1080p,49,val_049.png,1920,1080,2073600,max_tree,8,proposed,0,0,217.787166,90806,90806,90806,proposed,0,0,0,0,0,0,0,835219406785670967,362.666666,53.760500,UNCHECKED
1080p,49,val_049.png,1920,1080,2073600,max_tree,8,ref6,0,1,456.161542,90806,90806,90806,proposed,0,0,0,0,0,0,0,835219406785670967,362.666666,53.760500,UNCHECKED
1080p,49,val_049.png,1920,1080,2073600,max_tree,8,ref6,1,0,211.078166,90806,90806,90806,proposed,0,0,0,0,0,0,0,835219406785670967,362.666666,53.760500,UNCHECKED
1080p,49,val_049.png,1920,1080,2073600,max_tree,8,proposed,1,1,226.522833,90806,90806,90806,proposed,0,0,0,0,0,0,0,835219406785670967,362.666666,53.760500,UNCHECKED
1080p,49,val_049.png,1920,1080,2073600,max_tree,8,proposed,2,0,225.375458,90806,90806,90806,proposed,0,0,0,0,0,0,0,835219406785670967,362.666666,53.760500,UNCHECKED
1080p,49,val_049.png,1920,1080,2073600,max_tree,8,ref6,2,1,238.722667,90806,90806,90806,proposed,0,0,0,0,0,0,0,835219406785670967,362.666666,53.760500,UNCHECKED
1080p,49,val_049.png,1920,1080,2073600,min_tree,8,ref6,0,0,211.243166,75219,75219,75219,proposed,0,0,0,0,0,0,0,4081857194084986526,397.975208,67.090042,UNCHECKED
1080p,49,val_049.png,1920,1080,2073600,min_tree,8,proposed,0,1,221.872166,75219,75219,75219,proposed,0,0,0,0,0,0,0,4081857194084986526,397.975208,67.090042,UNCHECKED
1080p,49,val_049.png,1920,1080,2073600,min_tree,8,proposed,1,0,221.962250,75219,75219,75219,proposed,0,0,0,0,0,0,0,4081857194084986526,397.975208,67.090042,UNCHECKED
1080p,49,val_049.png,1920,1080,2073600,min_tree,8,ref6,1,1,212.009083,75219,75219,75219,proposed,0,0,0,0,0,0,0,4081857194084986526,397.975208,67.090042,UNCHECKED
1080p,49,val_049.png,1920,1080,2073600,min_tree,8,ref6,2,0,210.677291,75219,75219,75219,proposed,0,0,0,0,0,0,0,4081857194084986526,397.975208,67.090042,UNCHECKED
1080p,49,val_049.png,1920,1080,2073600,min_tree,8,proposed,2,1,219.801458,75219,75219,75219,proposed,0,0,0,0,0,0,0,4081857194084986526,397.975208,67.090042,UNCHECKED
1080p,49,val_049.png,1920,1080,2073600,tree_of_shapes,4/8,proposed,0,0,227.119625,182653,182653,182653,proposed,0,0,0,0,0,0,0,11007467524241776089,2129.497666,35.308041,UNCHECKED
1080p,49,val_049.png,1920,1080,2073600,tree_of_shapes,4/8,ref5_original,0,1,3114.950416,182653,182653,182653,proposed,15477,1760,15076,15181,0,0,277,13553515996030888769,2129.497666,35.308041,UNCHECKED
1080p,49,val_049.png,1920,1080,2073600,tree_of_shapes,4/8,ref5_original,1,0,3024.535291,182653,182653,182653,proposed,15477,1760,15076,15181,0,0,277,13553515996030888769,2129.497666,35.308041,UNCHECKED
1080p,49,val_049.png,1920,1080,2073600,tree_of_shapes,4/8,proposed,1,1,227.560833,182653,182653,182653,proposed,0,0,0,0,0,0,0,11007467524241776089,2129.497666,35.308041,UNCHECKED
1080p,49,val_049.png,1920,1080,2073600,tree_of_shapes,4/8,proposed,2,0,225.566791,182653,182653,182653,proposed,0,0,0,0,0,0,0,11007467524241776089,2129.497666,35.308041,UNCHECKED
1080p,49,val_049.png,1920,1080,2073600,tree_of_shapes,4/8,ref5_original,2,1,3019.758250,182653,182653,182653,proposed,15477,1760,15076,15181,0,0,277,13553515996030888769,2129.497666,35.308041,UNCHECKED
1080p,50,val_050.png,1920,1080,2073600,max_tree,8,ref6,0,0,216.635667,105475,105475,105475,proposed,0,0,0,0,0,0,0,15682204234647976193,386.152667,44.089750,UNCHECKED
1080p,50,val_050.png,1920,1080,2073600,max_tree,8,proposed,0,1,215.302750,105475,105475,105475,proposed,0,0,0,0,0,0,0,15682204234647976193,386.152667,44.089750,UNCHECKED
1080p,50,val_050.png,1920,1080,2073600,max_tree,8,proposed,1,0,219.009667,105475,105475,105475,proposed,0,0,0,0,0,0,0,15682204234647976193,386.152667,44.089750,UNCHECKED
1080p,50,val_050.png,1920,1080,2073600,max_tree,8,ref6,1,1,207.967792,105475,105475,105475,proposed,0,0,0,0,0,0,0,15682204234647976193,386.152667,44.089750,UNCHECKED
1080p,50,val_050.png,1920,1080,2073600,max_tree,8,ref6,2,0,214.218541,105475,105475,105475,proposed,0,0,0,0,0,0,0,15682204234647976193,386.152667,44.089750,UNCHECKED
1080p,50,val_050.png,1920,1080,2073600,max_tree,8,proposed,2,1,218.470708,105475,105475,105475,proposed,0,0,0,0,0,0,0,15682204234647976193,386.152667,44.089750,UNCHECKED
1080p,50,val_050.png,1920,1080,2073600,min_tree,8,proposed,0,0,219.564959,89028,89028,89028,proposed,0,0,0,0,0,0,0,240391643915156101,378.659084,59.485500,UNCHECKED
1080p,50,val_050.png,1920,1080,2073600,min_tree,8,ref6,0,1,211.500375,89028,89028,89028,proposed,0,0,0,0,0,0,0,240391643915156101,378.659084,59.485500,UNCHECKED
1080p,50,val_050.png,1920,1080,2073600,min_tree,8,ref6,1,0,211.477667,89028,89028,89028,proposed,0,0,0,0,0,0,0,240391643915156101,378.659084,59.485500,UNCHECKED
1080p,50,val_050.png,1920,1080,2073600,min_tree,8,proposed,1,1,221.818459,89028,89028,89028,proposed,0,0,0,0,0,0,0,240391643915156101,378.659084,59.485500,UNCHECKED
1080p,50,val_050.png,1920,1080,2073600,min_tree,8,proposed,2,0,221.977708,89028,89028,89028,proposed,0,0,0,0,0,0,0,240391643915156101,378.659084,59.485500,UNCHECKED
1080p,50,val_050.png,1920,1080,2073600,min_tree,8,ref6,2,1,210.737625,89028,89028,89028,proposed,0,0,0,0,0,0,0,240391643915156101,378.659084,59.485500,UNCHECKED
1080p,50,val_050.png,1920,1080,2073600,tree_of_shapes,4/8,ref5_original,0,0,3042.801167,212852,212852,212852,proposed,22492,2447,22081,22105,0,0,418,13662529268862131494,2011.763625,29.473167,UNCHECKED
1080p,50,val_050.png,1920,1080,2073600,tree_of_shapes,4/8,proposed,0,1,237.631500,212852,212852,212852,proposed,0,0,0,0,0,0,0,11175032006449165874,2011.763625,29.473167,UNCHECKED
1080p,50,val_050.png,1920,1080,2073600,tree_of_shapes,4/8,proposed,1,0,238.202916,212852,212852,212852,proposed,0,0,0,0,0,0,0,11175032006449165874,2011.763625,29.473167,UNCHECKED
1080p,50,val_050.png,1920,1080,2073600,tree_of_shapes,4/8,ref5_original,1,1,3030.917583,212852,212852,212852,proposed,22492,2447,22081,22105,0,0,418,13662529268862131494,2011.763625,29.473167,UNCHECKED
1080p,50,val_050.png,1920,1080,2073600,tree_of_shapes,4/8,ref5_original,2,0,3039.184875,212852,212852,212852,proposed,22492,2447,22081,22105,0,0,418,13662529268862131494,2011.763625,29.473167,UNCHECKED
1080p,50,val_050.png,1920,1080,2073600,tree_of_shapes,4/8,proposed,2,1,240.902125,212852,212852,212852,proposed,0,0,0,0,0,0,0,11175032006449165874,2011.763625,29.473167,UNCHECKED
1080p,51,val_051.png,1920,1080,2073600,max_tree,8,proposed,0,0,211.291041,143000,143000,143000,proposed,0,0,0,0,0,0,0,3596844363267758279,383.177500,44.297167,UNCHECKED
1080p,51,val_051.png,1920,1080,2073600,max_tree,8,ref6,0,1,217.149833,143000,143000,143000,proposed,0,0,0,0,0,0,0,3596844363267758279,383.177500,44.297167,UNCHECKED
1080p,51,val_051.png,1920,1080,2073600,max_tree,8,ref6,1,0,216.965542,143000,143000,143000,proposed,0,0,0,0,0,0,0,3596844363267758279,383.177500,44.297167,UNCHECKED
1080p,51,val_051.png,1920,1080,2073600,max_tree,8,proposed,1,1,207.139041,143000,143000,143000,proposed,0,0,0,0,0,0,0,3596844363267758279,383.177500,44.297167,UNCHECKED
1080p,51,val_051.png,1920,1080,2073600,max_tree,8,proposed,2,0,204.211875,143000,143000,143000,proposed,0,0,0,0,0,0,0,3596844363267758279,383.177500,44.297167,UNCHECKED
1080p,51,val_051.png,1920,1080,2073600,max_tree,8,ref6,2,1,205.139166,143000,143000,143000,proposed,0,0,0,0,0,0,0,3596844363267758279,383.177500,44.297167,UNCHECKED
1080p,51,val_051.png,1920,1080,2073600,min_tree,8,ref6,0,0,212.897500,117853,117853,117853,proposed,0,0,0,0,0,0,0,1754522999281068273,385.873958,47.798292,UNCHECKED
1080p,51,val_051.png,1920,1080,2073600,min_tree,8,proposed,0,1,214.153458,117853,117853,117853,proposed,0,0,0,0,0,0,0,1754522999281068273,385.873958,47.798292,UNCHECKED
1080p,51,val_051.png,1920,1080,2073600,min_tree,8,proposed,1,0,211.426458,117853,117853,117853,proposed,0,0,0,0,0,0,0,1754522999281068273,385.873958,47.798292,UNCHECKED
1080p,51,val_051.png,1920,1080,2073600,min_tree,8,ref6,1,1,208.500584,117853,117853,117853,proposed,0,0,0,0,0,0,0,1754522999281068273,385.873958,47.798292,UNCHECKED
1080p,51,val_051.png,1920,1080,2073600,min_tree,8,ref6,2,0,207.363375,117853,117853,117853,proposed,0,0,0,0,0,0,0,1754522999281068273,385.873958,47.798292,UNCHECKED
1080p,51,val_051.png,1920,1080,2073600,min_tree,8,proposed,2,1,209.443500,117853,117853,117853,proposed,0,0,0,0,0,0,0,1754522999281068273,385.873958,47.798292,UNCHECKED
1080p,51,val_051.png,1920,1080,2073600,tree_of_shapes,4/8,proposed,0,0,251.882167,280902,280902,280902,proposed,0,0,0,0,0,0,0,2408896622955625939,2089.954458,42.840792,UNCHECKED
1080p,51,val_051.png,1920,1080,2073600,tree_of_shapes,4/8,ref5_original,0,1,3046.274541,280902,280902,280902,proposed,27499,3761,26829,26844,0,0,388,15223254009549516400,2089.954458,42.840792,UNCHECKED
1080p,51,val_051.png,1920,1080,2073600,tree_of_shapes,4/8,ref5_original,1,0,3080.268917,280902,280902,280902,proposed,27499,3761,26829,26844,0,0,388,15223254009549516400,2089.954458,42.840792,UNCHECKED
1080p,51,val_051.png,1920,1080,2073600,tree_of_shapes,4/8,proposed,1,1,253.389542,280902,280902,280902,proposed,0,0,0,0,0,0,0,2408896622955625939,2089.954458,42.840792,UNCHECKED
1080p,51,val_051.png,1920,1080,2073600,tree_of_shapes,4/8,proposed,2,0,251.516708,280902,280902,280902,proposed,0,0,0,0,0,0,0,2408896622955625939,2089.954458,42.840792,UNCHECKED
1080p,51,val_051.png,1920,1080,2073600,tree_of_shapes,4/8,ref5_original,2,1,3043.624500,280902,280902,280902,proposed,27499,3761,26829,26844,0,0,388,15223254009549516400,2089.954458,42.840792,UNCHECKED
1080p,52,val_052.png,1920,1080,2073600,max_tree,8,ref6,0,0,207.398041,92332,92332,92332,proposed,0,0,0,0,0,0,0,1149428404814945598,362.819959,57.632667,UNCHECKED
1080p,52,val_052.png,1920,1080,2073600,max_tree,8,proposed,0,1,200.647833,92332,92332,92332,proposed,0,0,0,0,0,0,0,1149428404814945598,362.819959,57.632667,UNCHECKED
1080p,52,val_052.png,1920,1080,2073600,max_tree,8,proposed,1,0,203.891625,92332,92332,92332,proposed,0,0,0,0,0,0,0,1149428404814945598,362.819959,57.632667,UNCHECKED
1080p,52,val_052.png,1920,1080,2073600,max_tree,8,ref6,1,1,206.775041,92332,92332,92332,proposed,0,0,0,0,0,0,0,1149428404814945598,362.819959,57.632667,UNCHECKED
1080p,52,val_052.png,1920,1080,2073600,max_tree,8,ref6,2,0,205.588208,92332,92332,92332,proposed,0,0,0,0,0,0,0,1149428404814945598,362.819959,57.632667,UNCHECKED
1080p,52,val_052.png,1920,1080,2073600,max_tree,8,proposed,2,1,202.061750,92332,92332,92332,proposed,0,0,0,0,0,0,0,1149428404814945598,362.819959,57.632667,UNCHECKED
1080p,52,val_052.png,1920,1080,2073600,min_tree,8,proposed,0,0,204.846625,77238,77238,77238,proposed,0,0,0,0,0,0,0,17322939494569589909,357.448875,63.098667,UNCHECKED
1080p,52,val_052.png,1920,1080,2073600,min_tree,8,ref6,0,1,214.589333,77238,77238,77238,proposed,0,0,0,0,0,0,0,17322939494569589909,357.448875,63.098667,UNCHECKED
1080p,52,val_052.png,1920,1080,2073600,min_tree,8,ref6,1,0,209.749542,77238,77238,77238,proposed,0,0,0,0,0,0,0,17322939494569589909,357.448875,63.098667,UNCHECKED
1080p,52,val_052.png,1920,1080,2073600,min_tree,8,proposed,1,1,201.940250,77238,77238,77238,proposed,0,0,0,0,0,0,0,17322939494569589909,357.448875,63.098667,UNCHECKED
1080p,52,val_052.png,1920,1080,2073600,min_tree,8,proposed,2,0,203.434500,77238,77238,77238,proposed,0,0,0,0,0,0,0,17322939494569589909,357.448875,63.098667,UNCHECKED
1080p,52,val_052.png,1920,1080,2073600,min_tree,8,ref6,2,1,205.628375,77238,77238,77238,proposed,0,0,0,0,0,0,0,17322939494569589909,357.448875,63.098667,UNCHECKED
1080p,52,val_052.png,1920,1080,2073600,tree_of_shapes,4/8,ref5_original,0,0,2936.608292,188500,188500,188500,proposed,16488,2116,16015,16181,0,0,262,2640850027786583352,1935.425167,51.249416,UNCHECKED
1080p,52,val_052.png,1920,1080,2073600,tree_of_shapes,4/8,proposed,0,1,209.916042,188500,188500,188500,proposed,0,0,0,0,0,0,0,15624784347595221531,1935.425167,51.249416,UNCHECKED
1080p,52,val_052.png,1920,1080,2073600,tree_of_shapes,4/8,proposed,1,0,210.639916,188500,188500,188500,proposed,0,0,0,0,0,0,0,15624784347595221531,1935.425167,51.249416,UNCHECKED
1080p,52,val_052.png,1920,1080,2073600,tree_of_shapes,4/8,ref5_original,1,1,2917.238583,188500,188500,188500,proposed,16488,2116,16015,16181,0,0,262,2640850027786583352,1935.425167,51.249416,UNCHECKED
1080p,52,val_052.png,1920,1080,2073600,tree_of_shapes,4/8,ref5_original,2,0,2953.571208,188500,188500,188500,proposed,16488,2116,16015,16181,0,0,262,2640850027786583352,1935.425167,51.249416,UNCHECKED
1080p,52,val_052.png,1920,1080,2073600,tree_of_shapes,4/8,proposed,2,1,212.786125,188500,188500,188500,proposed,0,0,0,0,0,0,0,15624784347595221531,1935.425167,51.249416,UNCHECKED
1080p,53,val_053.png,1920,1080,2073600,max_tree,8,proposed,0,0,222.309750,119475,119475,119475,proposed,0,0,0,0,0,0,0,13694003796341424971,385.923333,32.913708,UNCHECKED
1080p,53,val_053.png,1920,1080,2073600,max_tree,8,ref6,0,1,214.243417,119475,119475,119475,proposed,0,0,0,0,0,0,0,13694003796341424971,385.923333,32.913708,UNCHECKED
1080p,53,val_053.png,1920,1080,2073600,max_tree,8,ref6,1,0,217.340500,119475,119475,119475,proposed,0,0,0,0,0,0,0,13694003796341424971,385.923333,32.913708,UNCHECKED
1080p,53,val_053.png,1920,1080,2073600,max_tree,8,proposed,1,1,212.198083,119475,119475,119475,proposed,0,0,0,0,0,0,0,13694003796341424971,385.923333,32.913708,UNCHECKED
1080p,53,val_053.png,1920,1080,2073600,max_tree,8,proposed,2,0,220.013792,119475,119475,119475,proposed,0,0,0,0,0,0,0,13694003796341424971,385.923333,32.913708,UNCHECKED
1080p,53,val_053.png,1920,1080,2073600,max_tree,8,ref6,2,1,215.399959,119475,119475,119475,proposed,0,0,0,0,0,0,0,13694003796341424971,385.923333,32.913708,UNCHECKED
1080p,53,val_053.png,1920,1080,2073600,min_tree,8,ref6,0,0,216.361166,101772,101772,101772,proposed,0,0,0,0,0,0,0,14628869394078811013,375.247958,36.775708,UNCHECKED
1080p,53,val_053.png,1920,1080,2073600,min_tree,8,proposed,0,1,220.197625,101772,101772,101772,proposed,0,0,0,0,0,0,0,14628869394078811013,375.247958,36.775708,UNCHECKED
1080p,53,val_053.png,1920,1080,2073600,min_tree,8,proposed,1,0,220.003209,101772,101772,101772,proposed,0,0,0,0,0,0,0,14628869394078811013,375.247958,36.775708,UNCHECKED
1080p,53,val_053.png,1920,1080,2073600,min_tree,8,ref6,1,1,205.407500,101772,101772,101772,proposed,0,0,0,0,0,0,0,14628869394078811013,375.247958,36.775708,UNCHECKED
1080p,53,val_053.png,1920,1080,2073600,min_tree,8,ref6,2,0,209.657250,101772,101772,101772,proposed,0,0,0,0,0,0,0,14628869394078811013,375.247958,36.775708,UNCHECKED
1080p,53,val_053.png,1920,1080,2073600,min_tree,8,proposed,2,1,219.289375,101772,101772,101772,proposed,0,0,0,0,0,0,0,14628869394078811013,375.247958,36.775708,UNCHECKED
1080p,53,val_053.png,1920,1080,2073600,tree_of_shapes,4/8,proposed,0,0,246.885416,243400,243400,243400,proposed,0,0,0,0,0,0,0,2981892612985786375,1918.800250,27.212458,UNCHECKED
1080p,53,val_053.png,1920,1080,2073600,tree_of_shapes,4/8,ref5_original,0,1,3023.981750,243400,243400,243400,proposed,26239,3175,25712,25809,0,0,448,1359764580480296684,1918.800250,27.212458,UNCHECKED
1080p,53,val_053.png,1920,1080,2073600,tree_of_shapes,4/8,ref5_original,1,0,3010.715083,243400,243400,243400,proposed,26239,3175,25712,25809,0,0,448,1359764580480296684,1918.800250,27.212458,UNCHECKED
1080p,53,val_053.png,1920,1080,2073600,tree_of_shapes,4/8,proposed,1,1,248.004709,243400,243400,243400,proposed,0,0,0,0,0,0,0,2981892612985786375,1918.800250,27.212458,UNCHECKED
1080p,53,val_053.png,1920,1080,2073600,tree_of_shapes,4/8,proposed,2,0,249.499791,243400,243400,243400,proposed,0,0,0,0,0,0,0,2981892612985786375,1918.800250,27.212458,UNCHECKED
1080p,53,val_053.png,1920,1080,2073600,tree_of_shapes,4/8,ref5_original,2,1,3021.004125,243400,243400,243400,proposed,26239,3175,25712,25809,0,0,448,1359764580480296684,1918.800250,27.212458,UNCHECKED
1080p,54,val_054.png,1920,1080,2073600,max_tree,8,ref6,0,0,218.463958,152773,152773,152773,proposed,0,0,0,0,0,0,0,15557453535046302222,377.196500,48.913875,UNCHECKED
1080p,54,val_054.png,1920,1080,2073600,max_tree,8,proposed,0,1,211.003084,152773,152773,152773,proposed,0,0,0,0,0,0,0,15557453535046302222,377.196500,48.913875,UNCHECKED
1080p,54,val_054.png,1920,1080,2073600,max_tree,8,proposed,1,0,232.663208,152773,152773,152773,proposed,0,0,0,0,0,0,0,15557453535046302222,377.196500,48.913875,UNCHECKED
1080p,54,val_054.png,1920,1080,2073600,max_tree,8,ref6,1,1,220.997833,152773,152773,152773,proposed,0,0,0,0,0,0,0,15557453535046302222,377.196500,48.913875,UNCHECKED
1080p,54,val_054.png,1920,1080,2073600,max_tree,8,ref6,2,0,218.336000,152773,152773,152773,proposed,0,0,0,0,0,0,0,15557453535046302222,377.196500,48.913875,UNCHECKED
1080p,54,val_054.png,1920,1080,2073600,max_tree,8,proposed,2,1,207.254083,152773,152773,152773,proposed,0,0,0,0,0,0,0,15557453535046302222,377.196500,48.913875,UNCHECKED
1080p,54,val_054.png,1920,1080,2073600,min_tree,8,proposed,0,0,203.234166,135839,135839,135839,proposed,0,0,0,0,0,0,0,16818097450179519618,374.589583,52.062459,UNCHECKED
1080p,54,val_054.png,1920,1080,2073600,min_tree,8,ref6,0,1,208.147042,135839,135839,135839,proposed,0,0,0,0,0,0,0,16818097450179519618,374.589583,52.062459,UNCHECKED
1080p,54,val_054.png,1920,1080,2073600,min_tree,8,ref6,1,0,204.594500,135839,135839,135839,proposed,0,0,0,0,0,0,0,16818097450179519618,374.589583,52.062459,UNCHECKED
1080p,54,val_054.png,1920,1080,2073600,min_tree,8,proposed,1,1,203.717250,135839,135839,135839,proposed,0,0,0,0,0,0,0,16818097450179519618,374.589583,52.062459,UNCHECKED
1080p,54,val_054.png,1920,1080,2073600,min_tree,8,proposed,2,0,201.083541,135839,135839,135839,proposed,0,0,0,0,0,0,0,16818097450179519618,374.589583,52.062459,UNCHECKED
1080p,54,val_054.png,1920,1080,2073600,min_tree,8,ref6,2,1,211.644041,135839,135839,135839,proposed,0,0,0,0,0,0,0,16818097450179519618,374.589583,52.062459,UNCHECKED
1080p,54,val_054.png,1920,1080,2073600,tree_of_shapes,4/8,ref5_original,0,0,2982.296792,310714,310714,310714,proposed,37488,3664,36990,36918,0,0,276,2967417186682290621,1985.781833,51.488416,UNCHECKED
1080p,54,val_054.png,1920,1080,2073600,tree_of_shapes,4/8,proposed,0,1,244.639500,310714,310714,310714,proposed,0,0,0,0,0,0,0,10853293532973557934,1985.781833,51.488416,UNCHECKED
1080p,54,val_054.png,1920,1080,2073600,tree_of_shapes,4/8,proposed,1,0,244.366542,310714,310714,310714,proposed,0,0,0,0,0,0,0,10853293532973557934,1985.781833,51.488416,UNCHECKED
1080p,54,val_054.png,1920,1080,2073600,tree_of_shapes,4/8,ref5_original,1,1,2995.807083,310714,310714,310714,proposed,37488,3664,36990,36918,0,0,276,2967417186682290621,1985.781833,51.488416,UNCHECKED
1080p,54,val_054.png,1920,1080,2073600,tree_of_shapes,4/8,ref5_original,2,0,3003.358333,310714,310714,310714,proposed,37488,3664,36990,36918,0,0,276,2967417186682290621,1985.781833,51.488416,UNCHECKED
1080p,54,val_054.png,1920,1080,2073600,tree_of_shapes,4/8,proposed,2,1,242.507916,310714,310714,310714,proposed,0,0,0,0,0,0,0,10853293532973557934,1985.781833,51.488416,UNCHECKED
1080p,55,val_055.png,1920,1080,2073600,max_tree,8,proposed,0,0,250.633458,230019,230019,230019,proposed,0,0,0,0,0,0,0,14854633443307009248,430.764000,29.459584,UNCHECKED
1080p,55,val_055.png,1920,1080,2073600,max_tree,8,ref6,0,1,225.074583,230019,230019,230019,proposed,0,0,0,0,0,0,0,14854633443307009248,430.764000,29.459584,UNCHECKED
1080p,55,val_055.png,1920,1080,2073600,max_tree,8,ref6,1,0,223.502250,230019,230019,230019,proposed,0,0,0,0,0,0,0,14854633443307009248,430.764000,29.459584,UNCHECKED
1080p,55,val_055.png,1920,1080,2073600,max_tree,8,proposed,1,1,248.848625,230019,230019,230019,proposed,0,0,0,0,0,0,0,14854633443307009248,430.764000,29.459584,UNCHECKED
1080p,55,val_055.png,1920,1080,2073600,max_tree,8,proposed,2,0,251.015875,230019,230019,230019,proposed,0,0,0,0,0,0,0,14854633443307009248,430.764000,29.459584,UNCHECKED
1080p,55,val_055.png,1920,1080,2073600,max_tree,8,ref6,2,1,216.995250,230019,230019,230019,proposed,0,0,0,0,0,0,0,14854633443307009248,430.764000,29.459584,UNCHECKED
1080p,55,val_055.png,1920,1080,2073600,min_tree,8,ref6,0,0,219.225625,167065,167065,167065,proposed,0,0,0,0,0,0,0,2003133141038071616,427.715209,30.828125,UNCHECKED
1080p,55,val_055.png,1920,1080,2073600,min_tree,8,proposed,0,1,243.962209,167065,167065,167065,proposed,0,0,0,0,0,0,0,2003133141038071616,427.715209,30.828125,UNCHECKED
1080p,55,val_055.png,1920,1080,2073600,min_tree,8,proposed,1,0,245.002041,167065,167065,167065,proposed,0,0,0,0,0,0,0,2003133141038071616,427.715209,30.828125,UNCHECKED
1080p,55,val_055.png,1920,1080,2073600,min_tree,8,ref6,1,1,230.537000,167065,167065,167065,proposed,0,0,0,0,0,0,0,2003133141038071616,427.715209,30.828125,UNCHECKED
1080p,55,val_055.png,1920,1080,2073600,min_tree,8,ref6,2,0,226.080583,167065,167065,167065,proposed,0,0,0,0,0,0,0,2003133141038071616,427.715209,30.828125,UNCHECKED
1080p,55,val_055.png,1920,1080,2073600,min_tree,8,proposed,2,1,247.026333,167065,167065,167065,proposed,0,0,0,0,0,0,0,2003133141038071616,427.715209,30.828125,UNCHECKED
1080p,55,val_055.png,1920,1080,2073600,tree_of_shapes,4/8,proposed,0,0,325.145791,431141,431141,431141,proposed,0,0,0,0,0,0,0,5006563753674428549,2250.179667,39.752333,UNCHECKED
1080p,55,val_055.png,1920,1080,2073600,tree_of_shapes,4/8,ref5_original,0,1,3298.108750,431141,431141,431141,proposed,46094,5685,44988,45171,0,0,446,17394334069760992264,2250.179667,39.752333,UNCHECKED
1080p,55,val_055.png,1920,1080,2073600,tree_of_shapes,4/8,ref5_original,1,0,3254.807250,431141,431141,431141,proposed,46094,5685,44988,45171,0,0,446,17394334069760992264,2250.179667,39.752333,UNCHECKED
1080p,55,val_055.png,1920,1080,2073600,tree_of_shapes,4/8,proposed,1,1,319.499334,431141,431141,431141,proposed,0,0,0,0,0,0,0,5006563753674428549,2250.179667,39.752333,UNCHECKED
1080p,55,val_055.png,1920,1080,2073600,tree_of_shapes,4/8,proposed,2,0,321.336000,431141,431141,431141,proposed,0,0,0,0,0,0,0,5006563753674428549,2250.179667,39.752333,UNCHECKED
1080p,55,val_055.png,1920,1080,2073600,tree_of_shapes,4/8,ref5_original,2,1,3268.514167,431141,431141,431141,proposed,46094,5685,44988,45171,0,0,446,17394334069760992264,2250.179667,39.752333,UNCHECKED
1080p,56,val_056.png,1920,1080,2073600,max_tree,8,ref6,0,0,210.012583,95965,95965,95965,proposed,0,0,0,0,0,0,0,14386935684985550288,370.454833,42.867792,UNCHECKED
1080p,56,val_056.png,1920,1080,2073600,max_tree,8,proposed,0,1,219.060458,95965,95965,95965,proposed,0,0,0,0,0,0,0,14386935684985550288,370.454833,42.867792,UNCHECKED
1080p,56,val_056.png,1920,1080,2073600,max_tree,8,proposed,1,0,214.947292,95965,95965,95965,proposed,0,0,0,0,0,0,0,14386935684985550288,370.454833,42.867792,UNCHECKED
1080p,56,val_056.png,1920,1080,2073600,max_tree,8,ref6,1,1,209.799125,95965,95965,95965,proposed,0,0,0,0,0,0,0,14386935684985550288,370.454833,42.867792,UNCHECKED
1080p,56,val_056.png,1920,1080,2073600,max_tree,8,ref6,2,0,214.839917,95965,95965,95965,proposed,0,0,0,0,0,0,0,14386935684985550288,370.454833,42.867792,UNCHECKED
1080p,56,val_056.png,1920,1080,2073600,max_tree,8,proposed,2,1,216.573875,95965,95965,95965,proposed,0,0,0,0,0,0,0,14386935684985550288,370.454833,42.867792,UNCHECKED
1080p,56,val_056.png,1920,1080,2073600,min_tree,8,proposed,0,0,208.303083,80653,80653,80653,proposed,0,0,0,0,0,0,0,14298325268109956157,367.278500,49.444208,UNCHECKED
1080p,56,val_056.png,1920,1080,2073600,min_tree,8,ref6,0,1,205.594125,80653,80653,80653,proposed,0,0,0,0,0,0,0,14298325268109956157,367.278500,49.444208,UNCHECKED
1080p,56,val_056.png,1920,1080,2073600,min_tree,8,ref6,1,0,211.433709,80653,80653,80653,proposed,0,0,0,0,0,0,0,14298325268109956157,367.278500,49.444208,UNCHECKED
1080p,56,val_056.png,1920,1080,2073600,min_tree,8,proposed,1,1,208.982416,80653,80653,80653,proposed,0,0,0,0,0,0,0,14298325268109956157,367.278500,49.444208,UNCHECKED
1080p,56,val_056.png,1920,1080,2073600,min_tree,8,proposed,2,0,211.616292,80653,80653,80653,proposed,0,0,0,0,0,0,0,14298325268109956157,367.278500,49.444208,UNCHECKED
1080p,56,val_056.png,1920,1080,2073600,min_tree,8,ref6,2,1,215.502708,80653,80653,80653,proposed,0,0,0,0,0,0,0,14298325268109956157,367.278500,49.444208,UNCHECKED
1080p,56,val_056.png,1920,1080,2073600,tree_of_shapes,4/8,ref5_original,0,0,2973.423083,189996,189996,189996,proposed,17407,2197,16979,17100,0,0,289,524294725197568497,1946.453959,24.458666,UNCHECKED
1080p,56,val_056.png,1920,1080,2073600,tree_of_shapes,4/8,proposed,0,1,220.192875,189996,189996,189996,proposed,0,0,0,0,0,0,0,14931395411304124108,1946.453959,24.458666,UNCHECKED
1080p,56,val_056.png,1920,1080,2073600,tree_of_shapes,4/8,proposed,1,0,221.903250,189996,189996,189996,proposed,0,0,0,0,0,0,0,14931395411304124108,1946.453959,24.458666,UNCHECKED
1080p,56,val_056.png,1920,1080,2073600,tree_of_shapes,4/8,ref5_original,1,1,2986.293625,189996,189996,189996,proposed,17407,2197,16979,17100,0,0,289,524294725197568497,1946.453959,24.458666,UNCHECKED
1080p,56,val_056.png,1920,1080,2073600,tree_of_shapes,4/8,ref5_original,2,0,2966.278625,189996,189996,189996,proposed,17407,2197,16979,17100,0,0,289,524294725197568497,1946.453959,24.458666,UNCHECKED
1080p,56,val_056.png,1920,1080,2073600,tree_of_shapes,4/8,proposed,2,1,219.083583,189996,189996,189996,proposed,0,0,0,0,0,0,0,14931395411304124108,1946.453959,24.458666,UNCHECKED
1080p,57,val_057.png,1920,1080,2073600,max_tree,8,proposed,0,0,220.894917,122888,122888,122888,proposed,0,0,0,0,0,0,0,3136619706090144334,373.791791,35.526167,UNCHECKED
1080p,57,val_057.png,1920,1080,2073600,max_tree,8,ref6,0,1,220.259625,122888,122888,122888,proposed,0,0,0,0,0,0,0,3136619706090144334,373.791791,35.526167,UNCHECKED
1080p,57,val_057.png,1920,1080,2073600,max_tree,8,ref6,1,0,216.871959,122888,122888,122888,proposed,0,0,0,0,0,0,0,3136619706090144334,373.791791,35.526167,UNCHECKED
1080p,57,val_057.png,1920,1080,2073600,max_tree,8,proposed,1,1,226.219708,122888,122888,122888,proposed,0,0,0,0,0,0,0,3136619706090144334,373.791791,35.526167,UNCHECKED
1080p,57,val_057.png,1920,1080,2073600,max_tree,8,proposed,2,0,228.665916,122888,122888,122888,proposed,0,0,0,0,0,0,0,3136619706090144334,373.791791,35.526167,UNCHECKED
1080p,57,val_057.png,1920,1080,2073600,max_tree,8,ref6,2,1,216.239292,122888,122888,122888,proposed,0,0,0,0,0,0,0,3136619706090144334,373.791791,35.526167,UNCHECKED
1080p,57,val_057.png,1920,1080,2073600,min_tree,8,ref6,0,0,234.606666,114987,114987,114987,proposed,0,0,0,0,0,0,0,2635388304285607029,391.883750,40.883791,UNCHECKED
1080p,57,val_057.png,1920,1080,2073600,min_tree,8,proposed,0,1,224.614417,114987,114987,114987,proposed,0,0,0,0,0,0,0,2635388304285607029,391.883750,40.883791,UNCHECKED
1080p,57,val_057.png,1920,1080,2073600,min_tree,8,proposed,1,0,226.003542,114987,114987,114987,proposed,0,0,0,0,0,0,0,2635388304285607029,391.883750,40.883791,UNCHECKED
1080p,57,val_057.png,1920,1080,2073600,min_tree,8,ref6,1,1,217.192292,114987,114987,114987,proposed,0,0,0,0,0,0,0,2635388304285607029,391.883750,40.883791,UNCHECKED
1080p,57,val_057.png,1920,1080,2073600,min_tree,8,ref6,2,0,219.529625,114987,114987,114987,proposed,0,0,0,0,0,0,0,2635388304285607029,391.883750,40.883791,UNCHECKED
1080p,57,val_057.png,1920,1080,2073600,min_tree,8,proposed,2,1,225.743625,114987,114987,114987,proposed,0,0,0,0,0,0,0,2635388304285607029,391.883750,40.883791,UNCHECKED
1080p,57,val_057.png,1920,1080,2073600,tree_of_shapes,4/8,proposed,0,0,259.921250,264924,264924,264924,proposed,0,0,0,0,0,0,0,789272749725615,2019.230416,29.846375,UNCHECKED
1080p,57,val_057.png,1920,1080,2073600,tree_of_shapes,4/8,ref5_original,0,1,3061.131917,264924,264924,264924,proposed,28205,3501,27561,27695,0,0,369,16915802801633287123,2019.230416,29.846375,UNCHECKED
1080p,57,val_057.png,1920,1080,2073600,tree_of_shapes,4/8,ref5_original,1,0,3135.749292,264924,264924,264924,proposed,28205,3501,27561,27695,0,0,369,16915802801633287123,2019.230416,29.846375,UNCHECKED
1080p,57,val_057.png,1920,1080,2073600,tree_of_shapes,4/8,proposed,1,1,253.017166,264924,264924,264924,proposed,0,0,0,0,0,0,0,789272749725615,2019.230416,29.846375,UNCHECKED
1080p,57,val_057.png,1920,1080,2073600,tree_of_shapes,4/8,proposed,2,0,253.171041,264924,264924,264924,proposed,0,0,0,0,0,0,0,789272749725615,2019.230416,29.846375,UNCHECKED
1080p,57,val_057.png,1920,1080,2073600,tree_of_shapes,4/8,ref5_original,2,1,3115.117125,264924,264924,264924,proposed,28205,3501,27561,27695,0,0,369,16915802801633287123,2019.230416,29.846375,UNCHECKED
1080p,58,val_058.png,1920,1080,2073600,max_tree,8,ref6,0,0,225.069375,279706,279706,279706,proposed,0,0,0,0,0,0,0,17233179669230008488,456.994792,23.273542,UNCHECKED
1080p,58,val_058.png,1920,1080,2073600,max_tree,8,proposed,0,1,248.207709,279706,279706,279706,proposed,0,0,0,0,0,0,0,17233179669230008488,456.994792,23.273542,UNCHECKED
1080p,58,val_058.png,1920,1080,2073600,max_tree,8,proposed,1,0,251.170792,279706,279706,279706,proposed,0,0,0,0,0,0,0,17233179669230008488,456.994792,23.273542,UNCHECKED
1080p,58,val_058.png,1920,1080,2073600,max_tree,8,ref6,1,1,226.849750,279706,279706,279706,proposed,0,0,0,0,0,0,0,17233179669230008488,456.994792,23.273542,UNCHECKED
1080p,58,val_058.png,1920,1080,2073600,max_tree,8,ref6,2,0,224.726208,279706,279706,279706,proposed,0,0,0,0,0,0,0,17233179669230008488,456.994792,23.273542,UNCHECKED
1080p,58,val_058.png,1920,1080,2073600,max_tree,8,proposed,2,1,247.515541,279706,279706,279706,proposed,0,0,0,0,0,0,0,17233179669230008488,456.994792,23.273542,UNCHECKED
1080p,58,val_058.png,1920,1080,2073600,min_tree,8,proposed,0,0,249.913000,208282,208282,208282,proposed,0,0,0,0,0,0,0,3026299927452752151,440.788709,21.106208,UNCHECKED
1080p,58,val_058.png,1920,1080,2073600,min_tree,8,ref6,0,1,220.959709,208282,208282,208282,proposed,0,0,0,0,0,0,0,3026299927452752151,440.788709,21.106208,UNCHECKED
1080p,58,val_058.png,1920,1080,2073600,min_tree,8,ref6,1,0,221.097709,208282,208282,208282,proposed,0,0,0,0,0,0,0,3026299927452752151,440.788709,21.106208,UNCHECKED
1080p,58,val_058.png,1920,1080,2073600,min_tree,8,proposed,1,1,242.629750,208282,208282,208282,proposed,0,0,0,0,0,0,0,3026299927452752151,440.788709,21.106208,UNCHECKED
1080p,58,val_058.png,1920,1080,2073600,min_tree,8,proposed,2,0,242.259375,208282,208282,208282,proposed,0,0,0,0,0,0,0,3026299927452752151,440.788709,21.106208,UNCHECKED
1080p,58,val_058.png,1920,1080,2073600,min_tree,8,ref6,2,1,220.812125,208282,208282,208282,proposed,0,0,0,0,0,0,0,3026299927452752151,440.788709,21.106208,UNCHECKED
1080p,58,val_058.png,1920,1080,2073600,tree_of_shapes,4/8,ref5_original,0,0,3355.082250,525145,525145,525145,proposed,60096,7759,58675,58877,0,0,548,5429415456721186142,2530.721833,43.963584,UNCHECKED
1080p,58,val_058.png,1920,1080,2073600,tree_of_shapes,4/8,proposed,0,1,381.391541,525145,525145,525145,proposed,0,0,0,0,0,0,0,11287440265730982380,2530.721833,43.963584,UNCHECKED
1080p,58,val_058.png,1920,1080,2073600,tree_of_shapes,4/8,proposed,1,0,399.682417,525145,525145,525145,proposed,0,0,0,0,0,0,0,11287440265730982380,2530.721833,43.963584,UNCHECKED
1080p,58,val_058.png,1920,1080,2073600,tree_of_shapes,4/8,ref5_original,1,1,3337.690583,525145,525145,525145,proposed,60096,7759,58675,58877,0,0,548,5429415456721186142,2530.721833,43.963584,UNCHECKED
1080p,58,val_058.png,1920,1080,2073600,tree_of_shapes,4/8,ref5_original,2,0,3357.036042,525145,525145,525145,proposed,60096,7759,58675,58877,0,0,548,5429415456721186142,2530.721833,43.963584,UNCHECKED
1080p,58,val_058.png,1920,1080,2073600,tree_of_shapes,4/8,proposed,2,1,375.531208,525145,525145,525145,proposed,0,0,0,0,0,0,0,11287440265730982380,2530.721833,43.963584,UNCHECKED
1080p,59,val_059.png,1920,1080,2073600,max_tree,8,proposed,0,0,211.823041,56110,56110,56110,proposed,0,0,0,0,0,0,0,9181293603760472643,351.182583,60.778000,UNCHECKED
1080p,59,val_059.png,1920,1080,2073600,max_tree,8,ref6,0,1,207.502292,56110,56110,56110,proposed,0,0,0,0,0,0,0,9181293603760472643,351.182583,60.778000,UNCHECKED
1080p,59,val_059.png,1920,1080,2073600,max_tree,8,ref6,1,0,210.674292,56110,56110,56110,proposed,0,0,0,0,0,0,0,9181293603760472643,351.182583,60.778000,UNCHECKED
1080p,59,val_059.png,1920,1080,2073600,max_tree,8,proposed,1,1,199.037791,56110,56110,56110,proposed,0,0,0,0,0,0,0,9181293603760472643,351.182583,60.778000,UNCHECKED
1080p,59,val_059.png,1920,1080,2073600,max_tree,8,proposed,2,0,202.758125,56110,56110,56110,proposed,0,0,0,0,0,0,0,9181293603760472643,351.182583,60.778000,UNCHECKED
1080p,59,val_059.png,1920,1080,2073600,max_tree,8,ref6,2,1,212.262416,56110,56110,56110,proposed,0,0,0,0,0,0,0,9181293603760472643,351.182583,60.778000,UNCHECKED
1080p,59,val_059.png,1920,1080,2073600,min_tree,8,ref6,0,0,206.406458,59942,59942,59942,proposed,0,0,0,0,0,0,0,5281916082308150109,346.476875,62.543500,UNCHECKED
1080p,59,val_059.png,1920,1080,2073600,min_tree,8,proposed,0,1,210.061666,59942,59942,59942,proposed,0,0,0,0,0,0,0,5281916082308150109,346.476875,62.543500,UNCHECKED
1080p,59,val_059.png,1920,1080,2073600,min_tree,8,proposed,1,0,242.003417,59942,59942,59942,proposed,0,0,0,0,0,0,0,5281916082308150109,346.476875,62.543500,UNCHECKED
1080p,59,val_059.png,1920,1080,2073600,min_tree,8,ref6,1,1,203.137417,59942,59942,59942,proposed,0,0,0,0,0,0,0,5281916082308150109,346.476875,62.543500,UNCHECKED
1080p,59,val_059.png,1920,1080,2073600,min_tree,8,ref6,2,0,199.596042,59942,59942,59942,proposed,0,0,0,0,0,0,0,5281916082308150109,346.476875,62.543500,UNCHECKED
1080p,59,val_059.png,1920,1080,2073600,min_tree,8,proposed,2,1,207.624625,59942,59942,59942,proposed,0,0,0,0,0,0,0,5281916082308150109,346.476875,62.543500,UNCHECKED
1080p,59,val_059.png,1920,1080,2073600,tree_of_shapes,4/8,proposed,0,0,200.242584,129572,129572,129572,proposed,0,0,0,0,0,0,0,6709553651610697686,1841.086709,35.193875,UNCHECKED
1080p,59,val_059.png,1920,1080,2073600,tree_of_shapes,4/8,ref5_original,0,1,2897.112250,129572,129572,129572,proposed,13227,1678,12873,12993,0,0,200,3444667369337735856,1841.086709,35.193875,UNCHECKED
1080p,59,val_059.png,1920,1080,2073600,tree_of_shapes,4/8,ref5_original,1,0,2899.466209,129572,129572,129572,proposed,13227,1678,12873,12993,0,0,200,3444667369337735856,1841.086709,35.193875,UNCHECKED
1080p,59,val_059.png,1920,1080,2073600,tree_of_shapes,4/8,proposed,1,1,197.551000,129572,129572,129572,proposed,0,0,0,0,0,0,0,6709553651610697686,1841.086709,35.193875,UNCHECKED
1080p,59,val_059.png,1920,1080,2073600,tree_of_shapes,4/8,proposed,2,0,197.494583,129572,129572,129572,proposed,0,0,0,0,0,0,0,6709553651610697686,1841.086709,35.193875,UNCHECKED
1080p,59,val_059.png,1920,1080,2073600,tree_of_shapes,4/8,ref5_original,2,1,2889.013208,129572,129572,129572,proposed,13227,1678,12873,12993,0,0,200,3444667369337735856,1841.086709,35.193875,UNCHECKED
1080p,60,val_060.png,1920,1080,2073600,max_tree,8,ref6,0,0,216.436209,147187,147187,147187,proposed,0,0,0,0,0,0,0,11903718719626120153,392.199167,38.027333,UNCHECKED
1080p,60,val_060.png,1920,1080,2073600,max_tree,8,proposed,0,1,243.643541,147187,147187,147187,proposed,0,0,0,0,0,0,0,11903718719626120153,392.199167,38.027333,UNCHECKED
1080p,60,val_060.png,1920,1080,2073600,max_tree,8,proposed,1,0,243.514375,147187,147187,147187,proposed,0,0,0,0,0,0,0,11903718719626120153,392.199167,38.027333,UNCHECKED
1080p,60,val_060.png,1920,1080,2073600,max_tree,8,ref6,1,1,216.825291,147187,147187,147187,proposed,0,0,0,0,0,0,0,11903718719626120153,392.199167,38.027333,UNCHECKED
1080p,60,val_060.png,1920,1080,2073600,max_tree,8,ref6,2,0,222.883375,147187,147187,147187,proposed,0,0,0,0,0,0,0,11903718719626120153,392.199167,38.027333,UNCHECKED
1080p,60,val_060.png,1920,1080,2073600,max_tree,8,proposed,2,1,243.006125,147187,147187,147187,proposed,0,0,0,0,0,0,0,11903718719626120153,392.199167,38.027333,UNCHECKED
1080p,60,val_060.png,1920,1080,2073600,min_tree,8,proposed,0,0,242.618917,118599,118599,118599,proposed,0,0,0,0,0,0,0,8303539049117253949,388.692709,52.801333,UNCHECKED
1080p,60,val_060.png,1920,1080,2073600,min_tree,8,ref6,0,1,211.710875,118599,118599,118599,proposed,0,0,0,0,0,0,0,8303539049117253949,388.692709,52.801333,UNCHECKED
1080p,60,val_060.png,1920,1080,2073600,min_tree,8,ref6,1,0,214.246000,118599,118599,118599,proposed,0,0,0,0,0,0,0,8303539049117253949,388.692709,52.801333,UNCHECKED
1080p,60,val_060.png,1920,1080,2073600,min_tree,8,proposed,1,1,223.698250,118599,118599,118599,proposed,0,0,0,0,0,0,0,8303539049117253949,388.692709,52.801333,UNCHECKED
1080p,60,val_060.png,1920,1080,2073600,min_tree,8,proposed,2,0,228.137208,118599,118599,118599,proposed,0,0,0,0,0,0,0,8303539049117253949,388.692709,52.801333,UNCHECKED
1080p,60,val_060.png,1920,1080,2073600,min_tree,8,ref6,2,1,215.849083,118599,118599,118599,proposed,0,0,0,0,0,0,0,8303539049117253949,388.692709,52.801333,UNCHECKED
1080p,60,val_060.png,1920,1080,2073600,tree_of_shapes,4/8,ref5_original,0,0,3107.855042,291347,291347,291347,proposed,26121,2583,25579,25760,0,0,417,6526735240966086720,2017.580750,28.016583,UNCHECKED
1080p,60,val_060.png,1920,1080,2073600,tree_of_shapes,4/8,proposed,0,1,274.490250,291347,291347,291347,proposed,0,0,0,0,0,0,0,8593324794164807523,2017.580750,28.016583,UNCHECKED
1080p,60,val_060.png,1920,1080,2073600,tree_of_shapes,4/8,proposed,1,0,272.913292,291347,291347,291347,proposed,0,0,0,0,0,0,0,8593324794164807523,2017.580750,28.016583,UNCHECKED
1080p,60,val_060.png,1920,1080,2073600,tree_of_shapes,4/8,ref5_original,1,1,3120.841667,291347,291347,291347,proposed,26121,2583,25579,25760,0,0,417,6526735240966086720,2017.580750,28.016583,UNCHECKED
1080p,60,val_060.png,1920,1080,2073600,tree_of_shapes,4/8,ref5_original,2,0,3096.923250,291347,291347,291347,proposed,26121,2583,25579,25760,0,0,417,6526735240966086720,2017.580750,28.016583,UNCHECKED
1080p,60,val_060.png,1920,1080,2073600,tree_of_shapes,4/8,proposed,2,1,273.311916,291347,291347,291347,proposed,0,0,0,0,0,0,0,8593324794164807523,2017.580750,28.016583,UNCHECKED
1080p,61,val_061.png,1920,1080,2073600,max_tree,8,proposed,0,0,234.184792,153040,153040,153040,proposed,0,0,0,0,0,0,0,16307050793648834132,393.638333,21.835125,UNCHECKED
1080p,61,val_061.png,1920,1080,2073600,max_tree,8,ref6,0,1,225.093875,153040,153040,153040,proposed,0,0,0,0,0,0,0,16307050793648834132,393.638333,21.835125,UNCHECKED
1080p,61,val_061.png,1920,1080,2073600,max_tree,8,ref6,1,0,222.398875,153040,153040,153040,proposed,0,0,0,0,0,0,0,16307050793648834132,393.638333,21.835125,UNCHECKED
1080p,61,val_061.png,1920,1080,2073600,max_tree,8,proposed,1,1,232.227292,153040,153040,153040,proposed,0,0,0,0,0,0,0,16307050793648834132,393.638333,21.835125,UNCHECKED
1080p,61,val_061.png,1920,1080,2073600,max_tree,8,proposed,2,0,245.329583,153040,153040,153040,proposed,0,0,0,0,0,0,0,16307050793648834132,393.638333,21.835125,UNCHECKED
1080p,61,val_061.png,1920,1080,2073600,max_tree,8,ref6,2,1,223.950042,153040,153040,153040,proposed,0,0,0,0,0,0,0,16307050793648834132,393.638333,21.835125,UNCHECKED
1080p,61,val_061.png,1920,1080,2073600,min_tree,8,ref6,0,0,238.247292,139157,139157,139157,proposed,0,0,0,0,0,0,0,160388871074423820,405.271375,26.403292,UNCHECKED
1080p,61,val_061.png,1920,1080,2073600,min_tree,8,proposed,0,1,242.644958,139157,139157,139157,proposed,0,0,0,0,0,0,0,160388871074423820,405.271375,26.403292,UNCHECKED
1080p,61,val_061.png,1920,1080,2073600,min_tree,8,proposed,1,0,250.340625,139157,139157,139157,proposed,0,0,0,0,0,0,0,160388871074423820,405.271375,26.403292,UNCHECKED
1080p,61,val_061.png,1920,1080,2073600,min_tree,8,ref6,1,1,221.558792,139157,139157,139157,proposed,0,0,0,0,0,0,0,160388871074423820,405.271375,26.403292,UNCHECKED
1080p,61,val_061.png,1920,1080,2073600,min_tree,8,ref6,2,0,226.400250,139157,139157,139157,proposed,0,0,0,0,0,0,0,160388871074423820,405.271375,26.403292,UNCHECKED
1080p,61,val_061.png,1920,1080,2073600,min_tree,8,proposed,2,1,252.637959,139157,139157,139157,proposed,0,0,0,0,0,0,0,160388871074423820,405.271375,26.403292,UNCHECKED
1080p,61,val_061.png,1920,1080,2073600,tree_of_shapes,4/8,proposed,0,0,310.129125,325423,325423,325423,proposed,0,0,0,0,0,0,0,14381650950603176241,2224.634958,37.195208,UNCHECKED
1080p,61,val_061.png,1920,1080,2073600,tree_of_shapes,4/8,ref5_original,0,1,3187.728167,325423,325423,325423,proposed,32509,4193,31763,31810,0,0,390,2258503810588418123,2224.634958,37.195208,UNCHECKED
1080p,61,val_061.png,1920,1080,2073600,tree_of_shapes,4/8,ref5_original,1,0,3174.982500,325423,325423,325423,proposed,32509,4193,31763,31810,0,0,390,2258503810588418123,2224.634958,37.195208,UNCHECKED
1080p,61,val_061.png,1920,1080,2073600,tree_of_shapes,4/8,proposed,1,1,295.375209,325423,325423,325423,proposed,0,0,0,0,0,0,0,14381650950603176241,2224.634958,37.195208,UNCHECKED
1080p,61,val_061.png,1920,1080,2073600,tree_of_shapes,4/8,proposed,2,0,294.893458,325423,325423,325423,proposed,0,0,0,0,0,0,0,14381650950603176241,2224.634958,37.195208,UNCHECKED
1080p,61,val_061.png,1920,1080,2073600,tree_of_shapes,4/8,ref5_original,2,1,3177.826209,325423,325423,325423,proposed,32509,4193,31763,31810,0,0,390,2258503810588418123,2224.634958,37.195208,UNCHECKED
1080p,62,val_062.png,1920,1080,2073600,max_tree,8,ref6,0,0,214.562834,133174,133174,133174,proposed,0,0,0,0,0,0,0,17992014799158103841,385.746042,32.840000,UNCHECKED
1080p,62,val_062.png,1920,1080,2073600,max_tree,8,proposed,0,1,226.664292,133174,133174,133174,proposed,0,0,0,0,0,0,0,17992014799158103841,385.746042,32.840000,UNCHECKED
1080p,62,val_062.png,1920,1080,2073600,max_tree,8,proposed,1,0,233.236916,133174,133174,133174,proposed,0,0,0,0,0,0,0,17992014799158103841,385.746042,32.840000,UNCHECKED
1080p,62,val_062.png,1920,1080,2073600,max_tree,8,ref6,1,1,218.064041,133174,133174,133174,proposed,0,0,0,0,0,0,0,17992014799158103841,385.746042,32.840000,UNCHECKED
1080p,62,val_062.png,1920,1080,2073600,max_tree,8,ref6,2,0,217.054000,133174,133174,133174,proposed,0,0,0,0,0,0,0,17992014799158103841,385.746042,32.840000,UNCHECKED
1080p,62,val_062.png,1920,1080,2073600,max_tree,8,proposed,2,1,272.595792,133174,133174,133174,proposed,0,0,0,0,0,0,0,17992014799158103841,385.746042,32.840000,UNCHECKED
1080p,62,val_062.png,1920,1080,2073600,min_tree,8,proposed,0,0,234.791666,118537,118537,118537,proposed,0,0,0,0,0,0,0,11637098867430746186,383.114750,37.492167,UNCHECKED
1080p,62,val_062.png,1920,1080,2073600,min_tree,8,ref6,0,1,219.838542,118537,118537,118537,proposed,0,0,0,0,0,0,0,11637098867430746186,383.114750,37.492167,UNCHECKED
1080p,62,val_062.png,1920,1080,2073600,min_tree,8,ref6,1,0,222.107084,118537,118537,118537,proposed,0,0,0,0,0,0,0,11637098867430746186,383.114750,37.492167,UNCHECKED
1080p,62,val_062.png,1920,1080,2073600,min_tree,8,proposed,1,1,234.134458,118537,118537,118537,proposed,0,0,0,0,0,0,0,11637098867430746186,383.114750,37.492167,UNCHECKED
1080p,62,val_062.png,1920,1080,2073600,min_tree,8,proposed,2,0,235.277958,118537,118537,118537,proposed,0,0,0,0,0,0,0,11637098867430746186,383.114750,37.492167,UNCHECKED
1080p,62,val_062.png,1920,1080,2073600,min_tree,8,ref6,2,1,214.105166,118537,118537,118537,proposed,0,0,0,0,0,0,0,11637098867430746186,383.114750,37.492167,UNCHECKED
1080p,62,val_062.png,1920,1080,2073600,tree_of_shapes,4/8,ref5_original,0,0,3092.059042,276694,276694,276694,proposed,27911,3237,27215,27472,0,0,289,11927353956463611550,2002.103209,27.188708,UNCHECKED
1080p,62,val_062.png,1920,1080,2073600,tree_of_shapes,4/8,proposed,0,1,269.276333,276694,276694,276694,proposed,0,0,0,0,0,0,0,11047932581725022417,2002.103209,27.188708,UNCHECKED
1080p,62,val_062.png,1920,1080,2073600,tree_of_shapes,4/8,proposed,1,0,269.050167,276694,276694,276694,proposed,0,0,0,0,0,0,0,11047932581725022417,2002.103209,27.188708,UNCHECKED
1080p,62,val_062.png,1920,1080,2073600,tree_of_shapes,4/8,ref5_original,1,1,3095.886875,276694,276694,276694,proposed,27911,3237,27215,27472,0,0,289,11927353956463611550,2002.103209,27.188708,UNCHECKED
1080p,62,val_062.png,1920,1080,2073600,tree_of_shapes,4/8,ref5_original,2,0,3112.428833,276694,276694,276694,proposed,27911,3237,27215,27472,0,0,289,11927353956463611550,2002.103209,27.188708,UNCHECKED
1080p,62,val_062.png,1920,1080,2073600,tree_of_shapes,4/8,proposed,2,1,265.235250,276694,276694,276694,proposed,0,0,0,0,0,0,0,11047932581725022417,2002.103209,27.188708,UNCHECKED
1080p,63,val_063.png,1920,1080,2073600,max_tree,8,proposed,0,0,220.562041,131718,131718,131718,proposed,0,0,0,0,0,0,0,5763482516532031532,370.396000,42.776292,UNCHECKED
1080p,63,val_063.png,1920,1080,2073600,max_tree,8,ref6,0,1,219.200791,131718,131718,131718,proposed,0,0,0,0,0,0,0,5763482516532031532,370.396000,42.776292,UNCHECKED
1080p,63,val_063.png,1920,1080,2073600,max_tree,8,ref6,1,0,213.844250,131718,131718,131718,proposed,0,0,0,0,0,0,0,5763482516532031532,370.396000,42.776292,UNCHECKED
1080p,63,val_063.png,1920,1080,2073600,max_tree,8,proposed,1,1,218.932500,131718,131718,131718,proposed,0,0,0,0,0,0,0,5763482516532031532,370.396000,42.776292,UNCHECKED
1080p,63,val_063.png,1920,1080,2073600,max_tree,8,proposed,2,0,220.221917,131718,131718,131718,proposed,0,0,0,0,0,0,0,5763482516532031532,370.396000,42.776292,UNCHECKED
1080p,63,val_063.png,1920,1080,2073600,max_tree,8,ref6,2,1,211.436792,131718,131718,131718,proposed,0,0,0,0,0,0,0,5763482516532031532,370.396000,42.776292,UNCHECKED
1080p,63,val_063.png,1920,1080,2073600,min_tree,8,ref6,0,0,219.455792,115207,115207,115207,proposed,0,0,0,0,0,0,0,10753894303201998475,367.928500,50.321417,UNCHECKED
1080p,63,val_063.png,1920,1080,2073600,min_tree,8,proposed,0,1,220.333542,115207,115207,115207,proposed,0,0,0,0,0,0,0,10753894303201998475,367.928500,50.321417,UNCHECKED
1080p,63,val_063.png,1920,1080,2073600,min_tree,8,proposed,1,0,222.474625,115207,115207,115207,proposed,0,0,0,0,0,0,0,10753894303201998475,367.928500,50.321417,UNCHECKED
1080p,63,val_063.png,1920,1080,2073600,min_tree,8,ref6,1,1,212.228417,115207,115207,115207,proposed,0,0,0,0,0,0,0,10753894303201998475,367.928500,50.321417,UNCHECKED
1080p,63,val_063.png,1920,1080,2073600,min_tree,8,ref6,2,0,208.451959,115207,115207,115207,proposed,0,0,0,0,0,0,0,10753894303201998475,367.928500,50.321417,UNCHECKED
1080p,63,val_063.png,1920,1080,2073600,min_tree,8,proposed,2,1,223.392125,115207,115207,115207,proposed,0,0,0,0,0,0,0,10753894303201998475,367.928500,50.321417,UNCHECKED
1080p,63,val_063.png,1920,1080,2073600,tree_of_shapes,4/8,proposed,0,0,252.327833,268037,268037,268037,proposed,0,0,0,0,0,0,0,11373800059540815710,1930.780375,34.788458,UNCHECKED
1080p,63,val_063.png,1920,1080,2073600,tree_of_shapes,4/8,ref5_original,0,1,3012.754459,268037,268037,268037,proposed,27185,3164,26673,26747,0,0,505,1967241753793825341,1930.780375,34.788458,UNCHECKED
1080p,63,val_063.png,1920,1080,2073600,tree_of_shapes,4/8,ref5_original,1,0,3032.616291,268037,268037,268037,proposed,27185,3164,26673,26747,0,0,505,1967241753793825341,1930.780375,34.788458,UNCHECKED
1080p,63,val_063.png,1920,1080,2073600,tree_of_shapes,4/8,proposed,1,1,248.771083,268037,268037,268037,proposed,0,0,0,0,0,0,0,11373800059540815710,1930.780375,34.788458,UNCHECKED
1080p,63,val_063.png,1920,1080,2073600,tree_of_shapes,4/8,proposed,2,0,249.364334,268037,268037,268037,proposed,0,0,0,0,0,0,0,11373800059540815710,1930.780375,34.788458,UNCHECKED
1080p,63,val_063.png,1920,1080,2073600,tree_of_shapes,4/8,ref5_original,2,1,3089.306209,268037,268037,268037,proposed,27185,3164,26673,26747,0,0,505,1967241753793825341,1930.780375,34.788458,UNCHECKED
1080p,64,val_064.png,1920,1080,2073600,max_tree,8,ref6,0,0,214.661000,154034,154034,154034,proposed,0,0,0,0,0,0,0,5904585771195179530,393.113208,35.357333,UNCHECKED
1080p,64,val_064.png,1920,1080,2073600,max_tree,8,proposed,0,1,235.911583,154034,154034,154034,proposed,0,0,0,0,0,0,0,5904585771195179530,393.113208,35.357333,UNCHECKED
1080p,64,val_064.png,1920,1080,2073600,max_tree,8,proposed,1,0,235.163917,154034,154034,154034,proposed,0,0,0,0,0,0,0,5904585771195179530,393.113208,35.357333,UNCHECKED
1080p,64,val_064.png,1920,1080,2073600,max_tree,8,ref6,1,1,219.164708,154034,154034,154034,proposed,0,0,0,0,0,0,0,5904585771195179530,393.113208,35.357333,UNCHECKED
1080p,64,val_064.png,1920,1080,2073600,max_tree,8,ref6,2,0,218.944083,154034,154034,154034,proposed,0,0,0,0,0,0,0,5904585771195179530,393.113208,35.357333,UNCHECKED
1080p,64,val_064.png,1920,1080,2073600,max_tree,8,proposed,2,1,237.214291,154034,154034,154034,proposed,0,0,0,0,0,0,0,5904585771195179530,393.113208,35.357333,UNCHECKED
1080p,64,val_064.png,1920,1080,2073600,min_tree,8,proposed,0,0,228.782792,135104,135104,135104,proposed,0,0,0,0,0,0,0,10870625683239734792,394.255083,41.830125,UNCHECKED
1080p,64,val_064.png,1920,1080,2073600,min_tree,8,ref6,0,1,215.502000,135104,135104,135104,proposed,0,0,0,0,0,0,0,10870625683239734792,394.255083,41.830125,UNCHECKED
1080p,64,val_064.png,1920,1080,2073600,min_tree,8,ref6,1,0,214.709916,135104,135104,135104,proposed,0,0,0,0,0,0,0,10870625683239734792,394.255083,41.830125,UNCHECKED
1080p,64,val_064.png,1920,1080,2073600,min_tree,8,proposed,1,1,233.634125,135104,135104,135104,proposed,0,0,0,0,0,0,0,10870625683239734792,394.255083,41.830125,UNCHECKED
1080p,64,val_064.png,1920,1080,2073600,min_tree,8,proposed,2,0,239.016792,135104,135104,135104,proposed,0,0,0,0,0,0,0,10870625683239734792,394.255083,41.830125,UNCHECKED
1080p,64,val_064.png,1920,1080,2073600,min_tree,8,ref6,2,1,215.744166,135104,135104,135104,proposed,0,0,0,0,0,0,0,10870625683239734792,394.255083,41.830125,UNCHECKED
1080p,64,val_064.png,1920,1080,2073600,tree_of_shapes,4/8,ref5_original,0,0,3141.302125,315651,315651,315651,proposed,32432,3819,31714,31902,0,0,444,11973813538939210216,2135.361584,36.262875,UNCHECKED
1080p,64,val_064.png,1920,1080,2073600,tree_of_shapes,4/8,proposed,0,1,297.716042,315651,315651,315651,proposed,0,0,0,0,0,0,0,2223084588618760832,2135.361584,36.262875,UNCHECKED
1080p,64,val_064.png,1920,1080,2073600,tree_of_shapes,4/8,proposed,1,0,286.668792,315651,315651,315651,proposed,0,0,0,0,0,0,0,2223084588618760832,2135.361584,36.262875,UNCHECKED
1080p,64,val_064.png,1920,1080,2073600,tree_of_shapes,4/8,ref5_original,1,1,3129.139541,315651,315651,315651,proposed,32432,3819,31714,31902,0,0,444,11973813538939210216,2135.361584,36.262875,UNCHECKED
1080p,64,val_064.png,1920,1080,2073600,tree_of_shapes,4/8,ref5_original,2,0,3225.478875,315651,315651,315651,proposed,32432,3819,31714,31902,0,0,444,11973813538939210216,2135.361584,36.262875,UNCHECKED
1080p,64,val_064.png,1920,1080,2073600,tree_of_shapes,4/8,proposed,2,1,282.472958,315651,315651,315651,proposed,0,0,0,0,0,0,0,2223084588618760832,2135.361584,36.262875,UNCHECKED
1080p,65,val_065.png,1920,1080,2073600,max_tree,8,proposed,0,0,222.270292,142356,142356,142356,proposed,0,0,0,0,0,0,0,7391312170066768385,372.337042,44.171875,UNCHECKED
1080p,65,val_065.png,1920,1080,2073600,max_tree,8,ref6,0,1,215.095959,142356,142356,142356,proposed,0,0,0,0,0,0,0,7391312170066768385,372.337042,44.171875,UNCHECKED
1080p,65,val_065.png,1920,1080,2073600,max_tree,8,ref6,1,0,211.304541,142356,142356,142356,proposed,0,0,0,0,0,0,0,7391312170066768385,372.337042,44.171875,UNCHECKED
1080p,65,val_065.png,1920,1080,2073600,max_tree,8,proposed,1,1,227.052416,142356,142356,142356,proposed,0,0,0,0,0,0,0,7391312170066768385,372.337042,44.171875,UNCHECKED
1080p,65,val_065.png,1920,1080,2073600,max_tree,8,proposed,2,0,223.790500,142356,142356,142356,proposed,0,0,0,0,0,0,0,7391312170066768385,372.337042,44.171875,UNCHECKED
1080p,65,val_065.png,1920,1080,2073600,max_tree,8,ref6,2,1,207.924125,142356,142356,142356,proposed,0,0,0,0,0,0,0,7391312170066768385,372.337042,44.171875,UNCHECKED
1080p,65,val_065.png,1920,1080,2073600,min_tree,8,ref6,0,0,211.422250,100683,100683,100683,proposed,0,0,0,0,0,0,0,12591613976412658302,372.416709,61.089958,UNCHECKED
1080p,65,val_065.png,1920,1080,2073600,min_tree,8,proposed,0,1,224.857375,100683,100683,100683,proposed,0,0,0,0,0,0,0,12591613976412658302,372.416709,61.089958,UNCHECKED
1080p,65,val_065.png,1920,1080,2073600,min_tree,8,proposed,1,0,224.960708,100683,100683,100683,proposed,0,0,0,0,0,0,0,12591613976412658302,372.416709,61.089958,UNCHECKED
1080p,65,val_065.png,1920,1080,2073600,min_tree,8,ref6,1,1,216.317959,100683,100683,100683,proposed,0,0,0,0,0,0,0,12591613976412658302,372.416709,61.089958,UNCHECKED
1080p,65,val_065.png,1920,1080,2073600,min_tree,8,ref6,2,0,217.202667,100683,100683,100683,proposed,0,0,0,0,0,0,0,12591613976412658302,372.416709,61.089958,UNCHECKED
1080p,65,val_065.png,1920,1080,2073600,min_tree,8,proposed,2,1,226.238250,100683,100683,100683,proposed,0,0,0,0,0,0,0,12591613976412658302,372.416709,61.089958,UNCHECKED
1080p,65,val_065.png,1920,1080,2073600,tree_of_shapes,4/8,proposed,0,0,252.938834,268091,268091,268091,proposed,0,0,0,0,0,0,0,16176494225468323213,2006.923709,29.988625,UNCHECKED
1080p,65,val_065.png,1920,1080,2073600,tree_of_shapes,4/8,ref5_original,0,1,3050.484375,268091,268091,268091,proposed,23067,2134,22612,22701,0,0,437,15185111375032446236,2006.923709,29.988625,UNCHECKED
1080p,65,val_065.png,1920,1080,2073600,tree_of_shapes,4/8,ref5_original,1,0,3067.369750,268091,268091,268091,proposed,23067,2134,22612,22701,0,0,437,15185111375032446236,2006.923709,29.988625,UNCHECKED
1080p,65,val_065.png,1920,1080,2073600,tree_of_shapes,4/8,proposed,1,1,250.555209,268091,268091,268091,proposed,0,0,0,0,0,0,0,16176494225468323213,2006.923709,29.988625,UNCHECKED
1080p,65,val_065.png,1920,1080,2073600,tree_of_shapes,4/8,proposed,2,0,252.476292,268091,268091,268091,proposed,0,0,0,0,0,0,0,16176494225468323213,2006.923709,29.988625,UNCHECKED
1080p,65,val_065.png,1920,1080,2073600,tree_of_shapes,4/8,ref5_original,2,1,3015.310500,268091,268091,268091,proposed,23067,2134,22612,22701,0,0,437,15185111375032446236,2006.923709,29.988625,UNCHECKED
1080p,66,val_066.png,1920,1080,2073600,max_tree,8,ref6,0,0,211.081291,113363,113363,113363,proposed,0,0,0,0,0,0,0,17732047129313919454,351.882292,55.062125,UNCHECKED
1080p,66,val_066.png,1920,1080,2073600,max_tree,8,proposed,0,1,198.618833,113363,113363,113363,proposed,0,0,0,0,0,0,0,17732047129313919454,351.882292,55.062125,UNCHECKED
1080p,66,val_066.png,1920,1080,2073600,max_tree,8,proposed,1,0,200.709959,113363,113363,113363,proposed,0,0,0,0,0,0,0,17732047129313919454,351.882292,55.062125,UNCHECKED
1080p,66,val_066.png,1920,1080,2073600,max_tree,8,ref6,1,1,198.787000,113363,113363,113363,proposed,0,0,0,0,0,0,0,17732047129313919454,351.882292,55.062125,UNCHECKED
1080p,66,val_066.png,1920,1080,2073600,max_tree,8,ref6,2,0,206.416750,113363,113363,113363,proposed,0,0,0,0,0,0,0,17732047129313919454,351.882292,55.062125,UNCHECKED
1080p,66,val_066.png,1920,1080,2073600,max_tree,8,proposed,2,1,211.140500,113363,113363,113363,proposed,0,0,0,0,0,0,0,17732047129313919454,351.882292,55.062125,UNCHECKED
1080p,66,val_066.png,1920,1080,2073600,min_tree,8,proposed,0,0,215.544625,94781,94781,94781,proposed,0,0,0,0,0,0,0,15462346493900263177,354.262292,62.836500,UNCHECKED
1080p,66,val_066.png,1920,1080,2073600,min_tree,8,ref6,0,1,203.416000,94781,94781,94781,proposed,0,0,0,0,0,0,0,15462346493900263177,354.262292,62.836500,UNCHECKED
1080p,66,val_066.png,1920,1080,2073600,min_tree,8,ref6,1,0,207.174125,94781,94781,94781,proposed,0,0,0,0,0,0,0,15462346493900263177,354.262292,62.836500,UNCHECKED
1080p,66,val_066.png,1920,1080,2073600,min_tree,8,proposed,1,1,209.685875,94781,94781,94781,proposed,0,0,0,0,0,0,0,15462346493900263177,354.262292,62.836500,UNCHECKED
1080p,66,val_066.png,1920,1080,2073600,min_tree,8,proposed,2,0,210.507583,94781,94781,94781,proposed,0,0,0,0,0,0,0,15462346493900263177,354.262292,62.836500,UNCHECKED
1080p,66,val_066.png,1920,1080,2073600,min_tree,8,ref6,2,1,210.720917,94781,94781,94781,proposed,0,0,0,0,0,0,0,15462346493900263177,354.262292,62.836500,UNCHECKED
1080p,66,val_066.png,1920,1080,2073600,tree_of_shapes,4/8,ref5_original,0,0,2951.172167,227742,227742,227742,proposed,22657,1722,22320,22385,0,0,467,14397956273500378745,1852.190083,40.732459,UNCHECKED
1080p,66,val_066.png,1920,1080,2073600,tree_of_shapes,4/8,proposed,0,1,223.966625,227742,227742,227742,proposed,0,0,0,0,0,0,0,2561315531842808721,1852.190083,40.732459,UNCHECKED
1080p,66,val_066.png,1920,1080,2073600,tree_of_shapes,4/8,proposed,1,0,223.410875,227742,227742,227742,proposed,0,0,0,0,0,0,0,2561315531842808721,1852.190083,40.732459,UNCHECKED
1080p,66,val_066.png,1920,1080,2073600,tree_of_shapes,4/8,ref5_original,1,1,2942.724584,227742,227742,227742,proposed,22657,1722,22320,22385,0,0,467,14397956273500378745,1852.190083,40.732459,UNCHECKED
1080p,66,val_066.png,1920,1080,2073600,tree_of_shapes,4/8,ref5_original,2,0,2939.435667,227742,227742,227742,proposed,22657,1722,22320,22385,0,0,467,14397956273500378745,1852.190083,40.732459,UNCHECKED
1080p,66,val_066.png,1920,1080,2073600,tree_of_shapes,4/8,proposed,2,1,223.926250,227742,227742,227742,proposed,0,0,0,0,0,0,0,2561315531842808721,1852.190083,40.732459,UNCHECKED
1080p,67,val_067.png,1920,1080,2073600,max_tree,8,proposed,0,0,221.117458,116974,116974,116974,proposed,0,0,0,0,0,0,0,9639152734416518767,374.184875,38.626500,UNCHECKED
1080p,67,val_067.png,1920,1080,2073600,max_tree,8,ref6,0,1,210.682917,116974,116974,116974,proposed,0,0,0,0,0,0,0,9639152734416518767,374.184875,38.626500,UNCHECKED
1080p,67,val_067.png,1920,1080,2073600,max_tree,8,ref6,1,0,209.170333,116974,116974,116974,proposed,0,0,0,0,0,0,0,9639152734416518767,374.184875,38.626500,UNCHECKED
1080p,67,val_067.png,1920,1080,2073600,max_tree,8,proposed,1,1,217.191000,116974,116974,116974,proposed,0,0,0,0,0,0,0,9639152734416518767,374.184875,38.626500,UNCHECKED
1080p,67,val_067.png,1920,1080,2073600,max_tree,8,proposed,2,0,227.835708,116974,116974,116974,proposed,0,0,0,0,0,0,0,9639152734416518767,374.184875,38.626500,UNCHECKED
1080p,67,val_067.png,1920,1080,2073600,max_tree,8,ref6,2,1,214.407292,116974,116974,116974,proposed,0,0,0,0,0,0,0,9639152734416518767,374.184875,38.626500,UNCHECKED
1080p,67,val_067.png,1920,1080,2073600,min_tree,8,ref6,0,0,211.905250,99092,99092,99092,proposed,0,0,0,0,0,0,0,6456968197848240002,371.579458,51.342959,UNCHECKED
1080p,67,val_067.png,1920,1080,2073600,min_tree,8,proposed,0,1,217.740500,99092,99092,99092,proposed,0,0,0,0,0,0,0,6456968197848240002,371.579458,51.342959,UNCHECKED
1080p,67,val_067.png,1920,1080,2073600,min_tree,8,proposed,1,0,219.099917,99092,99092,99092,proposed,0,0,0,0,0,0,0,6456968197848240002,371.579458,51.342959,UNCHECKED
1080p,67,val_067.png,1920,1080,2073600,min_tree,8,ref6,1,1,216.550791,99092,99092,99092,proposed,0,0,0,0,0,0,0,6456968197848240002,371.579458,51.342959,UNCHECKED
1080p,67,val_067.png,1920,1080,2073600,min_tree,8,ref6,2,0,214.851875,99092,99092,99092,proposed,0,0,0,0,0,0,0,6456968197848240002,371.579458,51.342959,UNCHECKED
1080p,67,val_067.png,1920,1080,2073600,min_tree,8,proposed,2,1,219.855292,99092,99092,99092,proposed,0,0,0,0,0,0,0,6456968197848240002,371.579458,51.342959,UNCHECKED
1080p,67,val_067.png,1920,1080,2073600,tree_of_shapes,4/8,proposed,0,0,237.094416,234964,234964,234964,proposed,0,0,0,0,0,0,0,17307518087760271895,1931.974000,25.204459,UNCHECKED
1080p,67,val_067.png,1920,1080,2073600,tree_of_shapes,4/8,ref5_original,0,1,3020.652583,234964,234964,234964,proposed,25064,2896,24557,24648,0,0,249,11417299005625743880,1931.974000,25.204459,UNCHECKED
1080p,67,val_067.png,1920,1080,2073600,tree_of_shapes,4/8,ref5_original,1,0,3024.963833,234964,234964,234964,proposed,25064,2896,24557,24648,0,0,249,11417299005625743880,1931.974000,25.204459,UNCHECKED
1080p,67,val_067.png,1920,1080,2073600,tree_of_shapes,4/8,proposed,1,1,236.868792,234964,234964,234964,proposed,0,0,0,0,0,0,0,17307518087760271895,1931.974000,25.204459,UNCHECKED
1080p,67,val_067.png,1920,1080,2073600,tree_of_shapes,4/8,proposed,2,0,237.158667,234964,234964,234964,proposed,0,0,0,0,0,0,0,17307518087760271895,1931.974000,25.204459,UNCHECKED
1080p,67,val_067.png,1920,1080,2073600,tree_of_shapes,4/8,ref5_original,2,1,3032.512417,234964,234964,234964,proposed,25064,2896,24557,24648,0,0,249,11417299005625743880,1931.974000,25.204459,UNCHECKED
1080p,68,val_068.png,1920,1080,2073600,max_tree,8,ref6,0,0,208.640750,123105,123105,123105,proposed,0,0,0,0,0,0,0,12921662643835489368,373.559042,42.477250,UNCHECKED
1080p,68,val_068.png,1920,1080,2073600,max_tree,8,proposed,0,1,220.209750,123105,123105,123105,proposed,0,0,0,0,0,0,0,12921662643835489368,373.559042,42.477250,UNCHECKED
1080p,68,val_068.png,1920,1080,2073600,max_tree,8,proposed,1,0,222.300083,123105,123105,123105,proposed,0,0,0,0,0,0,0,12921662643835489368,373.559042,42.477250,UNCHECKED
1080p,68,val_068.png,1920,1080,2073600,max_tree,8,ref6,1,1,205.114791,123105,123105,123105,proposed,0,0,0,0,0,0,0,12921662643835489368,373.559042,42.477250,UNCHECKED
1080p,68,val_068.png,1920,1080,2073600,max_tree,8,ref6,2,0,210.163542,123105,123105,123105,proposed,0,0,0,0,0,0,0,12921662643835489368,373.559042,42.477250,UNCHECKED
1080p,68,val_068.png,1920,1080,2073600,max_tree,8,proposed,2,1,220.222541,123105,123105,123105,proposed,0,0,0,0,0,0,0,12921662643835489368,373.559042,42.477250,UNCHECKED
1080p,68,val_068.png,1920,1080,2073600,min_tree,8,proposed,0,0,213.209792,110949,110949,110949,proposed,0,0,0,0,0,0,0,8353836885334966413,366.954208,49.600500,UNCHECKED
1080p,68,val_068.png,1920,1080,2073600,min_tree,8,ref6,0,1,211.433959,110949,110949,110949,proposed,0,0,0,0,0,0,0,8353836885334966413,366.954208,49.600500,UNCHECKED
1080p,68,val_068.png,1920,1080,2073600,min_tree,8,ref6,1,0,215.627042,110949,110949,110949,proposed,0,0,0,0,0,0,0,8353836885334966413,366.954208,49.600500,UNCHECKED
1080p,68,val_068.png,1920,1080,2073600,min_tree,8,proposed,1,1,212.059875,110949,110949,110949,proposed,0,0,0,0,0,0,0,8353836885334966413,366.954208,49.600500,UNCHECKED
1080p,68,val_068.png,1920,1080,2073600,min_tree,8,proposed,2,0,249.904167,110949,110949,110949,proposed,0,0,0,0,0,0,0,8353836885334966413,366.954208,49.600500,UNCHECKED
1080p,68,val_068.png,1920,1080,2073600,min_tree,8,ref6,2,1,204.985416,110949,110949,110949,proposed,0,0,0,0,0,0,0,8353836885334966413,366.954208,49.600500,UNCHECKED
1080p,68,val_068.png,1920,1080,2073600,tree_of_shapes,4/8,ref5_original,0,0,2991.505667,257508,257508,257508,proposed,24911,2984,24296,24446,0,0,459,7786882179625553627,1944.542500,39.461375,UNCHECKED
1080p,68,val_068.png,1920,1080,2073600,tree_of_shapes,4/8,proposed,0,1,257.984167,257508,257508,257508,proposed,0,0,0,0,0,0,0,18377420526829245484,1944.542500,39.461375,UNCHECKED
1080p,68,val_068.png,1920,1080,2073600,tree_of_shapes,4/8,proposed,1,0,260.667834,257508,257508,257508,proposed,0,0,0,0,0,0,0,18377420526829245484,1944.542500,39.461375,UNCHECKED
1080p,68,val_068.png,1920,1080,2073600,tree_of_shapes,4/8,ref5_original,1,1,3000.251583,257508,257508,257508,proposed,24911,2984,24296,24446,0,0,459,7786882179625553627,1944.542500,39.461375,UNCHECKED
1080p,68,val_068.png,1920,1080,2073600,tree_of_shapes,4/8,ref5_original,2,0,3033.120458,257508,257508,257508,proposed,24911,2984,24296,24446,0,0,459,7786882179625553627,1944.542500,39.461375,UNCHECKED
1080p,68,val_068.png,1920,1080,2073600,tree_of_shapes,4/8,proposed,2,1,247.381833,257508,257508,257508,proposed,0,0,0,0,0,0,0,18377420526829245484,1944.542500,39.461375,UNCHECKED
1080p,69,val_069.png,1920,1080,2073600,max_tree,8,proposed,0,0,193.843125,86546,86546,86546,proposed,0,0,0,0,0,0,0,5397467021815279011,346.226042,55.551041,UNCHECKED
1080p,69,val_069.png,1920,1080,2073600,max_tree,8,ref6,0,1,206.514708,86546,86546,86546,proposed,0,0,0,0,0,0,0,5397467021815279011,346.226042,55.551041,UNCHECKED
1080p,69,val_069.png,1920,1080,2073600,max_tree,8,ref6,1,0,198.453667,86546,86546,86546,proposed,0,0,0,0,0,0,0,5397467021815279011,346.226042,55.551041,UNCHECKED
1080p,69,val_069.png,1920,1080,2073600,max_tree,8,proposed,1,1,198.388958,86546,86546,86546,proposed,0,0,0,0,0,0,0,5397467021815279011,346.226042,55.551041,UNCHECKED
1080p,69,val_069.png,1920,1080,2073600,max_tree,8,proposed,2,0,201.435375,86546,86546,86546,proposed,0,0,0,0,0,0,0,5397467021815279011,346.226042,55.551041,UNCHECKED
1080p,69,val_069.png,1920,1080,2073600,max_tree,8,ref6,2,1,208.318583,86546,86546,86546,proposed,0,0,0,0,0,0,0,5397467021815279011,346.226042,55.551041,UNCHECKED
1080p,69,val_069.png,1920,1080,2073600,min_tree,8,ref6,0,0,210.069625,67507,67507,67507,proposed,0,0,0,0,0,0,0,10350157032762619863,350.040250,63.865791,UNCHECKED
1080p,69,val_069.png,1920,1080,2073600,min_tree,8,proposed,0,1,194.940958,67507,67507,67507,proposed,0,0,0,0,0,0,0,10350157032762619863,350.040250,63.865791,UNCHECKED
1080p,69,val_069.png,1920,1080,2073600,min_tree,8,proposed,1,0,192.562417,67507,67507,67507,proposed,0,0,0,0,0,0,0,10350157032762619863,350.040250,63.865791,UNCHECKED
1080p,69,val_069.png,1920,1080,2073600,min_tree,8,ref6,1,1,200.913291,67507,67507,67507,proposed,0,0,0,0,0,0,0,10350157032762619863,350.040250,63.865791,UNCHECKED
1080p,69,val_069.png,1920,1080,2073600,min_tree,8,ref6,2,0,208.051000,67507,67507,67507,proposed,0,0,0,0,0,0,0,10350157032762619863,350.040250,63.865791,UNCHECKED
1080p,69,val_069.png,1920,1080,2073600,min_tree,8,proposed,2,1,194.609791,67507,67507,67507,proposed,0,0,0,0,0,0,0,10350157032762619863,350.040250,63.865791,UNCHECKED
1080p,69,val_069.png,1920,1080,2073600,tree_of_shapes,4/8,proposed,0,0,198.531459,167486,167486,167486,proposed,0,0,0,0,0,0,0,13768449018760284076,1824.473041,39.638250,UNCHECKED
1080p,69,val_069.png,1920,1080,2073600,tree_of_shapes,4/8,ref5_original,0,1,2894.946208,167486,167486,167486,proposed,14481,1650,14171,14242,0,0,257,3436408436820360845,1824.473041,39.638250,UNCHECKED
1080p,69,val_069.png,1920,1080,2073600,tree_of_shapes,4/8,ref5_original,1,0,2893.592625,167486,167486,167486,proposed,14481,1650,14171,14242,0,0,257,3436408436820360845,1824.473041,39.638250,UNCHECKED
1080p,69,val_069.png,1920,1080,2073600,tree_of_shapes,4/8,proposed,1,1,198.953666,167486,167486,167486,proposed,0,0,0,0,0,0,0,13768449018760284076,1824.473041,39.638250,UNCHECKED
1080p,69,val_069.png,1920,1080,2073600,tree_of_shapes,4/8,proposed,2,0,198.836917,167486,167486,167486,proposed,0,0,0,0,0,0,0,13768449018760284076,1824.473041,39.638250,UNCHECKED
1080p,69,val_069.png,1920,1080,2073600,tree_of_shapes,4/8,ref5_original,2,1,2863.892750,167486,167486,167486,proposed,14481,1650,14171,14242,0,0,257,3436408436820360845,1824.473041,39.638250,UNCHECKED
1080p,70,val_070.png,1920,1080,2073600,max_tree,8,ref6,0,0,214.952334,146223,146223,146223,proposed,0,0,0,0,0,0,0,7776416806995551691,376.750208,30.483625,UNCHECKED
1080p,70,val_070.png,1920,1080,2073600,max_tree,8,proposed,0,1,224.812250,146223,146223,146223,proposed,0,0,0,0,0,0,0,7776416806995551691,376.750208,30.483625,UNCHECKED
1080p,70,val_070.png,1920,1080,2073600,max_tree,8,proposed,1,0,227.182459,146223,146223,146223,proposed,0,0,0,0,0,0,0,7776416806995551691,376.750208,30.483625,UNCHECKED
1080p,70,val_070.png,1920,1080,2073600,max_tree,8,ref6,1,1,211.987542,146223,146223,146223,proposed,0,0,0,0,0,0,0,7776416806995551691,376.750208,30.483625,UNCHECKED
1080p,70,val_070.png,1920,1080,2073600,max_tree,8,ref6,2,0,211.148459,146223,146223,146223,proposed,0,0,0,0,0,0,0,7776416806995551691,376.750208,30.483625,UNCHECKED
1080p,70,val_070.png,1920,1080,2073600,max_tree,8,proposed,2,1,225.122791,146223,146223,146223,proposed,0,0,0,0,0,0,0,7776416806995551691,376.750208,30.483625,UNCHECKED
1080p,70,val_070.png,1920,1080,2073600,min_tree,8,proposed,0,0,218.843917,116160,116160,116160,proposed,0,0,0,0,0,0,0,1463436626143749345,375.524166,44.233792,UNCHECKED
1080p,70,val_070.png,1920,1080,2073600,min_tree,8,ref6,0,1,211.370542,116160,116160,116160,proposed,0,0,0,0,0,0,0,1463436626143749345,375.524166,44.233792,UNCHECKED
1080p,70,val_070.png,1920,1080,2073600,min_tree,8,ref6,1,0,209.547625,116160,116160,116160,proposed,0,0,0,0,0,0,0,1463436626143749345,375.524166,44.233792,UNCHECKED
1080p,70,val_070.png,1920,1080,2073600,min_tree,8,proposed,1,1,216.850916,116160,116160,116160,proposed,0,0,0,0,0,0,0,1463436626143749345,375.524166,44.233792,UNCHECKED
1080p,70,val_070.png,1920,1080,2073600,min_tree,8,proposed,2,0,223.502000,116160,116160,116160,proposed,0,0,0,0,0,0,0,1463436626143749345,375.524166,44.233792,UNCHECKED
1080p,70,val_070.png,1920,1080,2073600,min_tree,8,ref6,2,1,207.911833,116160,116160,116160,proposed,0,0,0,0,0,0,0,1463436626143749345,375.524166,44.233792,UNCHECKED
1080p,70,val_070.png,1920,1080,2073600,tree_of_shapes,4/8,ref5_original,0,0,3076.670250,284566,284566,284566,proposed,26443,2492,26072,26051,0,0,413,14572719503089131227,1997.611167,26.928459,UNCHECKED
1080p,70,val_070.png,1920,1080,2073600,tree_of_shapes,4/8,proposed,0,1,253.650667,284566,284566,284566,proposed,0,0,0,0,0,0,0,7458501366544077491,1997.611167,26.928459,UNCHECKED
1080p,70,val_070.png,1920,1080,2073600,tree_of_shapes,4/8,proposed,1,0,255.955958,284566,284566,284566,proposed,0,0,0,0,0,0,0,7458501366544077491,1997.611167,26.928459,UNCHECKED
1080p,70,val_070.png,1920,1080,2073600,tree_of_shapes,4/8,ref5_original,1,1,3040.044041,284566,284566,284566,proposed,26443,2492,26072,26051,0,0,413,14572719503089131227,1997.611167,26.928459,UNCHECKED
1080p,70,val_070.png,1920,1080,2073600,tree_of_shapes,4/8,ref5_original,2,0,3057.292458,284566,284566,284566,proposed,26443,2492,26072,26051,0,0,413,14572719503089131227,1997.611167,26.928459,UNCHECKED
1080p,70,val_070.png,1920,1080,2073600,tree_of_shapes,4/8,proposed,2,1,256.380041,284566,284566,284566,proposed,0,0,0,0,0,0,0,7458501366544077491,1997.611167,26.928459,UNCHECKED
1080p,71,val_071.png,1920,1080,2073600,max_tree,8,proposed,0,0,237.551958,251344,251344,251344,proposed,0,0,0,0,0,0,0,16538125374191216324,422.623167,24.676208,UNCHECKED
1080p,71,val_071.png,1920,1080,2073600,max_tree,8,ref6,0,1,217.321000,251344,251344,251344,proposed,0,0,0,0,0,0,0,16538125374191216324,422.623167,24.676208,UNCHECKED
1080p,71,val_071.png,1920,1080,2073600,max_tree,8,ref6,1,0,220.692958,251344,251344,251344,proposed,0,0,0,0,0,0,0,16538125374191216324,422.623167,24.676208,UNCHECKED
1080p,71,val_071.png,1920,1080,2073600,max_tree,8,proposed,1,1,240.336000,251344,251344,251344,proposed,0,0,0,0,0,0,0,16538125374191216324,422.623167,24.676208,UNCHECKED
1080p,71,val_071.png,1920,1080,2073600,max_tree,8,proposed,2,0,236.305958,251344,251344,251344,proposed,0,0,0,0,0,0,0,16538125374191216324,422.623167,24.676208,UNCHECKED
1080p,71,val_071.png,1920,1080,2073600,max_tree,8,ref6,2,1,223.534375,251344,251344,251344,proposed,0,0,0,0,0,0,0,16538125374191216324,422.623167,24.676208,UNCHECKED
1080p,71,val_071.png,1920,1080,2073600,min_tree,8,ref6,0,0,216.385792,201502,201502,201502,proposed,0,0,0,0,0,0,0,13059041427555815622,410.778500,30.785292,UNCHECKED
1080p,71,val_071.png,1920,1080,2073600,min_tree,8,proposed,0,1,236.933167,201502,201502,201502,proposed,0,0,0,0,0,0,0,13059041427555815622,410.778500,30.785292,UNCHECKED
1080p,71,val_071.png,1920,1080,2073600,min_tree,8,proposed,1,0,238.455666,201502,201502,201502,proposed,0,0,0,0,0,0,0,13059041427555815622,410.778500,30.785292,UNCHECKED
1080p,71,val_071.png,1920,1080,2073600,min_tree,8,ref6,1,1,222.248416,201502,201502,201502,proposed,0,0,0,0,0,0,0,13059041427555815622,410.778500,30.785292,UNCHECKED
1080p,71,val_071.png,1920,1080,2073600,min_tree,8,ref6,2,0,213.850334,201502,201502,201502,proposed,0,0,0,0,0,0,0,13059041427555815622,410.778500,30.785292,UNCHECKED
1080p,71,val_071.png,1920,1080,2073600,min_tree,8,proposed,2,1,236.311834,201502,201502,201502,proposed,0,0,0,0,0,0,0,13059041427555815622,410.778500,30.785292,UNCHECKED
1080p,71,val_071.png,1920,1080,2073600,tree_of_shapes,4/8,proposed,0,0,442.134750,490084,490084,490084,proposed,0,0,0,0,0,0,0,693997455031889623,4507.006958,54.475500,UNCHECKED
1080p,71,val_071.png,1920,1080,2073600,tree_of_shapes,4/8,ref5_original,0,1,3816.083542,490084,490084,490084,proposed,59241,7524,58069,58145,0,0,630,9767733412804593504,4507.006958,54.475500,UNCHECKED
1080p,71,val_071.png,1920,1080,2073600,tree_of_shapes,4/8,ref5_original,1,0,4080.111125,490084,490084,490084,proposed,59241,7524,58069,58145,0,0,630,9767733412804593504,4507.006958,54.475500,UNCHECKED
1080p,71,val_071.png,1920,1080,2073600,tree_of_shapes,4/8,proposed,1,1,468.274083,490084,490084,490084,proposed,0,0,0,0,0,0,0,693997455031889623,4507.006958,54.475500,UNCHECKED
1080p,71,val_071.png,1920,1080,2073600,tree_of_shapes,4/8,proposed,2,0,433.201542,490084,490084,490084,proposed,0,0,0,0,0,0,0,693997455031889623,4507.006958,54.475500,UNCHECKED
1080p,71,val_071.png,1920,1080,2073600,tree_of_shapes,4/8,ref5_original,2,1,4005.923459,490084,490084,490084,proposed,59241,7524,58069,58145,0,0,630,9767733412804593504,4507.006958,54.475500,UNCHECKED
1080p,72,val_072.png,1920,1080,2073600,max_tree,8,ref6,0,0,260.020666,171579,171579,171579,proposed,0,0,0,0,0,0,0,2625508618638404926,515.086875,44.775375,UNCHECKED
1080p,72,val_072.png,1920,1080,2073600,max_tree,8,proposed,0,1,284.694917,171579,171579,171579,proposed,0,0,0,0,0,0,0,2625508618638404926,515.086875,44.775375,UNCHECKED
1080p,72,val_072.png,1920,1080,2073600,max_tree,8,proposed,1,0,304.618166,171579,171579,171579,proposed,0,0,0,0,0,0,0,2625508618638404926,515.086875,44.775375,UNCHECKED
1080p,72,val_072.png,1920,1080,2073600,max_tree,8,ref6,1,1,264.962708,171579,171579,171579,proposed,0,0,0,0,0,0,0,2625508618638404926,515.086875,44.775375,UNCHECKED
1080p,72,val_072.png,1920,1080,2073600,max_tree,8,ref6,2,0,269.922750,171579,171579,171579,proposed,0,0,0,0,0,0,0,2625508618638404926,515.086875,44.775375,UNCHECKED
1080p,72,val_072.png,1920,1080,2073600,max_tree,8,proposed,2,1,265.940958,171579,171579,171579,proposed,0,0,0,0,0,0,0,2625508618638404926,515.086875,44.775375,UNCHECKED
1080p,72,val_072.png,1920,1080,2073600,min_tree,8,proposed,0,0,293.866292,128551,128551,128551,proposed,0,0,0,0,0,0,0,6552402649338647986,441.413875,45.958834,UNCHECKED
1080p,72,val_072.png,1920,1080,2073600,min_tree,8,ref6,0,1,253.650208,128551,128551,128551,proposed,0,0,0,0,0,0,0,6552402649338647986,441.413875,45.958834,UNCHECKED
1080p,72,val_072.png,1920,1080,2073600,min_tree,8,ref6,1,0,291.382500,128551,128551,128551,proposed,0,0,0,0,0,0,0,6552402649338647986,441.413875,45.958834,UNCHECKED
1080p,72,val_072.png,1920,1080,2073600,min_tree,8,proposed,1,1,282.415500,128551,128551,128551,proposed,0,0,0,0,0,0,0,6552402649338647986,441.413875,45.958834,UNCHECKED
1080p,72,val_072.png,1920,1080,2073600,min_tree,8,proposed,2,0,302.454750,128551,128551,128551,proposed,0,0,0,0,0,0,0,6552402649338647986,441.413875,45.958834,UNCHECKED
1080p,72,val_072.png,1920,1080,2073600,min_tree,8,ref6,2,1,259.875792,128551,128551,128551,proposed,0,0,0,0,0,0,0,6552402649338647986,441.413875,45.958834,UNCHECKED
1080p,72,val_072.png,1920,1080,2073600,tree_of_shapes,4/8,ref5_original,0,0,4769.303875,330766,330766,330766,proposed,28002,4076,26881,27220,0,0,498,17458655286866057562,3034.830458,45.725416,UNCHECKED
1080p,72,val_072.png,1920,1080,2073600,tree_of_shapes,4/8,proposed,0,1,411.688625,330766,330766,330766,proposed,0,0,0,0,0,0,0,16765513962753031269,3034.830458,45.725416,UNCHECKED
1080p,72,val_072.png,1920,1080,2073600,tree_of_shapes,4/8,proposed,1,0,499.003750,330766,330766,330766,proposed,0,0,0,0,0,0,0,16765513962753031269,3034.830458,45.725416,UNCHECKED
1080p,72,val_072.png,1920,1080,2073600,tree_of_shapes,4/8,ref5_original,1,1,3587.329417,330766,330766,330766,proposed,28002,4076,26881,27220,0,0,498,17458655286866057562,3034.830458,45.725416,UNCHECKED
1080p,72,val_072.png,1920,1080,2073600,tree_of_shapes,4/8,ref5_original,2,0,3483.381625,330766,330766,330766,proposed,28002,4076,26881,27220,0,0,498,17458655286866057562,3034.830458,45.725416,UNCHECKED
1080p,72,val_072.png,1920,1080,2073600,tree_of_shapes,4/8,proposed,2,1,371.670709,330766,330766,330766,proposed,0,0,0,0,0,0,0,16765513962753031269,3034.830458,45.725416,UNCHECKED
1080p,73,val_073.png,1920,1080,2073600,max_tree,8,proposed,0,0,249.184416,158596,158596,158596,proposed,0,0,0,0,0,0,0,7871989139202075221,458.147000,28.340583,UNCHECKED
1080p,73,val_073.png,1920,1080,2073600,max_tree,8,ref6,0,1,227.673542,158596,158596,158596,proposed,0,0,0,0,0,0,0,7871989139202075221,458.147000,28.340583,UNCHECKED
1080p,73,val_073.png,1920,1080,2073600,max_tree,8,ref6,1,0,228.483375,158596,158596,158596,proposed,0,0,0,0,0,0,0,7871989139202075221,458.147000,28.340583,UNCHECKED
1080p,73,val_073.png,1920,1080,2073600,max_tree,8,proposed,1,1,255.379875,158596,158596,158596,proposed,0,0,0,0,0,0,0,7871989139202075221,458.147000,28.340583,UNCHECKED
1080p,73,val_073.png,1920,1080,2073600,max_tree,8,proposed,2,0,251.448958,158596,158596,158596,proposed,0,0,0,0,0,0,0,7871989139202075221,458.147000,28.340583,UNCHECKED
1080p,73,val_073.png,1920,1080,2073600,max_tree,8,ref6,2,1,220.759042,158596,158596,158596,proposed,0,0,0,0,0,0,0,7871989139202075221,458.147000,28.340583,UNCHECKED
1080p,73,val_073.png,1920,1080,2073600,min_tree,8,ref6,0,0,232.314458,140582,140582,140582,proposed,0,0,0,0,0,0,0,7589179714251413347,419.533875,26.941250,UNCHECKED
1080p,73,val_073.png,1920,1080,2073600,min_tree,8,proposed,0,1,255.097167,140582,140582,140582,proposed,0,0,0,0,0,0,0,7589179714251413347,419.533875,26.941250,UNCHECKED
1080p,73,val_073.png,1920,1080,2073600,min_tree,8,proposed,1,0,251.910542,140582,140582,140582,proposed,0,0,0,0,0,0,0,7589179714251413347,419.533875,26.941250,UNCHECKED
1080p,73,val_073.png,1920,1080,2073600,min_tree,8,ref6,1,1,223.288458,140582,140582,140582,proposed,0,0,0,0,0,0,0,7589179714251413347,419.533875,26.941250,UNCHECKED
1080p,73,val_073.png,1920,1080,2073600,min_tree,8,ref6,2,0,223.817583,140582,140582,140582,proposed,0,0,0,0,0,0,0,7589179714251413347,419.533875,26.941250,UNCHECKED
1080p,73,val_073.png,1920,1080,2073600,min_tree,8,proposed,2,1,252.668917,140582,140582,140582,proposed,0,0,0,0,0,0,0,7589179714251413347,419.533875,26.941250,UNCHECKED
1080p,73,val_073.png,1920,1080,2073600,tree_of_shapes,4/8,proposed,0,0,302.851000,326546,326546,326546,proposed,0,0,0,0,0,0,0,11576702224079725862,2299.957375,31.492000,UNCHECKED
1080p,73,val_073.png,1920,1080,2073600,tree_of_shapes,4/8,ref5_original,0,1,3321.629042,326546,326546,326546,proposed,33720,4418,32726,33103,0,0,493,1369778209087281563,2299.957375,31.492000,UNCHECKED
1080p,73,val_073.png,1920,1080,2073600,tree_of_shapes,4/8,ref5_original,1,0,3288.539500,326546,326546,326546,proposed,33720,4418,32726,33103,0,0,493,1369778209087281563,2299.957375,31.492000,UNCHECKED
1080p,73,val_073.png,1920,1080,2073600,tree_of_shapes,4/8,proposed,1,1,310.395458,326546,326546,326546,proposed,0,0,0,0,0,0,0,11576702224079725862,2299.957375,31.492000,UNCHECKED
1080p,73,val_073.png,1920,1080,2073600,tree_of_shapes,4/8,proposed,2,0,313.742042,326546,326546,326546,proposed,0,0,0,0,0,0,0,11576702224079725862,2299.957375,31.492000,UNCHECKED
1080p,73,val_073.png,1920,1080,2073600,tree_of_shapes,4/8,ref5_original,2,1,3286.244000,326546,326546,326546,proposed,33720,4418,32726,33103,0,0,493,1369778209087281563,2299.957375,31.492000,UNCHECKED
1080p,74,val_074.png,1920,1080,2073600,max_tree,8,ref6,0,0,225.376333,138858,138858,138858,proposed,0,0,0,0,0,0,0,4184540399746894788,413.327916,46.296375,UNCHECKED
1080p,74,val_074.png,1920,1080,2073600,max_tree,8,proposed,0,1,238.382833,138858,138858,138858,proposed,0,0,0,0,0,0,0,4184540399746894788,413.327916,46.296375,UNCHECKED
1080p,74,val_074.png,1920,1080,2073600,max_tree,8,proposed,1,0,238.406875,138858,138858,138858,proposed,0,0,0,0,0,0,0,4184540399746894788,413.327916,46.296375,UNCHECKED
1080p,74,val_074.png,1920,1080,2073600,max_tree,8,ref6,1,1,223.221334,138858,138858,138858,proposed,0,0,0,0,0,0,0,4184540399746894788,413.327916,46.296375,UNCHECKED
1080p,74,val_074.png,1920,1080,2073600,max_tree,8,ref6,2,0,222.294333,138858,138858,138858,proposed,0,0,0,0,0,0,0,4184540399746894788,413.327916,46.296375,UNCHECKED
1080p,74,val_074.png,1920,1080,2073600,max_tree,8,proposed,2,1,236.243750,138858,138858,138858,proposed,0,0,0,0,0,0,0,4184540399746894788,413.327916,46.296375,UNCHECKED
1080p,74,val_074.png,1920,1080,2073600,min_tree,8,proposed,0,0,231.283375,116750,116750,116750,proposed,0,0,0,0,0,0,0,10690082822758999542,394.129500,47.536083,UNCHECKED
1080p,74,val_074.png,1920,1080,2073600,min_tree,8,ref6,0,1,224.786667,116750,116750,116750,proposed,0,0,0,0,0,0,0,10690082822758999542,394.129500,47.536083,UNCHECKED
1080p,74,val_074.png,1920,1080,2073600,min_tree,8,ref6,1,0,224.545875,116750,116750,116750,proposed,0,0,0,0,0,0,0,10690082822758999542,394.129500,47.536083,UNCHECKED
1080p,74,val_074.png,1920,1080,2073600,min_tree,8,proposed,1,1,237.816917,116750,116750,116750,proposed,0,0,0,0,0,0,0,10690082822758999542,394.129500,47.536083,UNCHECKED
1080p,74,val_074.png,1920,1080,2073600,min_tree,8,proposed,2,0,281.910166,116750,116750,116750,proposed,0,0,0,0,0,0,0,10690082822758999542,394.129500,47.536083,UNCHECKED
1080p,74,val_074.png,1920,1080,2073600,min_tree,8,ref6,2,1,219.484000,116750,116750,116750,proposed,0,0,0,0,0,0,0,10690082822758999542,394.129500,47.536083,UNCHECKED
1080p,74,val_074.png,1920,1080,2073600,tree_of_shapes,4/8,ref5_original,0,0,3150.102416,279621,279621,279621,proposed,26542,3311,25936,26034,0,0,671,3607790737127010125,2161.253042,36.150167,UNCHECKED
1080p,74,val_074.png,1920,1080,2073600,tree_of_shapes,4/8,proposed,0,1,272.434916,279621,279621,279621,proposed,0,0,0,0,0,0,0,18316462094399457878,2161.253042,36.150167,UNCHECKED
1080p,74,val_074.png,1920,1080,2073600,tree_of_shapes,4/8,proposed,1,0,272.057750,279621,279621,279621,proposed,0,0,0,0,0,0,0,18316462094399457878,2161.253042,36.150167,UNCHECKED
1080p,74,val_074.png,1920,1080,2073600,tree_of_shapes,4/8,ref5_original,1,1,3147.296125,279621,279621,279621,proposed,26542,3311,25936,26034,0,0,671,3607790737127010125,2161.253042,36.150167,UNCHECKED
1080p,74,val_074.png,1920,1080,2073600,tree_of_shapes,4/8,ref5_original,2,0,3179.292667,279621,279621,279621,proposed,26542,3311,25936,26034,0,0,671,3607790737127010125,2161.253042,36.150167,UNCHECKED
1080p,74,val_074.png,1920,1080,2073600,tree_of_shapes,4/8,proposed,2,1,276.363875,279621,279621,279621,proposed,0,0,0,0,0,0,0,18316462094399457878,2161.253042,36.150167,UNCHECKED
1080p,75,val_075.png,1920,1080,2073600,max_tree,8,proposed,0,0,230.581375,172785,172785,172785,proposed,0,0,0,0,0,0,0,11785256394872928437,417.565250,27.752292,UNCHECKED
1080p,75,val_075.png,1920,1080,2073600,max_tree,8,ref6,0,1,218.252125,172785,172785,172785,proposed,0,0,0,0,0,0,0,11785256394872928437,417.565250,27.752292,UNCHECKED
1080p,75,val_075.png,1920,1080,2073600,max_tree,8,ref6,1,0,218.382375,172785,172785,172785,proposed,0,0,0,0,0,0,0,11785256394872928437,417.565250,27.752292,UNCHECKED
1080p,75,val_075.png,1920,1080,2073600,max_tree,8,proposed,1,1,236.782083,172785,172785,172785,proposed,0,0,0,0,0,0,0,11785256394872928437,417.565250,27.752292,UNCHECKED
1080p,75,val_075.png,1920,1080,2073600,max_tree,8,proposed,2,0,243.562958,172785,172785,172785,proposed,0,0,0,0,0,0,0,11785256394872928437,417.565250,27.752292,UNCHECKED
1080p,75,val_075.png,1920,1080,2073600,max_tree,8,ref6,2,1,219.463250,172785,172785,172785,proposed,0,0,0,0,0,0,0,11785256394872928437,417.565250,27.752292,UNCHECKED
1080p,75,val_075.png,1920,1080,2073600,min_tree,8,ref6,0,0,222.208459,142578,142578,142578,proposed,0,0,0,0,0,0,0,5141467644706447272,416.077084,31.526208,UNCHECKED
1080p,75,val_075.png,1920,1080,2073600,min_tree,8,proposed,0,1,242.409625,142578,142578,142578,proposed,0,0,0,0,0,0,0,5141467644706447272,416.077084,31.526208,UNCHECKED
1080p,75,val_075.png,1920,1080,2073600,min_tree,8,proposed,1,0,244.947458,142578,142578,142578,proposed,0,0,0,0,0,0,0,5141467644706447272,416.077084,31.526208,UNCHECKED
1080p,75,val_075.png,1920,1080,2073600,min_tree,8,ref6,1,1,221.302958,142578,142578,142578,proposed,0,0,0,0,0,0,0,5141467644706447272,416.077084,31.526208,UNCHECKED
1080p,75,val_075.png,1920,1080,2073600,min_tree,8,ref6,2,0,221.589042,142578,142578,142578,proposed,0,0,0,0,0,0,0,5141467644706447272,416.077084,31.526208,UNCHECKED
1080p,75,val_075.png,1920,1080,2073600,min_tree,8,proposed,2,1,241.655875,142578,142578,142578,proposed,0,0,0,0,0,0,0,5141467644706447272,416.077084,31.526208,UNCHECKED
1080p,75,val_075.png,1920,1080,2073600,tree_of_shapes,4/8,proposed,0,0,299.940583,339312,339312,339312,proposed,0,0,0,0,0,0,0,14614763181463336464,2209.249042,30.102042,UNCHECKED
1080p,75,val_075.png,1920,1080,2073600,tree_of_shapes,4/8,ref5_original,0,1,3237.900458,339312,339312,339312,proposed,38334,3823,37689,37768,0,0,577,1830985933618369775,2209.249042,30.102042,UNCHECKED
1080p,75,val_075.png,1920,1080,2073600,tree_of_shapes,4/8,ref5_original,1,0,3281.181583,339312,339312,339312,proposed,38334,3823,37689,37768,0,0,577,1830985933618369775,2209.249042,30.102042,UNCHECKED
1080p,75,val_075.png,1920,1080,2073600,tree_of_shapes,4/8,proposed,1,1,300.895458,339312,339312,339312,proposed,0,0,0,0,0,0,0,14614763181463336464,2209.249042,30.102042,UNCHECKED
1080p,75,val_075.png,1920,1080,2073600,tree_of_shapes,4/8,proposed,2,0,297.471709,339312,339312,339312,proposed,0,0,0,0,0,0,0,14614763181463336464,2209.249042,30.102042,UNCHECKED
1080p,75,val_075.png,1920,1080,2073600,tree_of_shapes,4/8,ref5_original,2,1,3235.448459,339312,339312,339312,proposed,38334,3823,37689,37768,0,0,577,1830985933618369775,2209.249042,30.102042,UNCHECKED
1080p,76,val_076.png,1920,1080,2073600,max_tree,8,ref6,0,0,210.741250,92121,92121,92121,proposed,0,0,0,0,0,0,0,14295006000514528116,363.616542,61.834959,UNCHECKED
1080p,76,val_076.png,1920,1080,2073600,max_tree,8,proposed,0,1,209.204917,92121,92121,92121,proposed,0,0,0,0,0,0,0,14295006000514528116,363.616542,61.834959,UNCHECKED
1080p,76,val_076.png,1920,1080,2073600,max_tree,8,proposed,1,0,209.966750,92121,92121,92121,proposed,0,0,0,0,0,0,0,14295006000514528116,363.616542,61.834959,UNCHECKED
1080p,76,val_076.png,1920,1080,2073600,max_tree,8,ref6,1,1,209.601250,92121,92121,92121,proposed,0,0,0,0,0,0,0,14295006000514528116,363.616542,61.834959,UNCHECKED
1080p,76,val_076.png,1920,1080,2073600,max_tree,8,ref6,2,0,209.369083,92121,92121,92121,proposed,0,0,0,0,0,0,0,14295006000514528116,363.616542,61.834959,UNCHECKED
1080p,76,val_076.png,1920,1080,2073600,max_tree,8,proposed,2,1,207.790541,92121,92121,92121,proposed,0,0,0,0,0,0,0,14295006000514528116,363.616542,61.834959,UNCHECKED
1080p,76,val_076.png,1920,1080,2073600,min_tree,8,proposed,0,0,201.531792,80323,80323,80323,proposed,0,0,0,0,0,0,0,8699461926827820686,357.984792,64.393708,UNCHECKED
1080p,76,val_076.png,1920,1080,2073600,min_tree,8,ref6,0,1,211.746916,80323,80323,80323,proposed,0,0,0,0,0,0,0,8699461926827820686,357.984792,64.393708,UNCHECKED
1080p,76,val_076.png,1920,1080,2073600,min_tree,8,ref6,1,0,216.586208,80323,80323,80323,proposed,0,0,0,0,0,0,0,8699461926827820686,357.984792,64.393708,UNCHECKED
1080p,76,val_076.png,1920,1080,2073600,min_tree,8,proposed,1,1,209.050583,80323,80323,80323,proposed,0,0,0,0,0,0,0,8699461926827820686,357.984792,64.393708,UNCHECKED
1080p,76,val_076.png,1920,1080,2073600,min_tree,8,proposed,2,0,207.714125,80323,80323,80323,proposed,0,0,0,0,0,0,0,8699461926827820686,357.984792,64.393708,UNCHECKED
1080p,76,val_076.png,1920,1080,2073600,min_tree,8,ref6,2,1,205.177625,80323,80323,80323,proposed,0,0,0,0,0,0,0,8699461926827820686,357.984792,64.393708,UNCHECKED
1080p,76,val_076.png,1920,1080,2073600,tree_of_shapes,4/8,ref5_original,0,0,2996.833291,189955,189955,189955,proposed,14900,1565,14599,14634,0,0,345,13291705911589205175,1910.073083,44.405625,UNCHECKED
1080p,76,val_076.png,1920,1080,2073600,tree_of_shapes,4/8,proposed,0,1,210.339375,189955,189955,189955,proposed,0,0,0,0,0,0,0,15352546450660159553,1910.073083,44.405625,UNCHECKED
1080p,76,val_076.png,1920,1080,2073600,tree_of_shapes,4/8,proposed,1,0,211.572375,189955,189955,189955,proposed,0,0,0,0,0,0,0,15352546450660159553,1910.073083,44.405625,UNCHECKED
1080p,76,val_076.png,1920,1080,2073600,tree_of_shapes,4/8,ref5_original,1,1,3061.890750,189955,189955,189955,proposed,14900,1565,14599,14634,0,0,345,13291705911589205175,1910.073083,44.405625,UNCHECKED
1080p,76,val_076.png,1920,1080,2073600,tree_of_shapes,4/8,ref5_original,2,0,2956.206791,189955,189955,189955,proposed,14900,1565,14599,14634,0,0,345,13291705911589205175,1910.073083,44.405625,UNCHECKED
1080p,76,val_076.png,1920,1080,2073600,tree_of_shapes,4/8,proposed,2,1,215.978000,189955,189955,189955,proposed,0,0,0,0,0,0,0,15352546450660159553,1910.073083,44.405625,UNCHECKED
1080p,77,val_077.png,1920,1080,2073600,max_tree,8,proposed,0,0,237.310042,116631,116631,116631,proposed,0,0,0,0,0,0,0,790805590004416162,391.120750,35.474292,UNCHECKED
1080p,77,val_077.png,1920,1080,2073600,max_tree,8,ref6,0,1,220.651917,116631,116631,116631,proposed,0,0,0,0,0,0,0,790805590004416162,391.120750,35.474292,UNCHECKED
1080p,77,val_077.png,1920,1080,2073600,max_tree,8,ref6,1,0,221.768167,116631,116631,116631,proposed,0,0,0,0,0,0,0,790805590004416162,391.120750,35.474292,UNCHECKED
1080p,77,val_077.png,1920,1080,2073600,max_tree,8,proposed,1,1,236.983375,116631,116631,116631,proposed,0,0,0,0,0,0,0,790805590004416162,391.120750,35.474292,UNCHECKED
1080p,77,val_077.png,1920,1080,2073600,max_tree,8,proposed,2,0,237.647041,116631,116631,116631,proposed,0,0,0,0,0,0,0,790805590004416162,391.120750,35.474292,UNCHECKED
1080p,77,val_077.png,1920,1080,2073600,max_tree,8,ref6,2,1,223.995333,116631,116631,116631,proposed,0,0,0,0,0,0,0,790805590004416162,391.120750,35.474292,UNCHECKED
1080p,77,val_077.png,1920,1080,2073600,min_tree,8,ref6,0,0,217.010667,108344,108344,108344,proposed,0,0,0,0,0,0,0,14350213484283250758,389.201375,38.802875,UNCHECKED
1080p,77,val_077.png,1920,1080,2073600,min_tree,8,proposed,0,1,237.097917,108344,108344,108344,proposed,0,0,0,0,0,0,0,14350213484283250758,389.201375,38.802875,UNCHECKED
1080p,77,val_077.png,1920,1080,2073600,min_tree,8,proposed,1,0,236.255708,108344,108344,108344,proposed,0,0,0,0,0,0,0,14350213484283250758,389.201375,38.802875,UNCHECKED
1080p,77,val_077.png,1920,1080,2073600,min_tree,8,ref6,1,1,219.321375,108344,108344,108344,proposed,0,0,0,0,0,0,0,14350213484283250758,389.201375,38.802875,UNCHECKED
1080p,77,val_077.png,1920,1080,2073600,min_tree,8,ref6,2,0,221.641958,108344,108344,108344,proposed,0,0,0,0,0,0,0,14350213484283250758,389.201375,38.802875,UNCHECKED
1080p,77,val_077.png,1920,1080,2073600,min_tree,8,proposed,2,1,237.488291,108344,108344,108344,proposed,0,0,0,0,0,0,0,14350213484283250758,389.201375,38.802875,UNCHECKED
1080p,77,val_077.png,1920,1080,2073600,tree_of_shapes,4/8,proposed,0,0,259.785916,253388,253388,253388,proposed,0,0,0,0,0,0,0,2393731100518199425,2044.635042,27.612625,UNCHECKED
1080p,77,val_077.png,1920,1080,2073600,tree_of_shapes,4/8,ref5_original,0,1,3134.945834,253388,253388,253388,proposed,26198,3261,25526,25714,0,0,231,296729836321238938,2044.635042,27.612625,UNCHECKED
1080p,77,val_077.png,1920,1080,2073600,tree_of_shapes,4/8,ref5_original,1,0,3160.115416,253388,253388,253388,proposed,26198,3261,25526,25714,0,0,231,296729836321238938,2044.635042,27.612625,UNCHECKED
1080p,77,val_077.png,1920,1080,2073600,tree_of_shapes,4/8,proposed,1,1,263.290708,253388,253388,253388,proposed,0,0,0,0,0,0,0,2393731100518199425,2044.635042,27.612625,UNCHECKED
1080p,77,val_077.png,1920,1080,2073600,tree_of_shapes,4/8,proposed,2,0,268.435334,253388,253388,253388,proposed,0,0,0,0,0,0,0,2393731100518199425,2044.635042,27.612625,UNCHECKED
1080p,77,val_077.png,1920,1080,2073600,tree_of_shapes,4/8,ref5_original,2,1,3115.169875,253388,253388,253388,proposed,26198,3261,25526,25714,0,0,231,296729836321238938,2044.635042,27.612625,UNCHECKED
1080p,78,val_078.png,1920,1080,2073600,max_tree,8,ref6,0,0,208.258542,88813,88813,88813,proposed,0,0,0,0,0,0,0,7788504150538596943,377.080542,50.038416,UNCHECKED
1080p,78,val_078.png,1920,1080,2073600,max_tree,8,proposed,0,1,213.020292,88813,88813,88813,proposed,0,0,0,0,0,0,0,7788504150538596943,377.080542,50.038416,UNCHECKED
1080p,78,val_078.png,1920,1080,2073600,max_tree,8,proposed,1,0,213.423542,88813,88813,88813,proposed,0,0,0,0,0,0,0,7788504150538596943,377.080542,50.038416,UNCHECKED
1080p,78,val_078.png,1920,1080,2073600,max_tree,8,ref6,1,1,210.655125,88813,88813,88813,proposed,0,0,0,0,0,0,0,7788504150538596943,377.080542,50.038416,UNCHECKED
1080p,78,val_078.png,1920,1080,2073600,max_tree,8,ref6,2,0,213.601417,88813,88813,88813,proposed,0,0,0,0,0,0,0,7788504150538596943,377.080542,50.038416,UNCHECKED
1080p,78,val_078.png,1920,1080,2073600,max_tree,8,proposed,2,1,213.372208,88813,88813,88813,proposed,0,0,0,0,0,0,0,7788504150538596943,377.080542,50.038416,UNCHECKED
1080p,78,val_078.png,1920,1080,2073600,min_tree,8,proposed,0,0,211.994042,80130,80130,80130,proposed,0,0,0,0,0,0,0,14593432003660569905,368.062333,52.799250,UNCHECKED
1080p,78,val_078.png,1920,1080,2073600,min_tree,8,ref6,0,1,212.096958,80130,80130,80130,proposed,0,0,0,0,0,0,0,14593432003660569905,368.062333,52.799250,UNCHECKED
1080p,78,val_078.png,1920,1080,2073600,min_tree,8,ref6,1,0,207.402750,80130,80130,80130,proposed,0,0,0,0,0,0,0,14593432003660569905,368.062333,52.799250,UNCHECKED
1080p,78,val_078.png,1920,1080,2073600,min_tree,8,proposed,1,1,212.465583,80130,80130,80130,proposed,0,0,0,0,0,0,0,14593432003660569905,368.062333,52.799250,UNCHECKED
1080p,78,val_078.png,1920,1080,2073600,min_tree,8,proposed,2,0,213.341083,80130,80130,80130,proposed,0,0,0,0,0,0,0,14593432003660569905,368.062333,52.799250,UNCHECKED
1080p,78,val_078.png,1920,1080,2073600,min_tree,8,ref6,2,1,212.072541,80130,80130,80130,proposed,0,0,0,0,0,0,0,14593432003660569905,368.062333,52.799250,UNCHECKED
1080p,78,val_078.png,1920,1080,2073600,tree_of_shapes,4/8,ref5_original,0,0,2987.172959,180746,180746,180746,proposed,18678,2150,18322,18376,0,0,314,16105960807154945233,1874.288916,35.194917,UNCHECKED
1080p,78,val_078.png,1920,1080,2073600,tree_of_shapes,4/8,proposed,0,1,214.082291,180746,180746,180746,proposed,0,0,0,0,0,0,0,10256862100988018985,1874.288916,35.194917,UNCHECKED
1080p,78,val_078.png,1920,1080,2073600,tree_of_shapes,4/8,proposed,1,0,256.379042,180746,180746,180746,proposed,0,0,0,0,0,0,0,10256862100988018985,1874.288916,35.194917,UNCHECKED
1080p,78,val_078.png,1920,1080,2073600,tree_of_shapes,4/8,ref5_original,1,1,2998.184791,180746,180746,180746,proposed,18678,2150,18322,18376,0,0,314,16105960807154945233,1874.288916,35.194917,UNCHECKED
1080p,78,val_078.png,1920,1080,2073600,tree_of_shapes,4/8,ref5_original,2,0,2996.375000,180746,180746,180746,proposed,18678,2150,18322,18376,0,0,314,16105960807154945233,1874.288916,35.194917,UNCHECKED
1080p,78,val_078.png,1920,1080,2073600,tree_of_shapes,4/8,proposed,2,1,218.828666,180746,180746,180746,proposed,0,0,0,0,0,0,0,10256862100988018985,1874.288916,35.194917,UNCHECKED
1080p,79,val_079.png,1920,1080,2073600,max_tree,8,proposed,0,0,214.056708,124414,124414,124414,proposed,0,0,0,0,0,0,0,381046167419593639,378.916667,41.919958,UNCHECKED
1080p,79,val_079.png,1920,1080,2073600,max_tree,8,ref6,0,1,216.380791,124414,124414,124414,proposed,0,0,0,0,0,0,0,381046167419593639,378.916667,41.919958,UNCHECKED
1080p,79,val_079.png,1920,1080,2073600,max_tree,8,ref6,1,0,217.895416,124414,124414,124414,proposed,0,0,0,0,0,0,0,381046167419593639,378.916667,41.919958,UNCHECKED
1080p,79,val_079.png,1920,1080,2073600,max_tree,8,proposed,1,1,220.047916,124414,124414,124414,proposed,0,0,0,0,0,0,0,381046167419593639,378.916667,41.919958,UNCHECKED
1080p,79,val_079.png,1920,1080,2073600,max_tree,8,proposed,2,0,219.215000,124414,124414,124414,proposed,0,0,0,0,0,0,0,381046167419593639,378.916667,41.919958,UNCHECKED
1080p,79,val_079.png,1920,1080,2073600,max_tree,8,ref6,2,1,217.298792,124414,124414,124414,proposed,0,0,0,0,0,0,0,381046167419593639,378.916667,41.919958,UNCHECKED
1080p,79,val_079.png,1920,1080,2073600,min_tree,8,ref6,0,0,214.878416,87520,87520,87520,proposed,0,0,0,0,0,0,0,7809295061424550284,374.637334,59.592417,UNCHECKED
1080p,79,val_079.png,1920,1080,2073600,min_tree,8,proposed,0,1,221.427792,87520,87520,87520,proposed,0,0,0,0,0,0,0,7809295061424550284,374.637334,59.592417,UNCHECKED
1080p,79,val_079.png,1920,1080,2073600,min_tree,8,proposed,1,0,216.653875,87520,87520,87520,proposed,0,0,0,0,0,0,0,7809295061424550284,374.637334,59.592417,UNCHECKED
1080p,79,val_079.png,1920,1080,2073600,min_tree,8,ref6,1,1,214.990750,87520,87520,87520,proposed,0,0,0,0,0,0,0,7809295061424550284,374.637334,59.592417,UNCHECKED
1080p,79,val_079.png,1920,1080,2073600,min_tree,8,ref6,2,0,217.605250,87520,87520,87520,proposed,0,0,0,0,0,0,0,7809295061424550284,374.637334,59.592417,UNCHECKED
1080p,79,val_079.png,1920,1080,2073600,min_tree,8,proposed,2,1,225.300042,87520,87520,87520,proposed,0,0,0,0,0,0,0,7809295061424550284,374.637334,59.592417,UNCHECKED
1080p,79,val_079.png,1920,1080,2073600,tree_of_shapes,4/8,proposed,0,0,246.973458,230690,230690,230690,proposed,0,0,0,0,0,0,0,5749158291510422756,2028.654375,28.459500,UNCHECKED
1080p,79,val_079.png,1920,1080,2073600,tree_of_shapes,4/8,ref5_original,0,1,3065.631334,230690,230690,230690,proposed,18205,1677,17864,17914,0,0,409,9867057030319123988,2028.654375,28.459500,UNCHECKED
1080p,79,val_079.png,1920,1080,2073600,tree_of_shapes,4/8,ref5_original,1,0,3044.131667,230690,230690,230690,proposed,18205,1677,17864,17914,0,0,409,9867057030319123988,2028.654375,28.459500,UNCHECKED
1080p,79,val_079.png,1920,1080,2073600,tree_of_shapes,4/8,proposed,1,1,247.459042,230690,230690,230690,proposed,0,0,0,0,0,0,0,5749158291510422756,2028.654375,28.459500,UNCHECKED
1080p,79,val_079.png,1920,1080,2073600,tree_of_shapes,4/8,proposed,2,0,244.672000,230690,230690,230690,proposed,0,0,0,0,0,0,0,5749158291510422756,2028.654375,28.459500,UNCHECKED
1080p,79,val_079.png,1920,1080,2073600,tree_of_shapes,4/8,ref5_original,2,1,3059.029875,230690,230690,230690,proposed,18205,1677,17864,17914,0,0,409,9867057030319123988,2028.654375,28.459500,UNCHECKED
1080p,80,val_080.png,1920,1080,2073600,max_tree,8,ref6,0,0,214.741042,99594,99594,99594,proposed,0,0,0,0,0,0,0,13751051384844463270,370.445250,45.172167,UNCHECKED
1080p,80,val_080.png,1920,1080,2073600,max_tree,8,proposed,0,1,207.872958,99594,99594,99594,proposed,0,0,0,0,0,0,0,13751051384844463270,370.445250,45.172167,UNCHECKED
1080p,80,val_080.png,1920,1080,2073600,max_tree,8,proposed,1,0,205.912500,99594,99594,99594,proposed,0,0,0,0,0,0,0,13751051384844463270,370.445250,45.172167,UNCHECKED
1080p,80,val_080.png,1920,1080,2073600,max_tree,8,ref6,1,1,218.441709,99594,99594,99594,proposed,0,0,0,0,0,0,0,13751051384844463270,370.445250,45.172167,UNCHECKED
1080p,80,val_080.png,1920,1080,2073600,max_tree,8,ref6,2,0,215.207291,99594,99594,99594,proposed,0,0,0,0,0,0,0,13751051384844463270,370.445250,45.172167,UNCHECKED
1080p,80,val_080.png,1920,1080,2073600,max_tree,8,proposed,2,1,205.255917,99594,99594,99594,proposed,0,0,0,0,0,0,0,13751051384844463270,370.445250,45.172167,UNCHECKED
1080p,80,val_080.png,1920,1080,2073600,min_tree,8,proposed,0,0,211.209125,85578,85578,85578,proposed,0,0,0,0,0,0,0,17322293166564301258,372.632583,56.117208,UNCHECKED
1080p,80,val_080.png,1920,1080,2073600,min_tree,8,ref6,0,1,212.687166,85578,85578,85578,proposed,0,0,0,0,0,0,0,17322293166564301258,372.632583,56.117208,UNCHECKED
1080p,80,val_080.png,1920,1080,2073600,min_tree,8,ref6,1,0,212.339416,85578,85578,85578,proposed,0,0,0,0,0,0,0,17322293166564301258,372.632583,56.117208,UNCHECKED
1080p,80,val_080.png,1920,1080,2073600,min_tree,8,proposed,1,1,213.141333,85578,85578,85578,proposed,0,0,0,0,0,0,0,17322293166564301258,372.632583,56.117208,UNCHECKED
1080p,80,val_080.png,1920,1080,2073600,min_tree,8,proposed,2,0,211.532542,85578,85578,85578,proposed,0,0,0,0,0,0,0,17322293166564301258,372.632583,56.117208,UNCHECKED
1080p,80,val_080.png,1920,1080,2073600,min_tree,8,ref6,2,1,210.468208,85578,85578,85578,proposed,0,0,0,0,0,0,0,17322293166564301258,372.632583,56.117208,UNCHECKED
1080p,80,val_080.png,1920,1080,2073600,tree_of_shapes,4/8,ref5_original,0,0,3003.195833,202359,202359,202359,proposed,19866,1976,19529,19595,0,0,377,3900317359064792626,1956.414000,30.802166,UNCHECKED
1080p,80,val_080.png,1920,1080,2073600,tree_of_shapes,4/8,proposed,0,1,215.908750,202359,202359,202359,proposed,0,0,0,0,0,0,0,15903365078451563101,1956.414000,30.802166,UNCHECKED
1080p,80,val_080.png,1920,1080,2073600,tree_of_shapes,4/8,proposed,1,0,213.163916,202359,202359,202359,proposed,0,0,0,0,0,0,0,15903365078451563101,1956.414000,30.802166,UNCHECKED
1080p,80,val_080.png,1920,1080,2073600,tree_of_shapes,4/8,ref5_original,1,1,3000.882125,202359,202359,202359,proposed,19866,1976,19529,19595,0,0,377,3900317359064792626,1956.414000,30.802166,UNCHECKED
1080p,80,val_080.png,1920,1080,2073600,tree_of_shapes,4/8,ref5_original,2,0,3021.258250,202359,202359,202359,proposed,19866,1976,19529,19595,0,0,377,3900317359064792626,1956.414000,30.802166,UNCHECKED
1080p,80,val_080.png,1920,1080,2073600,tree_of_shapes,4/8,proposed,2,1,219.691375,202359,202359,202359,proposed,0,0,0,0,0,0,0,15903365078451563101,1956.414000,30.802166,UNCHECKED
1080p,81,val_081.png,1920,1080,2073600,max_tree,8,proposed,0,0,251.771958,108564,108564,108564,proposed,0,0,0,0,0,0,0,7021737663142883703,392.453042,43.521667,UNCHECKED
1080p,81,val_081.png,1920,1080,2073600,max_tree,8,ref6,0,1,218.154500,108564,108564,108564,proposed,0,0,0,0,0,0,0,7021737663142883703,392.453042,43.521667,UNCHECKED
1080p,81,val_081.png,1920,1080,2073600,max_tree,8,ref6,1,0,225.285250,108564,108564,108564,proposed,0,0,0,0,0,0,0,7021737663142883703,392.453042,43.521667,UNCHECKED
1080p,81,val_081.png,1920,1080,2073600,max_tree,8,proposed,1,1,232.402333,108564,108564,108564,proposed,0,0,0,0,0,0,0,7021737663142883703,392.453042,43.521667,UNCHECKED
1080p,81,val_081.png,1920,1080,2073600,max_tree,8,proposed,2,0,238.235333,108564,108564,108564,proposed,0,0,0,0,0,0,0,7021737663142883703,392.453042,43.521667,UNCHECKED
1080p,81,val_081.png,1920,1080,2073600,max_tree,8,ref6,2,1,226.743125,108564,108564,108564,proposed,0,0,0,0,0,0,0,7021737663142883703,392.453042,43.521667,UNCHECKED
1080p,81,val_081.png,1920,1080,2073600,min_tree,8,ref6,0,0,228.199833,97698,97698,97698,proposed,0,0,0,0,0,0,0,5785190160887771653,388.641583,50.843917,UNCHECKED
1080p,81,val_081.png,1920,1080,2073600,min_tree,8,proposed,0,1,243.235791,97698,97698,97698,proposed,0,0,0,0,0,0,0,5785190160887771653,388.641583,50.843917,UNCHECKED
1080p,81,val_081.png,1920,1080,2073600,min_tree,8,proposed,1,0,254.855625,97698,97698,97698,proposed,0,0,0,0,0,0,0,5785190160887771653,388.641583,50.843917,UNCHECKED
1080p,81,val_081.png,1920,1080,2073600,min_tree,8,ref6,1,1,219.074958,97698,97698,97698,proposed,0,0,0,0,0,0,0,5785190160887771653,388.641583,50.843917,UNCHECKED
1080p,81,val_081.png,1920,1080,2073600,min_tree,8,ref6,2,0,221.132042,97698,97698,97698,proposed,0,0,0,0,0,0,0,5785190160887771653,388.641583,50.843917,UNCHECKED
1080p,81,val_081.png,1920,1080,2073600,min_tree,8,proposed,2,1,244.955875,97698,97698,97698,proposed,0,0,0,0,0,0,0,5785190160887771653,388.641583,50.843917,UNCHECKED
1080p,81,val_081.png,1920,1080,2073600,tree_of_shapes,4/8,proposed,0,0,264.651791,230546,230546,230546,proposed,0,0,0,0,0,0,0,8882119568991803538,2041.390333,24.508167,UNCHECKED
1080p,81,val_081.png,1920,1080,2073600,tree_of_shapes,4/8,ref5_original,0,1,3202.309958,230546,230546,230546,proposed,19841,2636,19327,19423,0,0,446,14523260072648552357,2041.390333,24.508167,UNCHECKED
1080p,81,val_081.png,1920,1080,2073600,tree_of_shapes,4/8,ref5_original,1,0,3139.886916,230546,230546,230546,proposed,19841,2636,19327,19423,0,0,446,14523260072648552357,2041.390333,24.508167,UNCHECKED
1080p,81,val_081.png,1920,1080,2073600,tree_of_shapes,4/8,proposed,1,1,268.226167,230546,230546,230546,proposed,0,0,0,0,0,0,0,8882119568991803538,2041.390333,24.508167,UNCHECKED
1080p,81,val_081.png,1920,1080,2073600,tree_of_shapes,4/8,proposed,2,0,261.996666,230546,230546,230546,proposed,0,0,0,0,0,0,0,8882119568991803538,2041.390333,24.508167,UNCHECKED
1080p,81,val_081.png,1920,1080,2073600,tree_of_shapes,4/8,ref5_original,2,1,3146.016583,230546,230546,230546,proposed,19841,2636,19327,19423,0,0,446,14523260072648552357,2041.390333,24.508167,UNCHECKED
1080p,82,val_082.png,1920,1080,2073600,max_tree,8,ref6,0,0,210.071333,99013,99013,99013,proposed,0,0,0,0,0,0,0,6324735279986862958,384.960958,40.959792,UNCHECKED
1080p,82,val_082.png,1920,1080,2073600,max_tree,8,proposed,0,1,209.757333,99013,99013,99013,proposed,0,0,0,0,0,0,0,6324735279986862958,384.960958,40.959792,UNCHECKED
1080p,82,val_082.png,1920,1080,2073600,max_tree,8,proposed,1,0,212.381500,99013,99013,99013,proposed,0,0,0,0,0,0,0,6324735279986862958,384.960958,40.959792,UNCHECKED
1080p,82,val_082.png,1920,1080,2073600,max_tree,8,ref6,1,1,216.852167,99013,99013,99013,proposed,0,0,0,0,0,0,0,6324735279986862958,384.960958,40.959792,UNCHECKED
1080p,82,val_082.png,1920,1080,2073600,max_tree,8,ref6,2,0,210.634375,99013,99013,99013,proposed,0,0,0,0,0,0,0,6324735279986862958,384.960958,40.959792,UNCHECKED
1080p,82,val_082.png,1920,1080,2073600,max_tree,8,proposed,2,1,208.427833,99013,99013,99013,proposed,0,0,0,0,0,0,0,6324735279986862958,384.960958,40.959792,UNCHECKED
1080p,82,val_082.png,1920,1080,2073600,min_tree,8,proposed,0,0,212.713542,84362,84362,84362,proposed,0,0,0,0,0,0,0,7740766567811807277,372.433584,50.051291,UNCHECKED
1080p,82,val_082.png,1920,1080,2073600,min_tree,8,ref6,0,1,208.259500,84362,84362,84362,proposed,0,0,0,0,0,0,0,7740766567811807277,372.433584,50.051291,UNCHECKED
1080p,82,val_082.png,1920,1080,2073600,min_tree,8,ref6,1,0,211.126583,84362,84362,84362,proposed,0,0,0,0,0,0,0,7740766567811807277,372.433584,50.051291,UNCHECKED
1080p,82,val_082.png,1920,1080,2073600,min_tree,8,proposed,1,1,215.650000,84362,84362,84362,proposed,0,0,0,0,0,0,0,7740766567811807277,372.433584,50.051291,UNCHECKED
1080p,82,val_082.png,1920,1080,2073600,min_tree,8,proposed,2,0,210.267416,84362,84362,84362,proposed,0,0,0,0,0,0,0,7740766567811807277,372.433584,50.051291,UNCHECKED
1080p,82,val_082.png,1920,1080,2073600,min_tree,8,ref6,2,1,211.059417,84362,84362,84362,proposed,0,0,0,0,0,0,0,7740766567811807277,372.433584,50.051291,UNCHECKED
1080p,82,val_082.png,1920,1080,2073600,tree_of_shapes,4/8,ref5_original,0,0,3026.434166,194925,194925,194925,proposed,24001,1896,23670,23767,0,0,162,5306821027610738109,2000.405959,34.031750,UNCHECKED
1080p,82,val_082.png,1920,1080,2073600,tree_of_shapes,4/8,proposed,0,1,215.181875,194925,194925,194925,proposed,0,0,0,0,0,0,0,16054128651227673009,2000.405959,34.031750,UNCHECKED
1080p,82,val_082.png,1920,1080,2073600,tree_of_shapes,4/8,proposed,1,0,216.596167,194925,194925,194925,proposed,0,0,0,0,0,0,0,16054128651227673009,2000.405959,34.031750,UNCHECKED
1080p,82,val_082.png,1920,1080,2073600,tree_of_shapes,4/8,ref5_original,1,1,2986.618042,194925,194925,194925,proposed,24001,1896,23670,23767,0,0,162,5306821027610738109,2000.405959,34.031750,UNCHECKED
1080p,82,val_082.png,1920,1080,2073600,tree_of_shapes,4/8,ref5_original,2,0,2984.774208,194925,194925,194925,proposed,24001,1896,23670,23767,0,0,162,5306821027610738109,2000.405959,34.031750,UNCHECKED
1080p,82,val_082.png,1920,1080,2073600,tree_of_shapes,4/8,proposed,2,1,211.324083,194925,194925,194925,proposed,0,0,0,0,0,0,0,16054128651227673009,2000.405959,34.031750,UNCHECKED
1080p,83,val_083.png,1920,1080,2073600,max_tree,8,proposed,0,0,253.241834,221557,221557,221557,proposed,0,0,0,0,0,0,0,16958620459380535577,438.268500,27.991916,UNCHECKED
1080p,83,val_083.png,1920,1080,2073600,max_tree,8,ref6,0,1,226.221209,221557,221557,221557,proposed,0,0,0,0,0,0,0,16958620459380535577,438.268500,27.991916,UNCHECKED
1080p,83,val_083.png,1920,1080,2073600,max_tree,8,ref6,1,0,226.573958,221557,221557,221557,proposed,0,0,0,0,0,0,0,16958620459380535577,438.268500,27.991916,UNCHECKED
1080p,83,val_083.png,1920,1080,2073600,max_tree,8,proposed,1,1,250.660208,221557,221557,221557,proposed,0,0,0,0,0,0,0,16958620459380535577,438.268500,27.991916,UNCHECKED
1080p,83,val_083.png,1920,1080,2073600,max_tree,8,proposed,2,0,251.344833,221557,221557,221557,proposed,0,0,0,0,0,0,0,16958620459380535577,438.268500,27.991916,UNCHECKED
1080p,83,val_083.png,1920,1080,2073600,max_tree,8,ref6,2,1,225.338458,221557,221557,221557,proposed,0,0,0,0,0,0,0,16958620459380535577,438.268500,27.991916,UNCHECKED
1080p,83,val_083.png,1920,1080,2073600,min_tree,8,ref6,0,0,224.036708,190844,190844,190844,proposed,0,0,0,0,0,0,0,9540059495704944631,477.842792,27.380750,UNCHECKED
1080p,83,val_083.png,1920,1080,2073600,min_tree,8,proposed,0,1,248.511750,190844,190844,190844,proposed,0,0,0,0,0,0,0,9540059495704944631,477.842792,27.380750,UNCHECKED
1080p,83,val_083.png,1920,1080,2073600,min_tree,8,proposed,1,0,250.083375,190844,190844,190844,proposed,0,0,0,0,0,0,0,9540059495704944631,477.842792,27.380750,UNCHECKED
1080p,83,val_083.png,1920,1080,2073600,min_tree,8,ref6,1,1,224.883833,190844,190844,190844,proposed,0,0,0,0,0,0,0,9540059495704944631,477.842792,27.380750,UNCHECKED
1080p,83,val_083.png,1920,1080,2073600,min_tree,8,ref6,2,0,227.239542,190844,190844,190844,proposed,0,0,0,0,0,0,0,9540059495704944631,477.842792,27.380750,UNCHECKED
1080p,83,val_083.png,1920,1080,2073600,min_tree,8,proposed,2,1,249.763292,190844,190844,190844,proposed,0,0,0,0,0,0,0,9540059495704944631,477.842792,27.380750,UNCHECKED
1080p,83,val_083.png,1920,1080,2073600,tree_of_shapes,4/8,proposed,0,0,356.805042,447616,447616,447616,proposed,0,0,0,0,0,0,0,3791389947549027642,2257.297500,36.816292,UNCHECKED
1080p,83,val_083.png,1920,1080,2073600,tree_of_shapes,4/8,ref5_original,0,1,3298.262083,447616,447616,447616,proposed,53940,6751,52770,52845,0,0,404,1967742979348019915,2257.297500,36.816292,UNCHECKED
1080p,83,val_083.png,1920,1080,2073600,tree_of_shapes,4/8,ref5_original,1,0,3314.910334,447616,447616,447616,proposed,53940,6751,52770,52845,0,0,404,1967742979348019915,2257.297500,36.816292,UNCHECKED
1080p,83,val_083.png,1920,1080,2073600,tree_of_shapes,4/8,proposed,1,1,404.827208,447616,447616,447616,proposed,0,0,0,0,0,0,0,3791389947549027642,2257.297500,36.816292,UNCHECKED
1080p,83,val_083.png,1920,1080,2073600,tree_of_shapes,4/8,proposed,2,0,333.733500,447616,447616,447616,proposed,0,0,0,0,0,0,0,3791389947549027642,2257.297500,36.816292,UNCHECKED
1080p,83,val_083.png,1920,1080,2073600,tree_of_shapes,4/8,ref5_original,2,1,3322.865375,447616,447616,447616,proposed,53940,6751,52770,52845,0,0,404,1967742979348019915,2257.297500,36.816292,UNCHECKED
1080p,84,val_084.png,1920,1080,2073600,max_tree,8,ref6,0,0,209.359708,62776,62776,62776,proposed,0,0,0,0,0,0,0,5471766498002515538,344.299625,63.983292,UNCHECKED
1080p,84,val_084.png,1920,1080,2073600,max_tree,8,proposed,0,1,175.651583,62776,62776,62776,proposed,0,0,0,0,0,0,0,5471766498002515538,344.299625,63.983292,UNCHECKED
1080p,84,val_084.png,1920,1080,2073600,max_tree,8,proposed,1,0,181.549750,62776,62776,62776,proposed,0,0,0,0,0,0,0,5471766498002515538,344.299625,63.983292,UNCHECKED
1080p,84,val_084.png,1920,1080,2073600,max_tree,8,ref6,1,1,210.848125,62776,62776,62776,proposed,0,0,0,0,0,0,0,5471766498002515538,344.299625,63.983292,UNCHECKED
1080p,84,val_084.png,1920,1080,2073600,max_tree,8,ref6,2,0,211.380958,62776,62776,62776,proposed,0,0,0,0,0,0,0,5471766498002515538,344.299625,63.983292,UNCHECKED
1080p,84,val_084.png,1920,1080,2073600,max_tree,8,proposed,2,1,174.479625,62776,62776,62776,proposed,0,0,0,0,0,0,0,5471766498002515538,344.299625,63.983292,UNCHECKED
1080p,84,val_084.png,1920,1080,2073600,min_tree,8,proposed,0,0,183.633875,46609,46609,46609,proposed,0,0,0,0,0,0,0,5767762196895473785,343.567708,74.217458,UNCHECKED
1080p,84,val_084.png,1920,1080,2073600,min_tree,8,ref6,0,1,206.749042,46609,46609,46609,proposed,0,0,0,0,0,0,0,5767762196895473785,343.567708,74.217458,UNCHECKED
1080p,84,val_084.png,1920,1080,2073600,min_tree,8,ref6,1,0,204.244208,46609,46609,46609,proposed,0,0,0,0,0,0,0,5767762196895473785,343.567708,74.217458,UNCHECKED
1080p,84,val_084.png,1920,1080,2073600,min_tree,8,proposed,1,1,252.190167,46609,46609,46609,proposed,0,0,0,0,0,0,0,5767762196895473785,343.567708,74.217458,UNCHECKED
1080p,84,val_084.png,1920,1080,2073600,min_tree,8,proposed,2,0,189.693375,46609,46609,46609,proposed,0,0,0,0,0,0,0,5767762196895473785,343.567708,74.217458,UNCHECKED
1080p,84,val_084.png,1920,1080,2073600,min_tree,8,ref6,2,1,203.148500,46609,46609,46609,proposed,0,0,0,0,0,0,0,5767762196895473785,343.567708,74.217458,UNCHECKED
1080p,84,val_084.png,1920,1080,2073600,tree_of_shapes,4/8,ref5_original,0,0,2876.714500,120337,120337,120337,proposed,9075,1292,8842,8870,0,0,300,10498104528220310435,1810.915833,48.844792,UNCHECKED
1080p,84,val_084.png,1920,1080,2073600,tree_of_shapes,4/8,proposed,0,1,174.571959,120337,120337,120337,proposed,0,0,0,0,0,0,0,11863866633922504378,1810.915833,48.844792,UNCHECKED
1080p,84,val_084.png,1920,1080,2073600,tree_of_shapes,4/8,proposed,1,0,174.513292,120337,120337,120337,proposed,0,0,0,0,0,0,0,11863866633922504378,1810.915833,48.844792,UNCHECKED
1080p,84,val_084.png,1920,1080,2073600,tree_of_shapes,4/8,ref5_original,1,1,2834.026250,120337,120337,120337,proposed,9075,1292,8842,8870,0,0,300,10498104528220310435,1810.915833,48.844792,UNCHECKED
1080p,84,val_084.png,1920,1080,2073600,tree_of_shapes,4/8,ref5_original,2,0,2837.093000,120337,120337,120337,proposed,9075,1292,8842,8870,0,0,300,10498104528220310435,1810.915833,48.844792,UNCHECKED
1080p,84,val_084.png,1920,1080,2073600,tree_of_shapes,4/8,proposed,2,1,174.088417,120337,120337,120337,proposed,0,0,0,0,0,0,0,11863866633922504378,1810.915833,48.844792,UNCHECKED
1080p,85,val_085.png,1920,1080,2073600,max_tree,8,proposed,0,0,238.623333,114153,114153,114153,proposed,0,0,0,0,0,0,0,3092306916101723869,384.285500,43.783875,UNCHECKED
1080p,85,val_085.png,1920,1080,2073600,max_tree,8,ref6,0,1,218.451667,114153,114153,114153,proposed,0,0,0,0,0,0,0,3092306916101723869,384.285500,43.783875,UNCHECKED
1080p,85,val_085.png,1920,1080,2073600,max_tree,8,ref6,1,0,215.717834,114153,114153,114153,proposed,0,0,0,0,0,0,0,3092306916101723869,384.285500,43.783875,UNCHECKED
1080p,85,val_085.png,1920,1080,2073600,max_tree,8,proposed,1,1,231.987750,114153,114153,114153,proposed,0,0,0,0,0,0,0,3092306916101723869,384.285500,43.783875,UNCHECKED
1080p,85,val_085.png,1920,1080,2073600,max_tree,8,proposed,2,0,232.305792,114153,114153,114153,proposed,0,0,0,0,0,0,0,3092306916101723869,384.285500,43.783875,UNCHECKED
1080p,85,val_085.png,1920,1080,2073600,max_tree,8,ref6,2,1,221.915375,114153,114153,114153,proposed,0,0,0,0,0,0,0,3092306916101723869,384.285500,43.783875,UNCHECKED
1080p,85,val_085.png,1920,1080,2073600,min_tree,8,ref6,0,0,215.564333,95951,95951,95951,proposed,0,0,0,0,0,0,0,15455077580694620725,389.904958,55.809375,UNCHECKED
1080p,85,val_085.png,1920,1080,2073600,min_tree,8,proposed,0,1,231.603625,95951,95951,95951,proposed,0,0,0,0,0,0,0,15455077580694620725,389.904958,55.809375,UNCHECKED
1080p,85,val_085.png,1920,1080,2073600,min_tree,8,proposed,1,0,232.694500,95951,95951,95951,proposed,0,0,0,0,0,0,0,15455077580694620725,389.904958,55.809375,UNCHECKED
1080p,85,val_085.png,1920,1080,2073600,min_tree,8,ref6,1,1,215.254375,95951,95951,95951,proposed,0,0,0,0,0,0,0,15455077580694620725,389.904958,55.809375,UNCHECKED
1080p,85,val_085.png,1920,1080,2073600,min_tree,8,ref6,2,0,217.532791,95951,95951,95951,proposed,0,0,0,0,0,0,0,15455077580694620725,389.904958,55.809375,UNCHECKED
1080p,85,val_085.png,1920,1080,2073600,min_tree,8,proposed,2,1,231.555125,95951,95951,95951,proposed,0,0,0,0,0,0,0,15455077580694620725,389.904958,55.809375,UNCHECKED
1080p,85,val_085.png,1920,1080,2073600,tree_of_shapes,4/8,proposed,0,0,275.210125,233898,233898,233898,proposed,0,0,0,0,0,0,0,6809828164670879878,2076.771750,32.625125,UNCHECKED
1080p,85,val_085.png,1920,1080,2073600,tree_of_shapes,4/8,ref5_original,0,1,3214.099167,233898,233898,233898,proposed,18821,2498,18244,18411,0,0,447,4017861409481839432,2076.771750,32.625125,UNCHECKED
1080p,85,val_085.png,1920,1080,2073600,tree_of_shapes,4/8,ref5_original,1,0,3247.229666,233898,233898,233898,proposed,18821,2498,18244,18411,0,0,447,4017861409481839432,2076.771750,32.625125,UNCHECKED
1080p,85,val_085.png,1920,1080,2073600,tree_of_shapes,4/8,proposed,1,1,268.738583,233898,233898,233898,proposed,0,0,0,0,0,0,0,6809828164670879878,2076.771750,32.625125,UNCHECKED
1080p,85,val_085.png,1920,1080,2073600,tree_of_shapes,4/8,proposed,2,0,263.526542,233898,233898,233898,proposed,0,0,0,0,0,0,0,6809828164670879878,2076.771750,32.625125,UNCHECKED
1080p,85,val_085.png,1920,1080,2073600,tree_of_shapes,4/8,ref5_original,2,1,3154.106708,233898,233898,233898,proposed,18821,2498,18244,18411,0,0,447,4017861409481839432,2076.771750,32.625125,UNCHECKED
1080p,86,val_086.png,1920,1080,2073600,max_tree,8,ref6,0,0,220.411833,144925,144925,144925,proposed,0,0,0,0,0,0,0,10809790142789011559,425.580458,33.299917,UNCHECKED
1080p,86,val_086.png,1920,1080,2073600,max_tree,8,proposed,0,1,234.552792,144925,144925,144925,proposed,0,0,0,0,0,0,0,10809790142789011559,425.580458,33.299917,UNCHECKED
1080p,86,val_086.png,1920,1080,2073600,max_tree,8,proposed,1,0,236.659041,144925,144925,144925,proposed,0,0,0,0,0,0,0,10809790142789011559,425.580458,33.299917,UNCHECKED
1080p,86,val_086.png,1920,1080,2073600,max_tree,8,ref6,1,1,224.122625,144925,144925,144925,proposed,0,0,0,0,0,0,0,10809790142789011559,425.580458,33.299917,UNCHECKED
1080p,86,val_086.png,1920,1080,2073600,max_tree,8,ref6,2,0,248.853125,144925,144925,144925,proposed,0,0,0,0,0,0,0,10809790142789011559,425.580458,33.299917,UNCHECKED
1080p,86,val_086.png,1920,1080,2073600,max_tree,8,proposed,2,1,457.554083,144925,144925,144925,proposed,0,0,0,0,0,0,0,10809790142789011559,425.580458,33.299917,UNCHECKED
1080p,86,val_086.png,1920,1080,2073600,min_tree,8,proposed,0,0,254.768459,131196,131196,131196,proposed,0,0,0,0,0,0,0,4059364007613410312,653.214167,35.310708,UNCHECKED
1080p,86,val_086.png,1920,1080,2073600,min_tree,8,ref6,0,1,232.256625,131196,131196,131196,proposed,0,0,0,0,0,0,0,4059364007613410312,653.214167,35.310708,UNCHECKED
1080p,86,val_086.png,1920,1080,2073600,min_tree,8,ref6,1,0,231.224875,131196,131196,131196,proposed,0,0,0,0,0,0,0,4059364007613410312,653.214167,35.310708,UNCHECKED
1080p,86,val_086.png,1920,1080,2073600,min_tree,8,proposed,1,1,236.880833,131196,131196,131196,proposed,0,0,0,0,0,0,0,4059364007613410312,653.214167,35.310708,UNCHECKED
1080p,86,val_086.png,1920,1080,2073600,min_tree,8,proposed,2,0,234.484500,131196,131196,131196,proposed,0,0,0,0,0,0,0,4059364007613410312,653.214167,35.310708,UNCHECKED
1080p,86,val_086.png,1920,1080,2073600,min_tree,8,ref6,2,1,227.563792,131196,131196,131196,proposed,0,0,0,0,0,0,0,4059364007613410312,653.214167,35.310708,UNCHECKED
1080p,86,val_086.png,1920,1080,2073600,tree_of_shapes,4/8,ref5_original,0,0,3232.949583,298747,298747,298747,proposed,36251,5119,35430,35387,0,0,562,15507979109999895355,2367.293833,35.526041,UNCHECKED
1080p,86,val_086.png,1920,1080,2073600,tree_of_shapes,4/8,proposed,0,1,298.486708,298747,298747,298747,proposed,0,0,0,0,0,0,0,2694837253468016811,2367.293833,35.526041,UNCHECKED
1080p,86,val_086.png,1920,1080,2073600,tree_of_shapes,4/8,proposed,1,0,291.132458,298747,298747,298747,proposed,0,0,0,0,0,0,0,2694837253468016811,2367.293833,35.526041,UNCHECKED
1080p,86,val_086.png,1920,1080,2073600,tree_of_shapes,4/8,ref5_original,1,1,3281.852792,298747,298747,298747,proposed,36251,5119,35430,35387,0,0,562,15507979109999895355,2367.293833,35.526041,UNCHECKED
1080p,86,val_086.png,1920,1080,2073600,tree_of_shapes,4/8,ref5_original,2,0,3331.677542,298747,298747,298747,proposed,36251,5119,35430,35387,0,0,562,15507979109999895355,2367.293833,35.526041,UNCHECKED
1080p,86,val_086.png,1920,1080,2073600,tree_of_shapes,4/8,proposed,2,1,305.072166,298747,298747,298747,proposed,0,0,0,0,0,0,0,2694837253468016811,2367.293833,35.526041,UNCHECKED
1080p,87,val_087.png,1920,1080,2073600,max_tree,8,proposed,0,0,231.554791,161689,161689,161689,proposed,0,0,0,0,0,0,0,11171246579907753222,389.666209,45.246291,UNCHECKED
1080p,87,val_087.png,1920,1080,2073600,max_tree,8,ref6,0,1,216.997792,161689,161689,161689,proposed,0,0,0,0,0,0,0,11171246579907753222,389.666209,45.246291,UNCHECKED
1080p,87,val_087.png,1920,1080,2073600,max_tree,8,ref6,1,0,219.069125,161689,161689,161689,proposed,0,0,0,0,0,0,0,11171246579907753222,389.666209,45.246291,UNCHECKED
1080p,87,val_087.png,1920,1080,2073600,max_tree,8,proposed,1,1,232.524292,161689,161689,161689,proposed,0,0,0,0,0,0,0,11171246579907753222,389.666209,45.246291,UNCHECKED
1080p,87,val_087.png,1920,1080,2073600,max_tree,8,proposed,2,0,241.023750,161689,161689,161689,proposed,0,0,0,0,0,0,0,11171246579907753222,389.666209,45.246291,UNCHECKED
1080p,87,val_087.png,1920,1080,2073600,max_tree,8,ref6,2,1,220.181125,161689,161689,161689,proposed,0,0,0,0,0,0,0,11171246579907753222,389.666209,45.246291,UNCHECKED
1080p,87,val_087.png,1920,1080,2073600,min_tree,8,ref6,0,0,212.391000,111124,111124,111124,proposed,0,0,0,0,0,0,0,6762485328801640605,393.900917,56.723583,UNCHECKED
1080p,87,val_087.png,1920,1080,2073600,min_tree,8,proposed,0,1,222.225333,111124,111124,111124,proposed,0,0,0,0,0,0,0,6762485328801640605,393.900917,56.723583,UNCHECKED
1080p,87,val_087.png,1920,1080,2073600,min_tree,8,proposed,1,0,227.581083,111124,111124,111124,proposed,0,0,0,0,0,0,0,6762485328801640605,393.900917,56.723583,UNCHECKED
1080p,87,val_087.png,1920,1080,2073600,min_tree,8,ref6,1,1,216.588750,111124,111124,111124,proposed,0,0,0,0,0,0,0,6762485328801640605,393.900917,56.723583,UNCHECKED
1080p,87,val_087.png,1920,1080,2073600,min_tree,8,ref6,2,0,216.352625,111124,111124,111124,proposed,0,0,0,0,0,0,0,6762485328801640605,393.900917,56.723583,UNCHECKED
1080p,87,val_087.png,1920,1080,2073600,min_tree,8,proposed,2,1,223.138250,111124,111124,111124,proposed,0,0,0,0,0,0,0,6762485328801640605,393.900917,56.723583,UNCHECKED
1080p,87,val_087.png,1920,1080,2073600,tree_of_shapes,4/8,proposed,0,0,284.314667,298441,298441,298441,proposed,0,0,0,0,0,0,0,5143481328053296392,2222.887292,38.118625,UNCHECKED
1080p,87,val_087.png,1920,1080,2073600,tree_of_shapes,4/8,ref5_original,0,1,3157.948583,298441,298441,298441,proposed,27399,3183,26771,26839,0,0,527,8137646542551198929,2222.887292,38.118625,UNCHECKED
1080p,87,val_087.png,1920,1080,2073600,tree_of_shapes,4/8,ref5_original,1,0,3118.152458,298441,298441,298441,proposed,27399,3183,26771,26839,0,0,527,8137646542551198929,2222.887292,38.118625,UNCHECKED
1080p,87,val_087.png,1920,1080,2073600,tree_of_shapes,4/8,proposed,1,1,265.502125,298441,298441,298441,proposed,0,0,0,0,0,0,0,5143481328053296392,2222.887292,38.118625,UNCHECKED
1080p,87,val_087.png,1920,1080,2073600,tree_of_shapes,4/8,proposed,2,0,269.190417,298441,298441,298441,proposed,0,0,0,0,0,0,0,5143481328053296392,2222.887292,38.118625,UNCHECKED
1080p,87,val_087.png,1920,1080,2073600,tree_of_shapes,4/8,ref5_original,2,1,3129.676875,298441,298441,298441,proposed,27399,3183,26771,26839,0,0,527,8137646542551198929,2222.887292,38.118625,UNCHECKED
1080p,88,val_088.png,1920,1080,2073600,max_tree,8,ref6,0,0,213.591667,60043,60043,60043,proposed,0,0,0,0,0,0,0,6410716979034840472,353.482875,64.760208,UNCHECKED
1080p,88,val_088.png,1920,1080,2073600,max_tree,8,proposed,0,1,209.299334,60043,60043,60043,proposed,0,0,0,0,0,0,0,6410716979034840472,353.482875,64.760208,UNCHECKED
1080p,88,val_088.png,1920,1080,2073600,max_tree,8,proposed,1,0,209.932208,60043,60043,60043,proposed,0,0,0,0,0,0,0,6410716979034840472,353.482875,64.760208,UNCHECKED
1080p,88,val_088.png,1920,1080,2073600,max_tree,8,ref6,1,1,210.739750,60043,60043,60043,proposed,0,0,0,0,0,0,0,6410716979034840472,353.482875,64.760208,UNCHECKED
1080p,88,val_088.png,1920,1080,2073600,max_tree,8,ref6,2,0,211.364542,60043,60043,60043,proposed,0,0,0,0,0,0,0,6410716979034840472,353.482875,64.760208,UNCHECKED
1080p,88,val_088.png,1920,1080,2073600,max_tree,8,proposed,2,1,207.127834,60043,60043,60043,proposed,0,0,0,0,0,0,0,6410716979034840472,353.482875,64.760208,UNCHECKED
1080p,88,val_088.png,1920,1080,2073600,min_tree,8,proposed,0,0,207.512417,49669,49669,49669,proposed,0,0,0,0,0,0,0,779859974426295574,364.730333,74.552917,UNCHECKED
1080p,88,val_088.png,1920,1080,2073600,min_tree,8,ref6,0,1,211.143458,49669,49669,49669,proposed,0,0,0,0,0,0,0,779859974426295574,364.730333,74.552917,UNCHECKED
1080p,88,val_088.png,1920,1080,2073600,min_tree,8,ref6,1,0,212.916208,49669,49669,49669,proposed,0,0,0,0,0,0,0,779859974426295574,364.730333,74.552917,UNCHECKED
1080p,88,val_088.png,1920,1080,2073600,min_tree,8,proposed,1,1,208.231167,49669,49669,49669,proposed,0,0,0,0,0,0,0,779859974426295574,364.730333,74.552917,UNCHECKED
1080p,88,val_088.png,1920,1080,2073600,min_tree,8,proposed,2,0,209.945209,49669,49669,49669,proposed,0,0,0,0,0,0,0,779859974426295574,364.730333,74.552917,UNCHECKED
1080p,88,val_088.png,1920,1080,2073600,min_tree,8,ref6,2,1,209.761042,49669,49669,49669,proposed,0,0,0,0,0,0,0,779859974426295574,364.730333,74.552917,UNCHECKED
1080p,88,val_088.png,1920,1080,2073600,tree_of_shapes,4/8,ref5_original,0,0,2952.786750,122773,122773,122773,proposed,9085,1254,8748,8884,0,0,310,7051912972552784809,1921.787791,41.823417,UNCHECKED
1080p,88,val_088.png,1920,1080,2073600,tree_of_shapes,4/8,proposed,0,1,202.721500,122773,122773,122773,proposed,0,0,0,0,0,0,0,1717419958513882968,1921.787791,41.823417,UNCHECKED
1080p,88,val_088.png,1920,1080,2073600,tree_of_shapes,4/8,proposed,1,0,201.314792,122773,122773,122773,proposed,0,0,0,0,0,0,0,1717419958513882968,1921.787791,41.823417,UNCHECKED
1080p,88,val_088.png,1920,1080,2073600,tree_of_shapes,4/8,ref5_original,1,1,2968.785750,122773,122773,122773,proposed,9085,1254,8748,8884,0,0,310,7051912972552784809,1921.787791,41.823417,UNCHECKED
1080p,88,val_088.png,1920,1080,2073600,tree_of_shapes,4/8,ref5_original,2,0,2965.563000,122773,122773,122773,proposed,9085,1254,8748,8884,0,0,310,7051912972552784809,1921.787791,41.823417,UNCHECKED
1080p,88,val_088.png,1920,1080,2073600,tree_of_shapes,4/8,proposed,2,1,201.612708,122773,122773,122773,proposed,0,0,0,0,0,0,0,1717419958513882968,1921.787791,41.823417,UNCHECKED
1080p,89,val_089.png,1920,1080,2073600,max_tree,8,proposed,0,0,253.122959,187699,187699,187699,proposed,0,0,0,0,0,0,0,15380013083547414407,575.476166,38.263917,UNCHECKED
1080p,89,val_089.png,1920,1080,2073600,max_tree,8,ref6,0,1,222.574709,187699,187699,187699,proposed,0,0,0,0,0,0,0,15380013083547414407,575.476166,38.263917,UNCHECKED
1080p,89,val_089.png,1920,1080,2073600,max_tree,8,ref6,1,0,216.602333,187699,187699,187699,proposed,0,0,0,0,0,0,0,15380013083547414407,575.476166,38.263917,UNCHECKED
1080p,89,val_089.png,1920,1080,2073600,max_tree,8,proposed,1,1,247.709375,187699,187699,187699,proposed,0,0,0,0,0,0,0,15380013083547414407,575.476166,38.263917,UNCHECKED
1080p,89,val_089.png,1920,1080,2073600,max_tree,8,proposed,2,0,247.875042,187699,187699,187699,proposed,0,0,0,0,0,0,0,15380013083547414407,575.476166,38.263917,UNCHECKED
1080p,89,val_089.png,1920,1080,2073600,max_tree,8,ref6,2,1,227.121208,187699,187699,187699,proposed,0,0,0,0,0,0,0,15380013083547414407,575.476166,38.263917,UNCHECKED
1080p,89,val_089.png,1920,1080,2073600,min_tree,8,ref6,0,0,215.229875,145440,145440,145440,proposed,0,0,0,0,0,0,0,11287825029201625171,443.754208,37.150917,UNCHECKED
1080p,89,val_089.png,1920,1080,2073600,min_tree,8,proposed,0,1,246.435042,145440,145440,145440,proposed,0,0,0,0,0,0,0,11287825029201625171,443.754208,37.150917,UNCHECKED
1080p,89,val_089.png,1920,1080,2073600,min_tree,8,proposed,1,0,240.012083,145440,145440,145440,proposed,0,0,0,0,0,0,0,11287825029201625171,443.754208,37.150917,UNCHECKED
1080p,89,val_089.png,1920,1080,2073600,min_tree,8,ref6,1,1,222.400166,145440,145440,145440,proposed,0,0,0,0,0,0,0,11287825029201625171,443.754208,37.150917,UNCHECKED
1080p,89,val_089.png,1920,1080,2073600,min_tree,8,ref6,2,0,224.094584,145440,145440,145440,proposed,0,0,0,0,0,0,0,11287825029201625171,443.754208,37.150917,UNCHECKED
1080p,89,val_089.png,1920,1080,2073600,min_tree,8,proposed,2,1,245.692750,145440,145440,145440,proposed,0,0,0,0,0,0,0,11287825029201625171,443.754208,37.150917,UNCHECKED
1080p,89,val_089.png,1920,1080,2073600,tree_of_shapes,4/8,proposed,0,0,324.038167,365287,365287,365287,proposed,0,0,0,0,0,0,0,15627089241863353630,2372.843625,31.570958,UNCHECKED
1080p,89,val_089.png,1920,1080,2073600,tree_of_shapes,4/8,ref5_original,0,1,3253.071334,365287,365287,365287,proposed,39989,3954,39212,39261,0,0,403,5176716580078384076,2372.843625,31.570958,UNCHECKED
1080p,89,val_089.png,1920,1080,2073600,tree_of_shapes,4/8,ref5_original,1,0,3293.500167,365287,365287,365287,proposed,39989,3954,39212,39261,0,0,403,5176716580078384076,2372.843625,31.570958,UNCHECKED
1080p,89,val_089.png,1920,1080,2073600,tree_of_shapes,4/8,proposed,1,1,337.660417,365287,365287,365287,proposed,0,0,0,0,0,0,0,15627089241863353630,2372.843625,31.570958,UNCHECKED
1080p,89,val_089.png,1920,1080,2073600,tree_of_shapes,4/8,proposed,2,0,326.432750,365287,365287,365287,proposed,0,0,0,0,0,0,0,15627089241863353630,2372.843625,31.570958,UNCHECKED
1080p,89,val_089.png,1920,1080,2073600,tree_of_shapes,4/8,ref5_original,2,1,3228.766584,365287,365287,365287,proposed,39989,3954,39212,39261,0,0,403,5176716580078384076,2372.843625,31.570958,UNCHECKED
1080p,90,val_090.png,1920,1080,2073600,max_tree,8,ref6,0,0,212.437333,134137,134137,134137,proposed,0,0,0,0,0,0,0,14878501054395734650,384.130000,44.352917,UNCHECKED
1080p,90,val_090.png,1920,1080,2073600,max_tree,8,proposed,0,1,222.245167,134137,134137,134137,proposed,0,0,0,0,0,0,0,14878501054395734650,384.130000,44.352917,UNCHECKED
1080p,90,val_090.png,1920,1080,2073600,max_tree,8,proposed,1,0,222.066917,134137,134137,134137,proposed,0,0,0,0,0,0,0,14878501054395734650,384.130000,44.352917,UNCHECKED
1080p,90,val_090.png,1920,1080,2073600,max_tree,8,ref6,1,1,215.989708,134137,134137,134137,proposed,0,0,0,0,0,0,0,14878501054395734650,384.130000,44.352917,UNCHECKED
1080p,90,val_090.png,1920,1080,2073600,max_tree,8,ref6,2,0,218.491292,134137,134137,134137,proposed,0,0,0,0,0,0,0,14878501054395734650,384.130000,44.352917,UNCHECKED
1080p,90,val_090.png,1920,1080,2073600,max_tree,8,proposed,2,1,223.201292,134137,134137,134137,proposed,0,0,0,0,0,0,0,14878501054395734650,384.130000,44.352917,UNCHECKED
1080p,90,val_090.png,1920,1080,2073600,min_tree,8,proposed,0,0,216.729834,115650,115650,115650,proposed,0,0,0,0,0,0,0,9817289679991902201,398.747042,47.983125,UNCHECKED
1080p,90,val_090.png,1920,1080,2073600,min_tree,8,ref6,0,1,214.060208,115650,115650,115650,proposed,0,0,0,0,0,0,0,9817289679991902201,398.747042,47.983125,UNCHECKED
1080p,90,val_090.png,1920,1080,2073600,min_tree,8,ref6,1,0,214.150167,115650,115650,115650,proposed,0,0,0,0,0,0,0,9817289679991902201,398.747042,47.983125,UNCHECKED
1080p,90,val_090.png,1920,1080,2073600,min_tree,8,proposed,1,1,218.201541,115650,115650,115650,proposed,0,0,0,0,0,0,0,9817289679991902201,398.747042,47.983125,UNCHECKED
1080p,90,val_090.png,1920,1080,2073600,min_tree,8,proposed,2,0,220.684917,115650,115650,115650,proposed,0,0,0,0,0,0,0,9817289679991902201,398.747042,47.983125,UNCHECKED
1080p,90,val_090.png,1920,1080,2073600,min_tree,8,ref6,2,1,215.916333,115650,115650,115650,proposed,0,0,0,0,0,0,0,9817289679991902201,398.747042,47.983125,UNCHECKED
1080p,90,val_090.png,1920,1080,2073600,tree_of_shapes,4/8,ref5_original,0,0,3062.077042,265988,265988,265988,proposed,30470,2901,29994,30094,0,0,227,9215308779333862728,2006.186541,41.836084,UNCHECKED
1080p,90,val_090.png,1920,1080,2073600,tree_of_shapes,4/8,proposed,0,1,246.521791,265988,265988,265988,proposed,0,0,0,0,0,0,0,6335138034421890973,2006.186541,41.836084,UNCHECKED
1080p,90,val_090.png,1920,1080,2073600,tree_of_shapes,4/8,proposed,1,0,244.894417,265988,265988,265988,proposed,0,0,0,0,0,0,0,6335138034421890973,2006.186541,41.836084,UNCHECKED
1080p,90,val_090.png,1920,1080,2073600,tree_of_shapes,4/8,ref5_original,1,1,3076.604458,265988,265988,265988,proposed,30470,2901,29994,30094,0,0,227,9215308779333862728,2006.186541,41.836084,UNCHECKED
1080p,90,val_090.png,1920,1080,2073600,tree_of_shapes,4/8,ref5_original,2,0,3088.537667,265988,265988,265988,proposed,30470,2901,29994,30094,0,0,227,9215308779333862728,2006.186541,41.836084,UNCHECKED
1080p,90,val_090.png,1920,1080,2073600,tree_of_shapes,4/8,proposed,2,1,246.504125,265988,265988,265988,proposed,0,0,0,0,0,0,0,6335138034421890973,2006.186541,41.836084,UNCHECKED
1080p,91,val_091.png,1920,1080,2073600,max_tree,8,proposed,0,0,252.398250,142798,142798,142798,proposed,0,0,0,0,0,0,0,10478145418554884742,425.590250,28.497375,UNCHECKED
1080p,91,val_091.png,1920,1080,2073600,max_tree,8,ref6,0,1,220.498167,142798,142798,142798,proposed,0,0,0,0,0,0,0,10478145418554884742,425.590250,28.497375,UNCHECKED
1080p,91,val_091.png,1920,1080,2073600,max_tree,8,ref6,1,0,219.618792,142798,142798,142798,proposed,0,0,0,0,0,0,0,10478145418554884742,425.590250,28.497375,UNCHECKED
1080p,91,val_091.png,1920,1080,2073600,max_tree,8,proposed,1,1,243.903292,142798,142798,142798,proposed,0,0,0,0,0,0,0,10478145418554884742,425.590250,28.497375,UNCHECKED
1080p,91,val_091.png,1920,1080,2073600,max_tree,8,proposed,2,0,247.750958,142798,142798,142798,proposed,0,0,0,0,0,0,0,10478145418554884742,425.590250,28.497375,UNCHECKED
1080p,91,val_091.png,1920,1080,2073600,max_tree,8,ref6,2,1,221.611750,142798,142798,142798,proposed,0,0,0,0,0,0,0,10478145418554884742,425.590250,28.497375,UNCHECKED
1080p,91,val_091.png,1920,1080,2073600,min_tree,8,ref6,0,0,218.830042,107098,107098,107098,proposed,0,0,0,0,0,0,0,13818088729160089091,403.657708,49.274542,UNCHECKED
1080p,91,val_091.png,1920,1080,2073600,min_tree,8,proposed,0,1,239.124375,107098,107098,107098,proposed,0,0,0,0,0,0,0,13818088729160089091,403.657708,49.274542,UNCHECKED
1080p,91,val_091.png,1920,1080,2073600,min_tree,8,proposed,1,0,244.601458,107098,107098,107098,proposed,0,0,0,0,0,0,0,13818088729160089091,403.657708,49.274542,UNCHECKED
1080p,91,val_091.png,1920,1080,2073600,min_tree,8,ref6,1,1,223.614208,107098,107098,107098,proposed,0,0,0,0,0,0,0,13818088729160089091,403.657708,49.274542,UNCHECKED
1080p,91,val_091.png,1920,1080,2073600,min_tree,8,ref6,2,0,222.562125,107098,107098,107098,proposed,0,0,0,0,0,0,0,13818088729160089091,403.657708,49.274542,UNCHECKED
1080p,91,val_091.png,1920,1080,2073600,min_tree,8,proposed,2,1,243.961542,107098,107098,107098,proposed,0,0,0,0,0,0,0,13818088729160089091,403.657708,49.274542,UNCHECKED
1080p,91,val_091.png,1920,1080,2073600,tree_of_shapes,4/8,proposed,0,0,283.818417,276333,276333,276333,proposed,0,0,0,0,0,0,0,8365910326410385576,2183.954917,26.339958,UNCHECKED
1080p,91,val_091.png,1920,1080,2073600,tree_of_shapes,4/8,ref5_original,0,1,3150.326667,276333,276333,276333,proposed,23984,2680,23412,23577,0,0,327,15675138288677048564,2183.954917,26.339958,UNCHECKED
1080p,91,val_091.png,1920,1080,2073600,tree_of_shapes,4/8,ref5_original,1,0,3209.821667,276333,276333,276333,proposed,23984,2680,23412,23577,0,0,327,15675138288677048564,2183.954917,26.339958,UNCHECKED
1080p,91,val_091.png,1920,1080,2073600,tree_of_shapes,4/8,proposed,1,1,289.879417,276333,276333,276333,proposed,0,0,0,0,0,0,0,8365910326410385576,2183.954917,26.339958,UNCHECKED
1080p,91,val_091.png,1920,1080,2073600,tree_of_shapes,4/8,proposed,2,0,294.928958,276333,276333,276333,proposed,0,0,0,0,0,0,0,8365910326410385576,2183.954917,26.339958,UNCHECKED
1080p,91,val_091.png,1920,1080,2073600,tree_of_shapes,4/8,ref5_original,2,1,3176.719417,276333,276333,276333,proposed,23984,2680,23412,23577,0,0,327,15675138288677048564,2183.954917,26.339958,UNCHECKED
1080p,92,val_092.png,1920,1080,2073600,max_tree,8,ref6,0,0,215.897666,115024,115024,115024,proposed,0,0,0,0,0,0,0,15274128550853923678,445.158083,32.766292,UNCHECKED
1080p,92,val_092.png,1920,1080,2073600,max_tree,8,proposed,0,1,232.253334,115024,115024,115024,proposed,0,0,0,0,0,0,0,15274128550853923678,445.158083,32.766292,UNCHECKED
1080p,92,val_092.png,1920,1080,2073600,max_tree,8,proposed,1,0,228.836375,115024,115024,115024,proposed,0,0,0,0,0,0,0,15274128550853923678,445.158083,32.766292,UNCHECKED
1080p,92,val_092.png,1920,1080,2073600,max_tree,8,ref6,1,1,216.582167,115024,115024,115024,proposed,0,0,0,0,0,0,0,15274128550853923678,445.158083,32.766292,UNCHECKED
1080p,92,val_092.png,1920,1080,2073600,max_tree,8,ref6,2,0,216.469125,115024,115024,115024,proposed,0,0,0,0,0,0,0,15274128550853923678,445.158083,32.766292,UNCHECKED
1080p,92,val_092.png,1920,1080,2073600,max_tree,8,proposed,2,1,226.572917,115024,115024,115024,proposed,0,0,0,0,0,0,0,15274128550853923678,445.158083,32.766292,UNCHECKED
1080p,92,val_092.png,1920,1080,2073600,min_tree,8,proposed,0,0,228.115708,122117,122117,122117,proposed,0,0,0,0,0,0,0,4938185116338351222,412.059917,37.945042,UNCHECKED
1080p,92,val_092.png,1920,1080,2073600,min_tree,8,ref6,0,1,220.141250,122117,122117,122117,proposed,0,0,0,0,0,0,0,4938185116338351222,412.059917,37.945042,UNCHECKED
1080p,92,val_092.png,1920,1080,2073600,min_tree,8,ref6,1,0,221.448833,122117,122117,122117,proposed,0,0,0,0,0,0,0,4938185116338351222,412.059917,37.945042,UNCHECKED
1080p,92,val_092.png,1920,1080,2073600,min_tree,8,proposed,1,1,227.219500,122117,122117,122117,proposed,0,0,0,0,0,0,0,4938185116338351222,412.059917,37.945042,UNCHECKED
1080p,92,val_092.png,1920,1080,2073600,min_tree,8,proposed,2,0,232.964042,122117,122117,122117,proposed,0,0,0,0,0,0,0,4938185116338351222,412.059917,37.945042,UNCHECKED
1080p,92,val_092.png,1920,1080,2073600,min_tree,8,ref6,2,1,216.130167,122117,122117,122117,proposed,0,0,0,0,0,0,0,4938185116338351222,412.059917,37.945042,UNCHECKED
1080p,92,val_092.png,1920,1080,2073600,tree_of_shapes,4/8,ref5_original,0,0,3133.311750,252208,252208,252208,proposed,31834,3100,31238,31384,0,0,319,10810236058481145653,2118.728125,26.122875,UNCHECKED
1080p,92,val_092.png,1920,1080,2073600,tree_of_shapes,4/8,proposed,0,1,247.205042,252208,252208,252208,proposed,0,0,0,0,0,0,0,18330627508445727137,2118.728125,26.122875,UNCHECKED
1080p,92,val_092.png,1920,1080,2073600,tree_of_shapes,4/8,proposed,1,0,246.336458,252208,252208,252208,proposed,0,0,0,0,0,0,0,18330627508445727137,2118.728125,26.122875,UNCHECKED
1080p,92,val_092.png,1920,1080,2073600,tree_of_shapes,4/8,ref5_original,1,1,3171.297250,252208,252208,252208,proposed,31834,3100,31238,31384,0,0,319,10810236058481145653,2118.728125,26.122875,UNCHECKED
1080p,92,val_092.png,1920,1080,2073600,tree_of_shapes,4/8,ref5_original,2,0,3103.194584,252208,252208,252208,proposed,31834,3100,31238,31384,0,0,319,10810236058481145653,2118.728125,26.122875,UNCHECKED
1080p,92,val_092.png,1920,1080,2073600,tree_of_shapes,4/8,proposed,2,1,245.293625,252208,252208,252208,proposed,0,0,0,0,0,0,0,18330627508445727137,2118.728125,26.122875,UNCHECKED
1080p,93,val_093.png,1920,1080,2073600,max_tree,8,proposed,0,0,262.740708,181503,181503,181503,proposed,0,0,0,0,0,0,0,14231582434954255783,413.080750,31.245292,UNCHECKED
1080p,93,val_093.png,1920,1080,2073600,max_tree,8,ref6,0,1,228.207584,181503,181503,181503,proposed,0,0,0,0,0,0,0,14231582434954255783,413.080750,31.245292,UNCHECKED
1080p,93,val_093.png,1920,1080,2073600,max_tree,8,ref6,1,0,231.074500,181503,181503,181503,proposed,0,0,0,0,0,0,0,14231582434954255783,413.080750,31.245292,UNCHECKED
1080p,93,val_093.png,1920,1080,2073600,max_tree,8,proposed,1,1,256.519209,181503,181503,181503,proposed,0,0,0,0,0,0,0,14231582434954255783,413.080750,31.245292,UNCHECKED
1080p,93,val_093.png,1920,1080,2073600,max_tree,8,proposed,2,0,258.137959,181503,181503,181503,proposed,0,0,0,0,0,0,0,14231582434954255783,413.080750,31.245292,UNCHECKED
1080p,93,val_093.png,1920,1080,2073600,max_tree,8,ref6,2,1,230.456834,181503,181503,181503,proposed,0,0,0,0,0,0,0,14231582434954255783,413.080750,31.245292,UNCHECKED
1080p,93,val_093.png,1920,1080,2073600,min_tree,8,ref6,0,0,229.567750,140802,140802,140802,proposed,0,0,0,0,0,0,0,12620982381119474188,430.468958,37.875000,UNCHECKED
1080p,93,val_093.png,1920,1080,2073600,min_tree,8,proposed,0,1,247.226166,140802,140802,140802,proposed,0,0,0,0,0,0,0,12620982381119474188,430.468958,37.875000,UNCHECKED
1080p,93,val_093.png,1920,1080,2073600,min_tree,8,proposed,1,0,249.730208,140802,140802,140802,proposed,0,0,0,0,0,0,0,12620982381119474188,430.468958,37.875000,UNCHECKED
1080p,93,val_093.png,1920,1080,2073600,min_tree,8,ref6,1,1,223.576667,140802,140802,140802,proposed,0,0,0,0,0,0,0,12620982381119474188,430.468958,37.875000,UNCHECKED
1080p,93,val_093.png,1920,1080,2073600,min_tree,8,ref6,2,0,228.199792,140802,140802,140802,proposed,0,0,0,0,0,0,0,12620982381119474188,430.468958,37.875000,UNCHECKED
1080p,93,val_093.png,1920,1080,2073600,min_tree,8,proposed,2,1,252.772500,140802,140802,140802,proposed,0,0,0,0,0,0,0,12620982381119474188,430.468958,37.875000,UNCHECKED
1080p,93,val_093.png,1920,1080,2073600,tree_of_shapes,4/8,proposed,0,0,328.640958,352359,352359,352359,proposed,0,0,0,0,0,0,0,10839006233940210339,3965.224958,41.318458,UNCHECKED
1080p,93,val_093.png,1920,1080,2073600,tree_of_shapes,4/8,ref5_original,0,1,3313.680792,352359,352359,352359,proposed,34542,3757,33785,33944,0,0,414,5225388583899763065,3965.224958,41.318458,UNCHECKED
1080p,93,val_093.png,1920,1080,2073600,tree_of_shapes,4/8,ref5_original,1,0,3276.878834,352359,352359,352359,proposed,34542,3757,33785,33944,0,0,414,5225388583899763065,3965.224958,41.318458,UNCHECKED
1080p,93,val_093.png,1920,1080,2073600,tree_of_shapes,4/8,proposed,1,1,319.755500,352359,352359,352359,proposed,0,0,0,0,0,0,0,10839006233940210339,3965.224958,41.318458,UNCHECKED
1080p,93,val_093.png,1920,1080,2073600,tree_of_shapes,4/8,proposed,2,0,331.232500,352359,352359,352359,proposed,0,0,0,0,0,0,0,10839006233940210339,3965.224958,41.318458,UNCHECKED
1080p,93,val_093.png,1920,1080,2073600,tree_of_shapes,4/8,ref5_original,2,1,3259.304542,352359,352359,352359,proposed,34542,3757,33785,33944,0,0,414,5225388583899763065,3965.224958,41.318458,UNCHECKED
1080p,94,val_094.png,1920,1080,2073600,max_tree,8,ref6,0,0,223.671875,140516,140516,140516,proposed,0,0,0,0,0,0,0,16375309834305585158,389.541666,47.082875,UNCHECKED
1080p,94,val_094.png,1920,1080,2073600,max_tree,8,proposed,0,1,238.179000,140516,140516,140516,proposed,0,0,0,0,0,0,0,16375309834305585158,389.541666,47.082875,UNCHECKED
1080p,94,val_094.png,1920,1080,2073600,max_tree,8,proposed,1,0,242.613083,140516,140516,140516,proposed,0,0,0,0,0,0,0,16375309834305585158,389.541666,47.082875,UNCHECKED
1080p,94,val_094.png,1920,1080,2073600,max_tree,8,ref6,1,1,223.296791,140516,140516,140516,proposed,0,0,0,0,0,0,0,16375309834305585158,389.541666,47.082875,UNCHECKED
1080p,94,val_094.png,1920,1080,2073600,max_tree,8,ref6,2,0,221.139625,140516,140516,140516,proposed,0,0,0,0,0,0,0,16375309834305585158,389.541666,47.082875,UNCHECKED
1080p,94,val_094.png,1920,1080,2073600,max_tree,8,proposed,2,1,237.966708,140516,140516,140516,proposed,0,0,0,0,0,0,0,16375309834305585158,389.541666,47.082875,UNCHECKED
1080p,94,val_094.png,1920,1080,2073600,min_tree,8,proposed,0,0,273.675292,114557,114557,114557,proposed,0,0,0,0,0,0,0,7894046554440055334,387.643750,56.028708,UNCHECKED
1080p,94,val_094.png,1920,1080,2073600,min_tree,8,ref6,0,1,224.331084,114557,114557,114557,proposed,0,0,0,0,0,0,0,7894046554440055334,387.643750,56.028708,UNCHECKED
1080p,94,val_094.png,1920,1080,2073600,min_tree,8,ref6,1,0,222.599209,114557,114557,114557,proposed,0,0,0,0,0,0,0,7894046554440055334,387.643750,56.028708,UNCHECKED
1080p,94,val_094.png,1920,1080,2073600,min_tree,8,proposed,1,1,234.176000,114557,114557,114557,proposed,0,0,0,0,0,0,0,7894046554440055334,387.643750,56.028708,UNCHECKED
1080p,94,val_094.png,1920,1080,2073600,min_tree,8,proposed,2,0,238.962334,114557,114557,114557,proposed,0,0,0,0,0,0,0,7894046554440055334,387.643750,56.028708,UNCHECKED
1080p,94,val_094.png,1920,1080,2073600,min_tree,8,ref6,2,1,220.573208,114557,114557,114557,proposed,0,0,0,0,0,0,0,7894046554440055334,387.643750,56.028708,UNCHECKED
1080p,94,val_094.png,1920,1080,2073600,tree_of_shapes,4/8,ref5_original,0,0,3141.825875,280962,280962,280962,proposed,25154,2914,24537,24677,0,0,370,10675914096715720229,2077.889084,31.484167,UNCHECKED
1080p,94,val_094.png,1920,1080,2073600,tree_of_shapes,4/8,proposed,0,1,272.392209,280962,280962,280962,proposed,0,0,0,0,0,0,0,5339324321490024447,2077.889084,31.484167,UNCHECKED
1080p,94,val_094.png,1920,1080,2073600,tree_of_shapes,4/8,proposed,1,0,282.620333,280962,280962,280962,proposed,0,0,0,0,0,0,0,5339324321490024447,2077.889084,31.484167,UNCHECKED
1080p,94,val_094.png,1920,1080,2073600,tree_of_shapes,4/8,ref5_original,1,1,3165.998625,280962,280962,280962,proposed,25154,2914,24537,24677,0,0,370,10675914096715720229,2077.889084,31.484167,UNCHECKED
1080p,94,val_094.png,1920,1080,2073600,tree_of_shapes,4/8,ref5_original,2,0,3187.367500,280962,280962,280962,proposed,25154,2914,24537,24677,0,0,370,10675914096715720229,2077.889084,31.484167,UNCHECKED
1080p,94,val_094.png,1920,1080,2073600,tree_of_shapes,4/8,proposed,2,1,274.854458,280962,280962,280962,proposed,0,0,0,0,0,0,0,5339324321490024447,2077.889084,31.484167,UNCHECKED
1080p,95,val_095.png,1920,1080,2073600,max_tree,8,proposed,0,0,214.600833,119295,119295,119295,proposed,0,0,0,0,0,0,0,9738114531231307939,376.960416,47.655750,UNCHECKED
1080p,95,val_095.png,1920,1080,2073600,max_tree,8,ref6,0,1,213.563541,119295,119295,119295,proposed,0,0,0,0,0,0,0,9738114531231307939,376.960416,47.655750,UNCHECKED
1080p,95,val_095.png,1920,1080,2073600,max_tree,8,ref6,1,0,207.580667,119295,119295,119295,proposed,0,0,0,0,0,0,0,9738114531231307939,376.960416,47.655750,UNCHECKED
1080p,95,val_095.png,1920,1080,2073600,max_tree,8,proposed,1,1,214.553917,119295,119295,119295,proposed,0,0,0,0,0,0,0,9738114531231307939,376.960416,47.655750,UNCHECKED
1080p,95,val_095.png,1920,1080,2073600,max_tree,8,proposed,2,0,217.136000,119295,119295,119295,proposed,0,0,0,0,0,0,0,9738114531231307939,376.960416,47.655750,UNCHECKED
1080p,95,val_095.png,1920,1080,2073600,max_tree,8,ref6,2,1,213.757375,119295,119295,119295,proposed,0,0,0,0,0,0,0,9738114531231307939,376.960416,47.655750,UNCHECKED
1080p,95,val_095.png,1920,1080,2073600,min_tree,8,ref6,0,0,216.987125,89479,89479,89479,proposed,0,0,0,0,0,0,0,1384834797678818548,374.765667,66.040250,UNCHECKED
1080p,95,val_095.png,1920,1080,2073600,min_tree,8,proposed,0,1,212.078084,89479,89479,89479,proposed,0,0,0,0,0,0,0,1384834797678818548,374.765667,66.040250,UNCHECKED
1080p,95,val_095.png,1920,1080,2073600,min_tree,8,proposed,1,0,213.641833,89479,89479,89479,proposed,0,0,0,0,0,0,0,1384834797678818548,374.765667,66.040250,UNCHECKED
1080p,95,val_095.png,1920,1080,2073600,min_tree,8,ref6,1,1,215.492208,89479,89479,89479,proposed,0,0,0,0,0,0,0,1384834797678818548,374.765667,66.040250,UNCHECKED
1080p,95,val_095.png,1920,1080,2073600,min_tree,8,ref6,2,0,213.079625,89479,89479,89479,proposed,0,0,0,0,0,0,0,1384834797678818548,374.765667,66.040250,UNCHECKED
1080p,95,val_095.png,1920,1080,2073600,min_tree,8,proposed,2,1,217.145792,89479,89479,89479,proposed,0,0,0,0,0,0,0,1384834797678818548,374.765667,66.040250,UNCHECKED
1080p,95,val_095.png,1920,1080,2073600,tree_of_shapes,4/8,proposed,0,0,243.821917,236954,236954,236954,proposed,0,0,0,0,0,0,0,4257266795715957538,2054.217500,42.103000,UNCHECKED
1080p,95,val_095.png,1920,1080,2073600,tree_of_shapes,4/8,ref5_original,0,1,3066.142541,236954,236954,236954,proposed,18210,1974,17774,17876,0,0,590,1980518350794735748,2054.217500,42.103000,UNCHECKED
1080p,95,val_095.png,1920,1080,2073600,tree_of_shapes,4/8,ref5_original,1,0,3079.907875,236954,236954,236954,proposed,18210,1974,17774,17876,0,0,590,1980518350794735748,2054.217500,42.103000,UNCHECKED
1080p,95,val_095.png,1920,1080,2073600,tree_of_shapes,4/8,proposed,1,1,241.056792,236954,236954,236954,proposed,0,0,0,0,0,0,0,4257266795715957538,2054.217500,42.103000,UNCHECKED
1080p,95,val_095.png,1920,1080,2073600,tree_of_shapes,4/8,proposed,2,0,238.769791,236954,236954,236954,proposed,0,0,0,0,0,0,0,4257266795715957538,2054.217500,42.103000,UNCHECKED
1080p,95,val_095.png,1920,1080,2073600,tree_of_shapes,4/8,ref5_original,2,1,3064.796542,236954,236954,236954,proposed,18210,1974,17774,17876,0,0,590,1980518350794735748,2054.217500,42.103000,UNCHECKED
1080p,96,val_096.png,1920,1080,2073600,max_tree,8,ref6,0,0,220.585125,111667,111667,111667,proposed,0,0,0,0,0,0,0,11214284636905900307,394.396791,30.277875,UNCHECKED
1080p,96,val_096.png,1920,1080,2073600,max_tree,8,proposed,0,1,232.795083,111667,111667,111667,proposed,0,0,0,0,0,0,0,11214284636905900307,394.396791,30.277875,UNCHECKED
1080p,96,val_096.png,1920,1080,2073600,max_tree,8,proposed,1,0,231.091917,111667,111667,111667,proposed,0,0,0,0,0,0,0,11214284636905900307,394.396791,30.277875,UNCHECKED
1080p,96,val_096.png,1920,1080,2073600,max_tree,8,ref6,1,1,221.376958,111667,111667,111667,proposed,0,0,0,0,0,0,0,11214284636905900307,394.396791,30.277875,UNCHECKED
1080p,96,val_096.png,1920,1080,2073600,max_tree,8,ref6,2,0,221.548167,111667,111667,111667,proposed,0,0,0,0,0,0,0,11214284636905900307,394.396791,30.277875,UNCHECKED
1080p,96,val_096.png,1920,1080,2073600,max_tree,8,proposed,2,1,229.523792,111667,111667,111667,proposed,0,0,0,0,0,0,0,11214284636905900307,394.396791,30.277875,UNCHECKED
1080p,96,val_096.png,1920,1080,2073600,min_tree,8,proposed,0,0,235.522459,99913,99913,99913,proposed,0,0,0,0,0,0,0,17181661142547216898,419.209792,40.447000,UNCHECKED
1080p,96,val_096.png,1920,1080,2073600,min_tree,8,ref6,0,1,223.199083,99913,99913,99913,proposed,0,0,0,0,0,0,0,17181661142547216898,419.209792,40.447000,UNCHECKED
1080p,96,val_096.png,1920,1080,2073600,min_tree,8,ref6,1,0,219.965125,99913,99913,99913,proposed,0,0,0,0,0,0,0,17181661142547216898,419.209792,40.447000,UNCHECKED
1080p,96,val_096.png,1920,1080,2073600,min_tree,8,proposed,1,1,228.524083,99913,99913,99913,proposed,0,0,0,0,0,0,0,17181661142547216898,419.209792,40.447000,UNCHECKED
1080p,96,val_096.png,1920,1080,2073600,min_tree,8,proposed,2,0,229.353084,99913,99913,99913,proposed,0,0,0,0,0,0,0,17181661142547216898,419.209792,40.447000,UNCHECKED
1080p,96,val_096.png,1920,1080,2073600,min_tree,8,ref6,2,1,218.718959,99913,99913,99913,proposed,0,0,0,0,0,0,0,17181661142547216898,419.209792,40.447000,UNCHECKED
1080p,96,val_096.png,1920,1080,2073600,tree_of_shapes,4/8,ref5_original,0,0,3118.470084,229046,229046,229046,proposed,26962,3293,26329,26450,0,0,453,18207380419620997887,2111.796542,24.987584,UNCHECKED
1080p,96,val_096.png,1920,1080,2073600,tree_of_shapes,4/8,proposed,0,1,257.123042,229046,229046,229046,proposed,0,0,0,0,0,0,0,11390345539078538376,2111.796542,24.987584,UNCHECKED
1080p,96,val_096.png,1920,1080,2073600,tree_of_shapes,4/8,proposed,1,0,247.947125,229046,229046,229046,proposed,0,0,0,0,0,0,0,11390345539078538376,2111.796542,24.987584,UNCHECKED
1080p,96,val_096.png,1920,1080,2073600,tree_of_shapes,4/8,ref5_original,1,1,3122.528084,229046,229046,229046,proposed,26962,3293,26329,26450,0,0,453,18207380419620997887,2111.796542,24.987584,UNCHECKED
1080p,96,val_096.png,1920,1080,2073600,tree_of_shapes,4/8,ref5_original,2,0,3119.409958,229046,229046,229046,proposed,26962,3293,26329,26450,0,0,453,18207380419620997887,2111.796542,24.987584,UNCHECKED
1080p,96,val_096.png,1920,1080,2073600,tree_of_shapes,4/8,proposed,2,1,254.385500,229046,229046,229046,proposed,0,0,0,0,0,0,0,11390345539078538376,2111.796542,24.987584,UNCHECKED
1080p,97,val_097.png,1920,1080,2073600,max_tree,8,proposed,0,0,223.399917,144074,144074,144074,proposed,0,0,0,0,0,0,0,5474990548711763093,397.439500,47.662041,UNCHECKED
1080p,97,val_097.png,1920,1080,2073600,max_tree,8,ref6,0,1,216.673625,144074,144074,144074,proposed,0,0,0,0,0,0,0,5474990548711763093,397.439500,47.662041,UNCHECKED
1080p,97,val_097.png,1920,1080,2073600,max_tree,8,ref6,1,0,220.172875,144074,144074,144074,proposed,0,0,0,0,0,0,0,5474990548711763093,397.439500,47.662041,UNCHECKED
1080p,97,val_097.png,1920,1080,2073600,max_tree,8,proposed,1,1,217.593334,144074,144074,144074,proposed,0,0,0,0,0,0,0,5474990548711763093,397.439500,47.662041,UNCHECKED
1080p,97,val_097.png,1920,1080,2073600,max_tree,8,proposed,2,0,221.012542,144074,144074,144074,proposed,0,0,0,0,0,0,0,5474990548711763093,397.439500,47.662041,UNCHECKED
1080p,97,val_097.png,1920,1080,2073600,max_tree,8,ref6,2,1,217.915959,144074,144074,144074,proposed,0,0,0,0,0,0,0,5474990548711763093,397.439500,47.662041,UNCHECKED
1080p,97,val_097.png,1920,1080,2073600,min_tree,8,ref6,0,0,220.195125,107036,107036,107036,proposed,0,0,0,0,0,0,0,12944777388416386192,385.604208,52.506417,UNCHECKED
1080p,97,val_097.png,1920,1080,2073600,min_tree,8,proposed,0,1,211.220167,107036,107036,107036,proposed,0,0,0,0,0,0,0,12944777388416386192,385.604208,52.506417,UNCHECKED
1080p,97,val_097.png,1920,1080,2073600,min_tree,8,proposed,1,0,214.500666,107036,107036,107036,proposed,0,0,0,0,0,0,0,12944777388416386192,385.604208,52.506417,UNCHECKED
1080p,97,val_097.png,1920,1080,2073600,min_tree,8,ref6,1,1,212.867708,107036,107036,107036,proposed,0,0,0,0,0,0,0,12944777388416386192,385.604208,52.506417,UNCHECKED
1080p,97,val_097.png,1920,1080,2073600,min_tree,8,ref6,2,0,214.087958,107036,107036,107036,proposed,0,0,0,0,0,0,0,12944777388416386192,385.604208,52.506417,UNCHECKED
1080p,97,val_097.png,1920,1080,2073600,min_tree,8,proposed,2,1,216.653458,107036,107036,107036,proposed,0,0,0,0,0,0,0,12944777388416386192,385.604208,52.506417,UNCHECKED
1080p,97,val_097.png,1920,1080,2073600,tree_of_shapes,4/8,proposed,0,0,248.965584,272820,272820,272820,proposed,0,0,0,0,0,0,0,2156497016265738667,2092.466000,41.569833,UNCHECKED
1080p,97,val_097.png,1920,1080,2073600,tree_of_shapes,4/8,ref5_original,0,1,3089.386250,272820,272820,272820,proposed,26186,3153,25524,25601,0,0,361,1645317388363979167,2092.466000,41.569833,UNCHECKED
1080p,97,val_097.png,1920,1080,2073600,tree_of_shapes,4/8,ref5_original,1,0,3070.326917,272820,272820,272820,proposed,26186,3153,25524,25601,0,0,361,1645317388363979167,2092.466000,41.569833,UNCHECKED
1080p,97,val_097.png,1920,1080,2073600,tree_of_shapes,4/8,proposed,1,1,251.273042,272820,272820,272820,proposed,0,0,0,0,0,0,0,2156497016265738667,2092.466000,41.569833,UNCHECKED
1080p,97,val_097.png,1920,1080,2073600,tree_of_shapes,4/8,proposed,2,0,251.203584,272820,272820,272820,proposed,0,0,0,0,0,0,0,2156497016265738667,2092.466000,41.569833,UNCHECKED
1080p,97,val_097.png,1920,1080,2073600,tree_of_shapes,4/8,ref5_original,2,1,3084.044917,272820,272820,272820,proposed,26186,3153,25524,25601,0,0,361,1645317388363979167,2092.466000,41.569833,UNCHECKED
1080p,98,val_098.png,1920,1080,2073600,max_tree,8,ref6,0,0,274.991417,155702,155702,155702,proposed,0,0,0,0,0,0,0,5008647175558320738,405.709750,29.132416,UNCHECKED
1080p,98,val_098.png,1920,1080,2073600,max_tree,8,proposed,0,1,248.580542,155702,155702,155702,proposed,0,0,0,0,0,0,0,5008647175558320738,405.709750,29.132416,UNCHECKED
1080p,98,val_098.png,1920,1080,2073600,max_tree,8,proposed,1,0,241.033416,155702,155702,155702,proposed,0,0,0,0,0,0,0,5008647175558320738,405.709750,29.132416,UNCHECKED
1080p,98,val_098.png,1920,1080,2073600,max_tree,8,ref6,1,1,216.192208,155702,155702,155702,proposed,0,0,0,0,0,0,0,5008647175558320738,405.709750,29.132416,UNCHECKED
1080p,98,val_098.png,1920,1080,2073600,max_tree,8,ref6,2,0,218.544083,155702,155702,155702,proposed,0,0,0,0,0,0,0,5008647175558320738,405.709750,29.132416,UNCHECKED
1080p,98,val_098.png,1920,1080,2073600,max_tree,8,proposed,2,1,230.318500,155702,155702,155702,proposed,0,0,0,0,0,0,0,5008647175558320738,405.709750,29.132416,UNCHECKED
1080p,98,val_098.png,1920,1080,2073600,min_tree,8,proposed,0,0,231.466708,131469,131469,131469,proposed,0,0,0,0,0,0,0,4403410737748832409,403.294708,36.902000,UNCHECKED
1080p,98,val_098.png,1920,1080,2073600,min_tree,8,ref6,0,1,219.903625,131469,131469,131469,proposed,0,0,0,0,0,0,0,4403410737748832409,403.294708,36.902000,UNCHECKED
1080p,98,val_098.png,1920,1080,2073600,min_tree,8,ref6,1,0,222.427209,131469,131469,131469,proposed,0,0,0,0,0,0,0,4403410737748832409,403.294708,36.902000,UNCHECKED
1080p,98,val_098.png,1920,1080,2073600,min_tree,8,proposed,1,1,229.191833,131469,131469,131469,proposed,0,0,0,0,0,0,0,4403410737748832409,403.294708,36.902000,UNCHECKED
1080p,98,val_098.png,1920,1080,2073600,min_tree,8,proposed,2,0,233.271083,131469,131469,131469,proposed,0,0,0,0,0,0,0,4403410737748832409,403.294708,36.902000,UNCHECKED
1080p,98,val_098.png,1920,1080,2073600,min_tree,8,ref6,2,1,221.519125,131469,131469,131469,proposed,0,0,0,0,0,0,0,4403410737748832409,403.294708,36.902000,UNCHECKED
1080p,98,val_098.png,1920,1080,2073600,tree_of_shapes,4/8,ref5_original,0,0,3208.616333,318717,318717,318717,proposed,29030,3573,28254,28518,0,0,264,11623961774286647500,2079.848334,29.234209,UNCHECKED
1080p,98,val_098.png,1920,1080,2073600,tree_of_shapes,4/8,proposed,0,1,276.542000,318717,318717,318717,proposed,0,0,0,0,0,0,0,1641477929595226077,2079.848334,29.234209,UNCHECKED
1080p,98,val_098.png,1920,1080,2073600,tree_of_shapes,4/8,proposed,1,0,274.782291,318717,318717,318717,proposed,0,0,0,0,0,0,0,1641477929595226077,2079.848334,29.234209,UNCHECKED
1080p,98,val_098.png,1920,1080,2073600,tree_of_shapes,4/8,ref5_original,1,1,3215.245667,318717,318717,318717,proposed,29030,3573,28254,28518,0,0,264,11623961774286647500,2079.848334,29.234209,UNCHECKED
1080p,98,val_098.png,1920,1080,2073600,tree_of_shapes,4/8,ref5_original,2,0,3178.368250,318717,318717,318717,proposed,29030,3573,28254,28518,0,0,264,11623961774286647500,2079.848334,29.234209,UNCHECKED
1080p,98,val_098.png,1920,1080,2073600,tree_of_shapes,4/8,proposed,2,1,275.010458,318717,318717,318717,proposed,0,0,0,0,0,0,0,1641477929595226077,2079.848334,29.234209,UNCHECKED
1080p,99,val_099.png,1920,1080,2073600,max_tree,8,proposed,0,0,245.558542,146582,146582,146582,proposed,0,0,0,0,0,0,0,15165693922345489943,414.562125,29.320167,UNCHECKED
1080p,99,val_099.png,1920,1080,2073600,max_tree,8,ref6,0,1,220.652667,146582,146582,146582,proposed,0,0,0,0,0,0,0,15165693922345489943,414.562125,29.320167,UNCHECKED
1080p,99,val_099.png,1920,1080,2073600,max_tree,8,ref6,1,0,225.186125,146582,146582,146582,proposed,0,0,0,0,0,0,0,15165693922345489943,414.562125,29.320167,UNCHECKED
1080p,99,val_099.png,1920,1080,2073600,max_tree,8,proposed,1,1,243.912167,146582,146582,146582,proposed,0,0,0,0,0,0,0,15165693922345489943,414.562125,29.320167,UNCHECKED
1080p,99,val_099.png,1920,1080,2073600,max_tree,8,proposed,2,0,245.507292,146582,146582,146582,proposed,0,0,0,0,0,0,0,15165693922345489943,414.562125,29.320167,UNCHECKED
1080p,99,val_099.png,1920,1080,2073600,max_tree,8,ref6,2,1,221.343209,146582,146582,146582,proposed,0,0,0,0,0,0,0,15165693922345489943,414.562125,29.320167,UNCHECKED
1080p,99,val_099.png,1920,1080,2073600,min_tree,8,ref6,0,0,221.630125,141975,141975,141975,proposed,0,0,0,0,0,0,0,7637751115297771724,419.244583,28.288541,UNCHECKED
1080p,99,val_099.png,1920,1080,2073600,min_tree,8,proposed,0,1,244.632625,141975,141975,141975,proposed,0,0,0,0,0,0,0,7637751115297771724,419.244583,28.288541,UNCHECKED
1080p,99,val_099.png,1920,1080,2073600,min_tree,8,proposed,1,0,244.600250,141975,141975,141975,proposed,0,0,0,0,0,0,0,7637751115297771724,419.244583,28.288541,UNCHECKED
1080p,99,val_099.png,1920,1080,2073600,min_tree,8,ref6,1,1,222.249291,141975,141975,141975,proposed,0,0,0,0,0,0,0,7637751115297771724,419.244583,28.288541,UNCHECKED
1080p,99,val_099.png,1920,1080,2073600,min_tree,8,ref6,2,0,223.662000,141975,141975,141975,proposed,0,0,0,0,0,0,0,7637751115297771724,419.244583,28.288541,UNCHECKED
1080p,99,val_099.png,1920,1080,2073600,min_tree,8,proposed,2,1,243.190875,141975,141975,141975,proposed,0,0,0,0,0,0,0,7637751115297771724,419.244583,28.288541,UNCHECKED
1080p,99,val_099.png,1920,1080,2073600,tree_of_shapes,4/8,proposed,0,0,293.215250,313658,313658,313658,proposed,0,0,0,0,0,0,0,11839666583208389556,2189.998083,27.636792,UNCHECKED
1080p,99,val_099.png,1920,1080,2073600,tree_of_shapes,4/8,ref5_original,0,1,3298.514541,313658,313658,313658,proposed,33351,3531,32517,32774,0,0,228,12510184728499837162,2189.998083,27.636792,UNCHECKED
1080p,99,val_099.png,1920,1080,2073600,tree_of_shapes,4/8,ref5_original,1,0,3253.713667,313658,313658,313658,proposed,33351,3531,32517,32774,0,0,228,12510184728499837162,2189.998083,27.636792,UNCHECKED
1080p,99,val_099.png,1920,1080,2073600,tree_of_shapes,4/8,proposed,1,1,290.798125,313658,313658,313658,proposed,0,0,0,0,0,0,0,11839666583208389556,2189.998083,27.636792,UNCHECKED
1080p,99,val_099.png,1920,1080,2073600,tree_of_shapes,4/8,proposed,2,0,290.258625,313658,313658,313658,proposed,0,0,0,0,0,0,0,11839666583208389556,2189.998083,27.636792,UNCHECKED
1080p,99,val_099.png,1920,1080,2073600,tree_of_shapes,4/8,ref5_original,2,1,3259.999583,313658,313658,313658,proposed,33351,3531,32517,32774,0,0,228,12510184728499837162,2189.998083,27.636792,UNCHECKED
