resolution,image_index,image,width,height,pixels,hierarchy,connectivity,method,run,order_position,time_ms,nodes,baseline_nodes,compared_nodes,reference_method,mismatch_nodes,q1_mismatch_nodes,q2_mismatch_nodes,qd_mismatch_nodes,q3_mismatch_nodes,q4_mismatch_nodes,max_abs_family_error,checksum,tree_build_ms,bridge_import_ms,contract_mode
720p,0,val_000.png,1280,720,921600,max_tree,8,ref6,0,0,98.746042,87416,87416,87416,proposed,0,0,0,0,0,0,0,1007166930830712610,167.531084,13.267084,UNCHECKED
720p,0,val_000.png,1280,720,921600,max_tree,8,proposed,0,1,102.370125,87416,87416,87416,proposed,0,0,0,0,0,0,0,1007166930830712610,167.531084,13.267084,UNCHECKED
720p,0,val_000.png,1280,720,921600,max_tree,8,proposed,1,0,102.032667,87416,87416,87416,proposed,0,0,0,0,0,0,0,1007166930830712610,167.531084,13.267084,UNCHECKED
720p,0,val_000.png,1280,720,921600,max_tree,8,ref6,1,1,86.118583,87416,87416,87416,proposed,0,0,0,0,0,0,0,1007166930830712610,167.531084,13.267084,UNCHECKED
720p,0,val_000.png,1280,720,921600,max_tree,8,ref6,2,0,82.639209,87416,87416,87416,proposed,0,0,0,0,0,0,0,1007166930830712610,167.531084,13.267084,UNCHECKED
720p,0,val_000.png,1280,720,921600,max_tree,8,proposed,2,1,93.640500,87416,87416,87416,proposed,0,0,0,0,0,0,0,1007166930830712610,167.531084,13.267084,UNCHECKED
720p,0,val_000.png,1280,720,921600,min_tree,8,proposed,0,0,100.923333,67105,67105,67105,proposed,0,0,0,0,0,0,0,2841823418318025877,162.854000,15.440291,UNCHECKED
720p,0,val_000.png,1280,720,921600,min_tree,8,ref6,0,1,83.596750,67105,67105,67105,proposed,0,0,0,0,0,0,0,2841823418318025877,162.854000,15.440291,UNCHECKED
720p,0,val_000.png,1280,720,921600,min_tree,8,ref6,1,0,87.188833,67105,67105,67105,proposed,0,0,0,0,0,0,0,2841823418318025877,162.854000,15.440291,UNCHECKED
720p,0,val_000.png,1280,720,921600,min_tree,8,proposed,1,1,95.946959,67105,67105,67105,proposed,0,0,0,0,0,0,0,2841823418318025877,162.854000,15.440291,UNCHECKED
720p,0,val_000.png,1280,720,921600,min_tree,8,proposed,2,0,101.058667,67105,67105,67105,proposed,0,0,0,0,0,0,0,2841823418318025877,162.854000,15.440291,UNCHECKED
720p,0,val_000.png,1280,720,921600,min_tree,8,ref6,2,1,82.518750,67105,67105,67105,proposed,0,0,0,0,0,0,0,2841823418318025877,162.854000,15.440291,UNCHECKED
720p,0,val_000.png,1280,720,921600,tree_of_shapes,4/8,ref5_original,0,0,1361.147750,166802,166802,166802,proposed,17940,2142,17628,17702,0,0,257,5475786118512276220,799.842417,11.760250,UNCHECKED
720p,0,val_000.png,1280,720,921600,tree_of_shapes,4/8,proposed,0,1,109.850667,166802,166802,166802,proposed,0,0,0,0,0,0,0,11853832540774055513,799.842417,11.760250,UNCHECKED
720p,0,val_000.png,1280,720,921600,tree_of_shapes,4/8,proposed,1,0,108.186250,166802,166802,166802,proposed,0,0,0,0,0,0,0,11853832540774055513,799.842417,11.760250,UNCHECKED
720p,0,val_000.png,1280,720,921600,tree_of_shapes,4/8,ref5_original,1,1,1356.142041,166802,166802,166802,proposed,17940,2142,17628,17702,0,0,257,5475786118512276220,799.842417,11.760250,UNCHECKED
720p,0,val_000.png,1280,720,921600,tree_of_shapes,4/8,ref5_original,2,0,1334.647666,166802,166802,166802,proposed,17940,2142,17628,17702,0,0,257,5475786118512276220,799.842417,11.760250,UNCHECKED
720p,0,val_000.png,1280,720,921600,tree_of_shapes,4/8,proposed,2,1,108.965000,166802,166802,166802,proposed,0,0,0,0,0,0,0,11853832540774055513,799.842417,11.760250,UNCHECKED
720p,1,val_001.png,1280,720,921600,max_tree,8,proposed,0,0,91.854333,44523,44523,44523,proposed,0,0,0,0,0,0,0,6705360442542871053,149.511250,22.791375,UNCHECKED
720p,1,val_001.png,1280,720,921600,max_tree,8,ref6,0,1,82.978667,44523,44523,44523,proposed,0,0,0,0,0,0,0,6705360442542871053,149.511250,22.791375,UNCHECKED
720p,1,val_001.png,1280,720,921600,max_tree,8,ref6,1,0,83.111750,44523,44523,44523,proposed,0,0,0,0,0,0,0,6705360442542871053,149.511250,22.791375,UNCHECKED
720p,1,val_001.png,1280,720,921600,max_tree,8,proposed,1,1,92.012375,44523,44523,44523,proposed,0,0,0,0,0,0,0,6705360442542871053,149.511250,22.791375,UNCHECKED
720p,1,val_001.png,1280,720,921600,max_tree,8,proposed,2,0,91.961042,44523,44523,44523,proposed,0,0,0,0,0,0,0,6705360442542871053,149.511250,22.791375,UNCHECKED
720p,1,val_001.png,1280,720,921600,max_tree,8,ref6,2,1,84.383208,44523,44523,44523,proposed,0,0,0,0,0,0,0,6705360442542871053,149.511250,22.791375,UNCHECKED
720p,1,val_001.png,1280,720,921600,min_tree,8,ref6,0,0,86.137250,33726,33726,33726,proposed,0,0,0,0,0,0,0,15198808435777600052,148.472541,28.902375,UNCHECKED
720p,1,val_001.png,1280,720,921600,min_tree,8,proposed,0,1,92.323709,33726,33726,33726,proposed,0,0,0,0,0,0,0,15198808435777600052,148.472541,28.902375,UNCHECKED
720p,1,val_001.png,1280,720,921600,min_tree,8,proposed,1,0,91.713792,33726,33726,33726,proposed,0,0,0,0,0,0,0,15198808435777600052,148.472541,28.902375,UNCHECKED
720p,1,val_001.png,1280,720,921600,min_tree,8,ref6,1,1,84.405333,33726,33726,33726,proposed,0,0,0,0,0,0,0,15198808435777600052,148.472541,28.902375,UNCHECKED
720p,1,val_001.png,1280,720,921600,min_tree,8,ref6,2,0,84.476000,33726,33726,33726,proposed,0,0,0,0,0,0,0,15198808435777600052,148.472541,28.902375,UNCHECKED
720p,1,val_001.png,1280,720,921600,min_tree,8,proposed,2,1,91.927000,33726,33726,33726,proposed,0,0,0,0,0,0,0,15198808435777600052,148.472541,28.902375,UNCHECKED
720p,1,val_001.png,1280,720,921600,tree_of_shapes,4/8,proposed,0,0,91.041708,83673,83673,83673,proposed,0,0,0,0,0,0,0,16647687395372925550,765.700333,10.436292,UNCHECKED
720p,1,val_001.png,1280,720,921600,tree_of_shapes,4/8,ref5_original,0,1,1316.707084,83673,83673,83673,proposed,7509,710,7373,7409,0,0,139,16832347415251591079,765.700333,10.436292,UNCHECKED
720p,1,val_001.png,1280,720,921600,tree_of_shapes,4/8,ref5_original,1,0,1329.492417,83673,83673,83673,proposed,7509,710,7373,7409,0,0,139,16832347415251591079,765.700333,10.436292,UNCHECKED
720p,1,val_001.png,1280,720,921600,tree_of_shapes,4/8,proposed,1,1,93.823500,83673,83673,83673,proposed,0,0,0,0,0,0,0,16647687395372925550,765.700333,10.436292,UNCHECKED
720p,1,val_001.png,1280,720,921600,tree_of_shapes,4/8,proposed,2,0,96.271458,83673,83673,83673,proposed,0,0,0,0,0,0,0,16647687395372925550,765.700333,10.436292,UNCHECKED
720p,1,val_001.png,1280,720,921600,tree_of_shapes,4/8,ref5_original,2,1,1307.992541,83673,83673,83673,proposed,7509,710,7373,7409,0,0,139,16832347415251591079,765.700333,10.436292,UNCHECKED
720p,2,val_002.png,1280,720,921600,max_tree,8,ref6,0,0,87.382250,67524,67524,67524,proposed,0,0,0,0,0,0,0,13246008972876143601,161.543375,16.181458,UNCHECKED
720p,2,val_002.png,1280,720,921600,max_tree,8,proposed,0,1,106.266375,67524,67524,67524,proposed,0,0,0,0,0,0,0,13246008972876143601,161.543375,16.181458,UNCHECKED
720p,2,val_002.png,1280,720,921600,max_tree,8,proposed,1,0,106.460083,67524,67524,67524,proposed,0,0,0,0,0,0,0,13246008972876143601,161.543375,16.181458,UNCHECKED
720p,2,val_002.png,1280,720,921600,max_tree,8,ref6,1,1,92.153958,67524,67524,67524,proposed,0,0,0,0,0,0,0,13246008972876143601,161.543375,16.181458,UNCHECKED
720p,2,val_002.png,1280,720,921600,max_tree,8,ref6,2,0,89.662375,67524,67524,67524,proposed,0,0,0,0,0,0,0,13246008972876143601,161.543375,16.181458,UNCHECKED
720p,2,val_002.png,1280,720,921600,max_tree,8,proposed,2,1,96.686375,67524,67524,67524,proposed,0,0,0,0,0,0,0,13246008972876143601,161.543375,16.181458,UNCHECKED
720p,2,val_002.png,1280,720,921600,min_tree,8,proposed,0,0,105.612666,50227,50227,50227,proposed,0,0,0,0,0,0,0,8841739001191943095,161.602917,25.302958,UNCHECKED
720p,2,val_002.png,1280,720,921600,min_tree,8,ref6,0,1,87.567792,50227,50227,50227,proposed,0,0,0,0,0,0,0,8841739001191943095,161.602917,25.302958,UNCHECKED
720p,2,val_002.png,1280,720,921600,min_tree,8,ref6,1,0,89.771209,50227,50227,50227,proposed,0,0,0,0,0,0,0,8841739001191943095,161.602917,25.302958,UNCHECKED
720p,2,val_002.png,1280,720,921600,min_tree,8,proposed,1,1,104.982875,50227,50227,50227,proposed,0,0,0,0,0,0,0,8841739001191943095,161.602917,25.302958,UNCHECKED
720p,2,val_002.png,1280,720,921600,min_tree,8,proposed,2,0,105.272834,50227,50227,50227,proposed,0,0,0,0,0,0,0,8841739001191943095,161.602917,25.302958,UNCHECKED
720p,2,val_002.png,1280,720,921600,min_tree,8,ref6,2,1,84.583167,50227,50227,50227,proposed,0,0,0,0,0,0,0,8841739001191943095,161.602917,25.302958,UNCHECKED
720p,2,val_002.png,1280,720,921600,tree_of_shapes,4/8,ref5_original,0,0,1360.304542,125449,125449,125449,proposed,11441,868,11258,11308,0,0,316,8835549399347235471,804.446417,9.331417,UNCHECKED
720p,2,val_002.png,1280,720,921600,tree_of_shapes,4/8,proposed,0,1,106.815583,125449,125449,125449,proposed,0,0,0,0,0,0,0,11737985872280661117,804.446417,9.331417,UNCHECKED
720p,2,val_002.png,1280,720,921600,tree_of_shapes,4/8,proposed,1,0,103.112375,125449,125449,125449,proposed,0,0,0,0,0,0,0,11737985872280661117,804.446417,9.331417,UNCHECKED
720p,2,val_002.png,1280,720,921600,tree_of_shapes,4/8,ref5_original,1,1,1360.645334,125449,125449,125449,proposed,11441,868,11258,11308,0,0,316,8835549399347235471,804.446417,9.331417,UNCHECKED
720p,2,val_002.png,1280,720,921600,tree_of_shapes,4/8,ref5_original,2,0,1367.852166,125449,125449,125449,proposed,11441,868,11258,11308,0,0,316,8835549399347235471,804.446417,9.331417,UNCHECKED
720p,2,val_002.png,1280,720,921600,tree_of_shapes,4/8,proposed,2,1,113.048292,125449,125449,125449,proposed,0,0,0,0,0,0,0,11737985872280661117,804.446417,9.331417,UNCHECKED
720p,3,val_003.png,1280,720,921600,max_tree,8,proposed,0,0,94.076791,57284,57284,57284,proposed,0,0,0,0,0,0,0,14529648028087201741,160.964709,22.427583,UNCHECKED
720p,3,val_003.png,1280,720,921600,max_tree,8,ref6,0,1,92.451375,57284,57284,57284,proposed,0,0,0,0,0,0,0,14529648028087201741,160.964709,22.427583,UNCHECKED
720p,3,val_003.png,1280,720,921600,max_tree,8,ref6,1,0,92.802000,57284,57284,57284,proposed,0,0,0,0,0,0,0,14529648028087201741,160.964709,22.427583,UNCHECKED
720p,3,val_003.png,1280,720,921600,max_tree,8,proposed,1,1,92.464834,57284,57284,57284,proposed,0,0,0,0,0,0,0,14529648028087201741,160.964709,22.427583,UNCHECKED
720p,3,val_003.png,1280,720,921600,max_tree,8,proposed,2,0,93.669916,57284,57284,57284,proposed,0,0,0,0,0,0,0,14529648028087201741,160.964709,22.427583,UNCHECKED
720p,3,val_003.png,1280,720,921600,max_tree,8,ref6,2,1,88.244666,57284,57284,57284,proposed,0,0,0,0,0,0,0,14529648028087201741,160.964709,22.427583,UNCHECKED
720p,3,val_003.png,1280,720,921600,min_tree,8,ref6,0,0,89.921083,43384,43384,43384,proposed,0,0,0,0,0,0,0,16917591124192877933,155.291125,28.126916,UNCHECKED
720p,3,val_003.png,1280,720,921600,min_tree,8,proposed,0,1,90.430375,43384,43384,43384,proposed,0,0,0,0,0,0,0,16917591124192877933,155.291125,28.126916,UNCHECKED
720p,3,val_003.png,1280,720,921600,min_tree,8,proposed,1,0,90.387959,43384,43384,43384,proposed,0,0,0,0,0,0,0,16917591124192877933,155.291125,28.126916,UNCHECKED
720p,3,val_003.png,1280,720,921600,min_tree,8,ref6,1,1,87.956833,43384,43384,43384,proposed,0,0,0,0,0,0,0,16917591124192877933,155.291125,28.126916,UNCHECKED
720p,3,val_003.png,1280,720,921600,min_tree,8,ref6,2,0,87.838667,43384,43384,43384,proposed,0,0,0,0,0,0,0,16917591124192877933,155.291125,28.126916,UNCHECKED
720p,3,val_003.png,1280,720,921600,min_tree,8,proposed,2,1,91.683083,43384,43384,43384,proposed,0,0,0,0,0,0,0,16917591124192877933,155.291125,28.126916,UNCHECKED
720p,3,val_003.png,1280,720,921600,tree_of_shapes,4/8,proposed,0,0,94.905708,109278,109278,109278,proposed,0,0,0,0,0,0,0,2384016100853716278,780.582875,11.690542,UNCHECKED
720p,3,val_003.png,1280,720,921600,tree_of_shapes,4/8,ref5_original,0,1,1343.706667,109278,109278,109278,proposed,8273,858,8096,8180,0,0,223,12139820411158855915,780.582875,11.690542,UNCHECKED
720p,3,val_003.png,1280,720,921600,tree_of_shapes,4/8,ref5_original,1,0,1341.749792,109278,109278,109278,proposed,8273,858,8096,8180,0,0,223,12139820411158855915,780.582875,11.690542,UNCHECKED
720p,3,val_003.png,1280,720,921600,tree_of_shapes,4/8,proposed,1,1,97.275167,109278,109278,109278,proposed,0,0,0,0,0,0,0,2384016100853716278,780.582875,11.690542,UNCHECKED
720p,3,val_003.png,1280,720,921600,tree_of_shapes,4/8,proposed,2,0,94.121709,109278,109278,109278,proposed,0,0,0,0,0,0,0,2384016100853716278,780.582875,11.690542,UNCHECKED
720p,3,val_003.png,1280,720,921600,tree_of_shapes,4/8,ref5_original,2,1,1328.639375,109278,109278,109278,proposed,8273,858,8096,8180,0,0,223,12139820411158855915,780.582875,11.690542,UNCHECKED
720p,4,val_004.png,1280,720,921600,max_tree,8,ref6,0,0,88.307375,83364,83364,83364,proposed,0,0,0,0,0,0,0,12390379429858460927,161.700833,13.957333,UNCHECKED
720p,4,val_004.png,1280,720,921600,max_tree,8,proposed,0,1,89.254625,83364,83364,83364,proposed,0,0,0,0,0,0,0,12390379429858460927,161.700833,13.957333,UNCHECKED
720p,4,val_004.png,1280,720,921600,max_tree,8,proposed,1,0,90.397417,83364,83364,83364,proposed,0,0,0,0,0,0,0,12390379429858460927,161.700833,13.957333,UNCHECKED
720p,4,val_004.png,1280,720,921600,max_tree,8,ref6,1,1,86.470667,83364,83364,83364,proposed,0,0,0,0,0,0,0,12390379429858460927,161.700833,13.957333,UNCHECKED
720p,4,val_004.png,1280,720,921600,max_tree,8,ref6,2,0,85.503958,83364,83364,83364,proposed,0,0,0,0,0,0,0,12390379429858460927,161.700833,13.957333,UNCHECKED
720p,4,val_004.png,1280,720,921600,max_tree,8,proposed,2,1,97.329000,83364,83364,83364,proposed,0,0,0,0,0,0,0,12390379429858460927,161.700833,13.957333,UNCHECKED
720p,4,val_004.png,1280,720,921600,min_tree,8,proposed,0,0,90.096209,74170,74170,74170,proposed,0,0,0,0,0,0,0,4189415086163317338,162.104833,13.988250,UNCHECKED
720p,4,val_004.png,1280,720,921600,min_tree,8,ref6,0,1,83.498041,74170,74170,74170,proposed,0,0,0,0,0,0,0,4189415086163317338,162.104833,13.988250,UNCHECKED
720p,4,val_004.png,1280,720,921600,min_tree,8,ref6,1,0,85.493709,74170,74170,74170,proposed,0,0,0,0,0,0,0,4189415086163317338,162.104833,13.988250,UNCHECKED
720p,4,val_004.png,1280,720,921600,min_tree,8,proposed,1,1,91.337458,74170,74170,74170,proposed,0,0,0,0,0,0,0,4189415086163317338,162.104833,13.988250,UNCHECKED
720p,4,val_004.png,1280,720,921600,min_tree,8,proposed,2,0,90.748083,74170,74170,74170,proposed,0,0,0,0,0,0,0,4189415086163317338,162.104833,13.988250,UNCHECKED
720p,4,val_004.png,1280,720,921600,min_tree,8,ref6,2,1,83.074125,74170,74170,74170,proposed,0,0,0,0,0,0,0,4189415086163317338,162.104833,13.988250,UNCHECKED
720p,4,val_004.png,1280,720,921600,tree_of_shapes,4/8,ref5_original,0,0,1367.293250,169474,169474,169474,proposed,20386,2482,19998,19992,0,0,375,7597023980678887122,787.736250,12.684209,UNCHECKED
720p,4,val_004.png,1280,720,921600,tree_of_shapes,4/8,proposed,0,1,107.223667,169474,169474,169474,proposed,0,0,0,0,0,0,0,7307814426490753042,787.736250,12.684209,UNCHECKED
720p,4,val_004.png,1280,720,921600,tree_of_shapes,4/8,proposed,1,0,106.899125,169474,169474,169474,proposed,0,0,0,0,0,0,0,7307814426490753042,787.736250,12.684209,UNCHECKED
720p,4,val_004.png,1280,720,921600,tree_of_shapes,4/8,ref5_original,1,1,1351.424250,169474,169474,169474,proposed,20386,2482,19998,19992,0,0,375,7597023980678887122,787.736250,12.684209,UNCHECKED
720p,4,val_004.png,1280,720,921600,tree_of_shapes,4/8,ref5_original,2,0,1338.789750,169474,169474,169474,proposed,20386,2482,19998,19992,0,0,375,7597023980678887122,787.736250,12.684209,UNCHECKED
720p,4,val_004.png,1280,720,921600,tree_of_shapes,4/8,proposed,2,1,107.339500,169474,169474,169474,proposed,0,0,0,0,0,0,0,7307814426490753042,787.736250,12.684209,UNCHECKED
720p,5,val_005.png,1280,720,921600,max_tree,8,proposed,0,0,86.024250,53511,53511,53511,proposed,0,0,0,0,0,0,0,778622119918083154,151.751208,18.477750,UNCHECKED
720p,5,val_005.png,1280,720,921600,max_tree,8,ref6,0,1,85.815833,53511,53511,53511,proposed,0,0,0,0,0,0,0,778622119918083154,151.751208,18.477750,UNCHECKED
720p,5,val_005.png,1280,720,921600,max_tree,8,ref6,1,0,89.290584,53511,53511,53511,proposed,0,0,0,0,0,0,0,778622119918083154,151.751208,18.477750,UNCHECKED
720p,5,val_005.png,1280,720,921600,max_tree,8,proposed,1,1,86.476291,53511,53511,53511,proposed,0,0,0,0,0,0,0,778622119918083154,151.751208,18.477750,UNCHECKED
720p,5,val_005.png,1280,720,921600,max_tree,8,proposed,2,0,87.075250,53511,53511,53511,proposed,0,0,0,0,0,0,0,778622119918083154,151.751208,18.477750,UNCHECKED
720p,5,val_005.png,1280,720,921600,max_tree,8,ref6,2,1,88.934584,53511,53511,53511,proposed,0,0,0,0,0,0,0,778622119918083154,151.751208,18.477750,UNCHECKED
720p,5,val_005.png,1280,720,921600,min_tree,8,ref6,0,0,86.901084,42458,42458,42458,proposed,0,0,0,0,0,0,0,433213836205817835,150.391541,24.817542,UNCHECKED
720p,5,val_005.png,1280,720,921600,min_tree,8,proposed,0,1,87.135959,42458,42458,42458,proposed,0,0,0,0,0,0,0,433213836205817835,150.391541,24.817542,UNCHECKED
720p,5,val_005.png,1280,720,921600,min_tree,8,proposed,1,0,86.484708,42458,42458,42458,proposed,0,0,0,0,0,0,0,433213836205817835,150.391541,24.817542,UNCHECKED
720p,5,val_005.png,1280,720,921600,min_tree,8,ref6,1,1,86.934792,42458,42458,42458,proposed,0,0,0,0,0,0,0,433213836205817835,150.391541,24.817542,UNCHECKED
720p,5,val_005.png,1280,720,921600,min_tree,8,ref6,2,0,86.691458,42458,42458,42458,proposed,0,0,0,0,0,0,0,433213836205817835,150.391541,24.817542,UNCHECKED
720p,5,val_005.png,1280,720,921600,min_tree,8,proposed,2,1,88.384667,42458,42458,42458,proposed,0,0,0,0,0,0,0,433213836205817835,150.391541,24.817542,UNCHECKED
720p,5,val_005.png,1280,720,921600,tree_of_shapes,4/8,proposed,0,0,90.156125,103822,103822,103822,proposed,0,0,0,0,0,0,0,5989587384468608690,770.729875,10.261750,UNCHECKED
720p,5,val_005.png,1280,720,921600,tree_of_shapes,4/8,ref5_original,0,1,1290.927292,103822,103822,103822,proposed,10243,831,10067,10129,0,0,188,3847203993458444573,770.729875,10.261750,UNCHECKED
720p,5,val_005.png,1280,720,921600,tree_of_shapes,4/8,ref5_original,1,0,1282.495500,103822,103822,103822,proposed,10243,831,10067,10129,0,0,188,3847203993458444573,770.729875,10.261750,UNCHECKED
720p,5,val_005.png,1280,720,921600,tree_of_shapes,4/8,proposed,1,1,89.347209,103822,103822,103822,proposed,0,0,0,0,0,0,0,5989587384468608690,770.729875,10.261750,UNCHECKED
720p,5,val_005.png,1280,720,921600,tree_of_shapes,4/8,proposed,2,0,86.527875,103822,103822,103822,proposed,0,0,0,0,0,0,0,5989587384468608690,770.729875,10.261750,UNCHECKED
720p,5,val_005.png,1280,720,921600,tree_of_shapes,4/8,ref5_original,2,1,1285.235583,103822,103822,103822,proposed,10243,831,10067,10129,0,0,188,3847203993458444573,770.729875,10.261750,UNCHECKED
720p,6,val_006.png,1280,720,921600,max_tree,8,ref6,0,0,82.187209,76967,76967,76967,proposed,0,0,0,0,0,0,0,1645297899183038621,165.074250,11.672833,UNCHECKED
720p,6,val_006.png,1280,720,921600,max_tree,8,proposed,0,1,94.311958,76967,76967,76967,proposed,0,0,0,0,0,0,0,1645297899183038621,165.074250,11.672833,UNCHECKED
720p,6,val_006.png,1280,720,921600,max_tree,8,proposed,1,0,95.318250,76967,76967,76967,proposed,0,0,0,0,0,0,0,1645297899183038621,165.074250,11.672833,UNCHECKED
720p,6,val_006.png,1280,720,921600,max_tree,8,ref6,1,1,81.166959,76967,76967,76967,proposed,0,0,0,0,0,0,0,1645297899183038621,165.074250,11.672833,UNCHECKED
720p,6,val_006.png,1280,720,921600,max_tree,8,ref6,2,0,82.422458,76967,76967,76967,proposed,0,0,0,0,0,0,0,1645297899183038621,165.074250,11.672833,UNCHECKED
720p,6,val_006.png,1280,720,921600,max_tree,8,proposed,2,1,95.033500,76967,76967,76967,proposed,0,0,0,0,0,0,0,1645297899183038621,165.074250,11.672833,UNCHECKED
720p,6,val_006.png,1280,720,921600,min_tree,8,proposed,0,0,93.912375,63044,63044,63044,proposed,0,0,0,0,0,0,0,10288860369216819394,159.567375,14.276958,UNCHECKED
720p,6,val_006.png,1280,720,921600,min_tree,8,ref6,0,1,80.863125,63044,63044,63044,proposed,0,0,0,0,0,0,0,10288860369216819394,159.567375,14.276958,UNCHECKED
720p,6,val_006.png,1280,720,921600,min_tree,8,ref6,1,0,79.951500,63044,63044,63044,proposed,0,0,0,0,0,0,0,10288860369216819394,159.567375,14.276958,UNCHECKED
720p,6,val_006.png,1280,720,921600,min_tree,8,proposed,1,1,100.748708,63044,63044,63044,proposed,0,0,0,0,0,0,0,10288860369216819394,159.567375,14.276958,UNCHECKED
720p,6,val_006.png,1280,720,921600,min_tree,8,proposed,2,0,100.917917,63044,63044,63044,proposed,0,0,0,0,0,0,0,10288860369216819394,159.567375,14.276958,UNCHECKED
720p,6,val_006.png,1280,720,921600,min_tree,8,ref6,2,1,80.834458,63044,63044,63044,proposed,0,0,0,0,0,0,0,10288860369216819394,159.567375,14.276958,UNCHECKED
720p,6,val_006.png,1280,720,921600,tree_of_shapes,4/8,ref5_original,0,0,1343.876000,148658,148658,148658,proposed,15126,1679,14861,14909,0,0,163,17773922183120582378,786.798625,9.497000,UNCHECKED
720p,6,val_006.png,1280,720,921600,tree_of_shapes,4/8,proposed,0,1,104.808708,148658,148658,148658,proposed,0,0,0,0,0,0,0,8529025952084513892,786.798625,9.497000,UNCHECKED
720p,6,val_006.png,1280,720,921600,tree_of_shapes,4/8,proposed,1,0,102.392125,148658,148658,148658,proposed,0,0,0,0,0,0,0,8529025952084513892,786.798625,9.497000,UNCHECKED
720p,6,val_006.png,1280,720,921600,tree_of_shapes,4/8,ref5_original,1,1,1353.156750,148658,148658,148658,proposed,15126,1679,14861,14909,0,0,163,17773922183120582378,786.798625,9.497000,UNCHECKED
720p,6,val_006.png,1280,720,921600,tree_of_shapes,4/8,ref5_original,2,0,1353.531083,148658,148658,148658,proposed,15126,1679,14861,14909,0,0,163,17773922183120582378,786.798625,9.497000,UNCHECKED
720p,6,val_006.png,1280,720,921600,tree_of_shapes,4/8,proposed,2,1,106.633750,148658,148658,148658,proposed,0,0,0,0,0,0,0,8529025952084513892,786.798625,9.497000,UNCHECKED
720p,7,val_007.png,1280,720,921600,max_tree,8,proposed,0,0,91.041500,42773,42773,42773,proposed,0,0,0,0,0,0,0,18172880643896281,149.550500,21.059500,UNCHECKED
720p,7,val_007.png,1280,720,921600,max_tree,8,ref6,0,1,90.776959,42773,42773,42773,proposed,0,0,0,0,0,0,0,18172880643896281,149.550500,21.059500,UNCHECKED
720p,7,val_007.png,1280,720,921600,max_tree,8,ref6,1,0,89.454084,42773,42773,42773,proposed,0,0,0,0,0,0,0,18172880643896281,149.550500,21.059500,UNCHECKED
720p,7,val_007.png,1280,720,921600,max_tree,8,proposed,1,1,91.350458,42773,42773,42773,proposed,0,0,0,0,0,0,0,18172880643896281,149.550500,21.059500,UNCHECKED
720p,7,val_007.png,1280,720,921600,max_tree,8,proposed,2,0,92.459584,42773,42773,42773,proposed,0,0,0,0,0,0,0,18172880643896281,149.550500,21.059500,UNCHECKED
720p,7,val_007.png,1280,720,921600,max_tree,8,ref6,2,1,85.483750,42773,42773,42773,proposed,0,0,0,0,0,0,0,18172880643896281,149.550500,21.059500,UNCHECKED
720p,7,val_007.png,1280,720,921600,min_tree,8,ref6,0,0,86.810500,33632,33632,33632,proposed,0,0,0,0,0,0,0,9453813618773249693,149.990458,28.205167,UNCHECKED
720p,7,val_007.png,1280,720,921600,min_tree,8,proposed,0,1,91.374792,33632,33632,33632,proposed,0,0,0,0,0,0,0,9453813618773249693,149.990458,28.205167,UNCHECKED
720p,7,val_007.png,1280,720,921600,min_tree,8,proposed,1,0,93.008750,33632,33632,33632,proposed,0,0,0,0,0,0,0,9453813618773249693,149.990458,28.205167,UNCHECKED
720p,7,val_007.png,1280,720,921600,min_tree,8,ref6,1,1,92.198917,33632,33632,33632,proposed,0,0,0,0,0,0,0,9453813618773249693,149.990458,28.205167,UNCHECKED
720p,7,val_007.png,1280,720,921600,min_tree,8,ref6,2,0,87.079916,33632,33632,33632,proposed,0,0,0,0,0,0,0,9453813618773249693,149.990458,28.205167,UNCHECKED
720p,7,val_007.png,1280,720,921600,min_tree,8,proposed,2,1,100.756208,33632,33632,33632,proposed,0,0,0,0,0,0,0,9453813618773249693,149.990458,28.205167,UNCHECKED
720p,7,val_007.png,1280,720,921600,tree_of_shapes,4/8,proposed,0,0,90.532000,82526,82526,82526,proposed,0,0,0,0,0,0,0,15769820842173124532,751.134958,11.866625,UNCHECKED
720p,7,val_007.png,1280,720,921600,tree_of_shapes,4/8,ref5_original,0,1,1308.874334,82526,82526,82526,proposed,7474,788,7319,7359,0,0,132,11743666218762804388,751.134958,11.866625,UNCHECKED
720p,7,val_007.png,1280,720,921600,tree_of_shapes,4/8,ref5_original,1,0,1308.952083,82526,82526,82526,proposed,7474,788,7319,7359,0,0,132,11743666218762804388,751.134958,11.866625,UNCHECKED
720p,7,val_007.png,1280,720,921600,tree_of_shapes,4/8,proposed,1,1,93.087334,82526,82526,82526,proposed,0,0,0,0,0,0,0,15769820842173124532,751.134958,11.866625,UNCHECKED
720p,7,val_007.png,1280,720,921600,tree_of_shapes,4/8,proposed,2,0,90.159875,82526,82526,82526,proposed,0,0,0,0,0,0,0,15769820842173124532,751.134958,11.866625,UNCHECKED
720p,7,val_007.png,1280,720,921600,tree_of_shapes,4/8,ref5_original,2,1,1282.967458,82526,82526,82526,proposed,7474,788,7319,7359,0,0,132,11743666218762804388,751.134958,11.866625,UNCHECKED
720p,8,val_008.png,1280,720,921600,max_tree,8,ref6,0,0,84.297917,88202,88202,88202,proposed,0,0,0,0,0,0,0,7251209555731057345,159.175125,9.760708,UNCHECKED
720p,8,val_008.png,1280,720,921600,max_tree,8,proposed,0,1,101.327792,88202,88202,88202,proposed,0,0,0,0,0,0,0,7251209555731057345,159.175125,9.760708,UNCHECKED
720p,8,val_008.png,1280,720,921600,max_tree,8,proposed,1,0,102.917834,88202,88202,88202,proposed,0,0,0,0,0,0,0,7251209555731057345,159.175125,9.760708,UNCHECKED
720p,8,val_008.png,1280,720,921600,max_tree,8,ref6,1,1,90.263917,88202,88202,88202,proposed,0,0,0,0,0,0,0,7251209555731057345,159.175125,9.760708,UNCHECKED
720p,8,val_008.png,1280,720,921600,max_tree,8,ref6,2,0,82.875542,88202,88202,88202,proposed,0,0,0,0,0,0,0,7251209555731057345,159.175125,9.760708,UNCHECKED
720p,8,val_008.png,1280,720,921600,max_tree,8,proposed,2,1,102.006083,88202,88202,88202,proposed,0,0,0,0,0,0,0,7251209555731057345,159.175125,9.760708,UNCHECKED
720p,8,val_008.png,1280,720,921600,min_tree,8,proposed,0,0,103.208750,83166,83166,83166,proposed,0,0,0,0,0,0,0,12927334524265923976,159.614792,14.933041,UNCHECKED
720p,8,val_008.png,1280,720,921600,min_tree,8,ref6,0,1,83.977375,83166,83166,83166,proposed,0,0,0,0,0,0,0,12927334524265923976,159.614792,14.933041,UNCHECKED
720p,8,val_008.png,1280,720,921600,min_tree,8,ref6,1,0,83.036208,83166,83166,83166,proposed,0,0,0,0,0,0,0,12927334524265923976,159.614792,14.933041,UNCHECKED
720p,8,val_008.png,1280,720,921600,min_tree,8,proposed,1,1,97.398083,83166,83166,83166,proposed,0,0,0,0,0,0,0,12927334524265923976,159.614792,14.933041,UNCHECKED
720p,8,val_008.png,1280,720,921600,min_tree,8,proposed,2,0,96.730500,83166,83166,83166,proposed,0,0,0,0,0,0,0,12927334524265923976,159.614792,14.933041,UNCHECKED
720p,8,val_008.png,1280,720,921600,min_tree,8,ref6,2,1,85.177584,83166,83166,83166,proposed,0,0,0,0,0,0,0,12927334524265923976,159.614792,14.933041,UNCHECKED
720p,8,val_008.png,1280,720,921600,tree_of_shapes,4/8,ref5_original,0,0,1378.644125,181425,181425,181425,proposed,20260,1831,19973,20066,0,0,208,11238374118362136623,812.539625,11.359625,UNCHECKED
720p,8,val_008.png,1280,720,921600,tree_of_shapes,4/8,proposed,0,1,115.550000,181425,181425,181425,proposed,0,0,0,0,0,0,0,9616613923615230525,812.539625,11.359625,UNCHECKED
720p,8,val_008.png,1280,720,921600,tree_of_shapes,4/8,proposed,1,0,114.143583,181425,181425,181425,proposed,0,0,0,0,0,0,0,9616613923615230525,812.539625,11.359625,UNCHECKED
720p,8,val_008.png,1280,720,921600,tree_of_shapes,4/8,ref5_original,1,1,1387.336709,181425,181425,181425,proposed,20260,1831,19973,20066,0,0,208,11238374118362136623,812.539625,11.359625,UNCHECKED
720p,8,val_008.png,1280,720,921600,tree_of_shapes,4/8,ref5_original,2,0,1388.754542,181425,181425,181425,proposed,20260,1831,19973,20066,0,0,208,11238374118362136623,812.539625,11.359625,UNCHECKED
720p,8,val_008.png,1280,720,921600,tree_of_shapes,4/8,proposed,2,1,114.235000,181425,181425,181425,proposed,0,0,0,0,0,0,0,9616613923615230525,812.539625,11.359625,UNCHECKED
720p,9,val_009.png,1280,720,921600,max_tree,8,proposed,0,0,96.859584,59698,59698,59698,proposed,0,0,0,0,0,0,0,1851428475662300586,156.484042,16.708334,UNCHECKED
720p,9,val_009.png,1280,720,921600,max_tree,8,ref6,0,1,88.280833,59698,59698,59698,proposed,0,0,0,0,0,0,0,1851428475662300586,156.484042,16.708334,UNCHECKED
720p,9,val_009.png,1280,720,921600,max_tree,8,ref6,1,0,87.543833,59698,59698,59698,proposed,0,0,0,0,0,0,0,1851428475662300586,156.484042,16.708334,UNCHECKED
720p,9,val_009.png,1280,720,921600,max_tree,8,proposed,1,1,95.086792,59698,59698,59698,proposed,0,0,0,0,0,0,0,1851428475662300586,156.484042,16.708334,UNCHECKED
720p,9,val_009.png,1280,720,921600,max_tree,8,proposed,2,0,95.988875,59698,59698,59698,proposed,0,0,0,0,0,0,0,1851428475662300586,156.484042,16.708334,UNCHECKED
720p,9,val_009.png,1280,720,921600,max_tree,8,ref6,2,1,87.993542,59698,59698,59698,proposed,0,0,0,0,0,0,0,1851428475662300586,156.484042,16.708334,UNCHECKED
720p,9,val_009.png,1280,720,921600,min_tree,8,ref6,0,0,86.415542,58409,58409,58409,proposed,0,0,0,0,0,0,0,10660915023692928518,156.245833,24.079541,UNCHECKED
720p,9,val_009.png,1280,720,921600,min_tree,8,proposed,0,1,95.614959,58409,58409,58409,proposed,0,0,0,0,0,0,0,10660915023692928518,156.245833,24.079541,UNCHECKED
720p,9,val_009.png,1280,720,921600,min_tree,8,proposed,1,0,97.119708,58409,58409,58409,proposed,0,0,0,0,0,0,0,10660915023692928518,156.245833,24.079541,UNCHECKED
720p,9,val_009.png,1280,720,921600,min_tree,8,ref6,1,1,87.477833,58409,58409,58409,proposed,0,0,0,0,0,0,0,10660915023692928518,156.245833,24.079541,UNCHECKED
720p,9,val_009.png,1280,720,921600,min_tree,8,ref6,2,0,83.776583,58409,58409,58409,proposed,0,0,0,0,0,0,0,10660915023692928518,156.245833,24.079541,UNCHECKED
720p,9,val_009.png,1280,720,921600,min_tree,8,proposed,2,1,98.975041,58409,58409,58409,proposed,0,0,0,0,0,0,0,10660915023692928518,156.245833,24.079541,UNCHECKED
720p,9,val_009.png,1280,720,921600,tree_of_shapes,4/8,proposed,0,0,102.783542,124889,124889,124889,proposed,0,0,0,0,0,0,0,3695988298417544451,784.703834,10.975333,UNCHECKED
720p,9,val_009.png,1280,720,921600,tree_of_shapes,4/8,ref5_original,0,1,1337.484375,124889,124889,124889,proposed,12789,816,12613,12693,0,0,164,4843086574000168045,784.703834,10.975333,UNCHECKED
720p,9,val_009.png,1280,720,921600,tree_of_shapes,4/8,ref5_original,1,0,1328.176583,124889,124889,124889,proposed,12789,816,12613,12693,0,0,164,4843086574000168045,784.703834,10.975333,UNCHECKED
720p,9,val_009.png,1280,720,921600,tree_of_shapes,4/8,proposed,1,1,105.744292,124889,124889,124889,proposed,0,0,0,0,0,0,0,3695988298417544451,784.703834,10.975333,UNCHECKED
720p,9,val_009.png,1280,720,921600,tree_of_shapes,4/8,proposed,2,0,103.424083,124889,124889,124889,proposed,0,0,0,0,0,0,0,3695988298417544451,784.703834,10.975333,UNCHECKED
720p,9,val_009.png,1280,720,921600,tree_of_shapes,4/8,ref5_original,2,1,1331.754334,124889,124889,124889,proposed,12789,816,12613,12693,0,0,164,4843086574000168045,784.703834,10.975333,UNCHECKED
720p,10,val_010.png,1280,720,921600,max_tree,8,ref6,0,0,88.599958,52944,52944,52944,proposed,0,0,0,0,0,0,0,13291746943703333109,157.519750,11.490833,UNCHECKED
720p,10,val_010.png,1280,720,921600,max_tree,8,proposed,0,1,90.035333,52944,52944,52944,proposed,0,0,0,0,0,0,0,13291746943703333109,157.519750,11.490833,UNCHECKED
720p,10,val_010.png,1280,720,921600,max_tree,8,proposed,1,0,91.145792,52944,52944,52944,proposed,0,0,0,0,0,0,0,13291746943703333109,157.519750,11.490833,UNCHECKED
720p,10,val_010.png,1280,720,921600,max_tree,8,ref6,1,1,86.430500,52944,52944,52944,proposed,0,0,0,0,0,0,0,13291746943703333109,157.519750,11.490833,UNCHECKED
720p,10,val_010.png,1280,720,921600,max_tree,8,ref6,2,0,87.175916,52944,52944,52944,proposed,0,0,0,0,0,0,0,13291746943703333109,157.519750,11.490833,UNCHECKED
720p,10,val_010.png,1280,720,921600,max_tree,8,proposed,2,1,101.039875,52944,52944,52944,proposed,0,0,0,0,0,0,0,13291746943703333109,157.519750,11.490833,UNCHECKED
720p,10,val_010.png,1280,720,921600,min_tree,8,proposed,0,0,91.252000,51854,51854,51854,proposed,0,0,0,0,0,0,0,11296472961103565311,158.847292,14.095708,UNCHECKED
720p,10,val_010.png,1280,720,921600,min_tree,8,ref6,0,1,82.468375,51854,51854,51854,proposed,0,0,0,0,0,0,0,11296472961103565311,158.847292,14.095708,UNCHECKED
720p,10,val_010.png,1280,720,921600,min_tree,8,ref6,1,0,87.077833,51854,51854,51854,proposed,0,0,0,0,0,0,0,11296472961103565311,158.847292,14.095708,UNCHECKED
720p,10,val_010.png,1280,720,921600,min_tree,8,proposed,1,1,91.485833,51854,51854,51854,proposed,0,0,0,0,0,0,0,11296472961103565311,158.847292,14.095708,UNCHECKED
720p,10,val_010.png,1280,720,921600,min_tree,8,proposed,2,0,91.196875,51854,51854,51854,proposed,0,0,0,0,0,0,0,11296472961103565311,158.847292,14.095708,UNCHECKED
720p,10,val_010.png,1280,720,921600,min_tree,8,ref6,2,1,88.303250,51854,51854,51854,proposed,0,0,0,0,0,0,0,11296472961103565311,158.847292,14.095708,UNCHECKED
720p,10,val_010.png,1280,720,921600,tree_of_shapes,4/8,ref5_original,0,0,1336.035166,112625,112625,112625,proposed,14496,1587,14176,14275,0,0,227,12377236381003308508,772.574042,8.521791,UNCHECKED
720p,10,val_010.png,1280,720,921600,tree_of_shapes,4/8,proposed,0,1,98.902625,112625,112625,112625,proposed,0,0,0,0,0,0,0,6815807604079309138,772.574042,8.521791,UNCHECKED
720p,10,val_010.png,1280,720,921600,tree_of_shapes,4/8,proposed,1,0,95.559834,112625,112625,112625,proposed,0,0,0,0,0,0,0,6815807604079309138,772.574042,8.521791,UNCHECKED
720p,10,val_010.png,1280,720,921600,tree_of_shapes,4/8,ref5_original,1,1,1335.404625,112625,112625,112625,proposed,14496,1587,14176,14275,0,0,227,12377236381003308508,772.574042,8.521791,UNCHECKED
720p,10,val_010.png,1280,720,921600,tree_of_shapes,4/8,ref5_original,2,0,1311.726750,112625,112625,112625,proposed,14496,1587,14176,14275,0,0,227,12377236381003308508,772.574042,8.521791,UNCHECKED
720p,10,val_010.png,1280,720,921600,tree_of_shapes,4/8,proposed,2,1,97.054000,112625,112625,112625,proposed,0,0,0,0,0,0,0,6815807604079309138,772.574042,8.521791,UNCHECKED
720p,11,val_011.png,1280,720,921600,max_tree,8,proposed,0,0,96.962917,97003,97003,97003,proposed,0,0,0,0,0,0,0,7291315412843860723,158.800375,11.004584,UNCHECKED
720p,11,val_011.png,1280,720,921600,max_tree,8,ref6,0,1,87.396750,97003,97003,97003,proposed,0,0,0,0,0,0,0,7291315412843860723,158.800375,11.004584,UNCHECKED
720p,11,val_011.png,1280,720,921600,max_tree,8,ref6,1,0,87.884667,97003,97003,97003,proposed,0,0,0,0,0,0,0,7291315412843860723,158.800375,11.004584,UNCHECKED
720p,11,val_011.png,1280,720,921600,max_tree,8,proposed,1,1,95.774375,97003,97003,97003,proposed,0,0,0,0,0,0,0,7291315412843860723,158.800375,11.004584,UNCHECKED
720p,11,val_011.png,1280,720,921600,max_tree,8,proposed,2,0,97.185500,97003,97003,97003,proposed,0,0,0,0,0,0,0,7291315412843860723,158.800375,11.004584,UNCHECKED
720p,11,val_011.png,1280,720,921600,max_tree,8,ref6,2,1,88.894791,97003,97003,97003,proposed,0,0,0,0,0,0,0,7291315412843860723,158.800375,11.004584,UNCHECKED
720p,11,val_011.png,1280,720,921600,min_tree,8,ref6,0,0,83.757541,64874,64874,64874,proposed,0,0,0,0,0,0,0,7248562220782952797,167.406333,19.143917,UNCHECKED
720p,11,val_011.png,1280,720,921600,min_tree,8,proposed,0,1,95.983250,64874,64874,64874,proposed,0,0,0,0,0,0,0,7248562220782952797,167.406333,19.143917,UNCHECKED
720p,11,val_011.png,1280,720,921600,min_tree,8,proposed,1,0,96.677292,64874,64874,64874,proposed,0,0,0,0,0,0,0,7248562220782952797,167.406333,19.143917,UNCHECKED
720p,11,val_011.png,1280,720,921600,min_tree,8,ref6,1,1,82.050625,64874,64874,64874,proposed,0,0,0,0,0,0,0,7248562220782952797,167.406333,19.143917,UNCHECKED
720p,11,val_011.png,1280,720,921600,min_tree,8,ref6,2,0,80.966500,64874,64874,64874,proposed,0,0,0,0,0,0,0,7248562220782952797,167.406333,19.143917,UNCHECKED
720p,11,val_011.png,1280,720,921600,min_tree,8,proposed,2,1,96.664583,64874,64874,64874,proposed,0,0,0,0,0,0,0,7248562220782952797,167.406333,19.143917,UNCHECKED
720p,11,val_011.png,1280,720,921600,tree_of_shapes,4/8,proposed,0,0,123.697000,173640,173640,173640,proposed,0,0,0,0,0,0,0,14633487951753057836,813.729708,10.763625,UNCHECKED
720p,11,val_011.png,1280,720,921600,tree_of_shapes,4/8,ref5_original,0,1,1358.352166,173640,173640,173640,proposed,16581,1856,16255,16284,0,0,352,7950505802782012162,813.729708,10.763625,UNCHECKED
720p,11,val_011.png,1280,720,921600,tree_of_shapes,4/8,ref5_original,1,0,1348.013625,173640,173640,173640,proposed,16581,1856,16255,16284,0,0,352,7950505802782012162,813.729708,10.763625,UNCHECKED
720p,11,val_011.png,1280,720,921600,tree_of_shapes,4/8,proposed,1,1,116.932167,173640,173640,173640,proposed,0,0,0,0,0,0,0,14633487951753057836,813.729708,10.763625,UNCHECKED
720p,11,val_011.png,1280,720,921600,tree_of_shapes,4/8,proposed,2,0,121.538708,173640,173640,173640,proposed,0,0,0,0,0,0,0,14633487951753057836,813.729708,10.763625,UNCHECKED
720p,11,val_011.png,1280,720,921600,tree_of_shapes,4/8,ref5_original,2,1,1382.379291,173640,173640,173640,proposed,16581,1856,16255,16284,0,0,352,7950505802782012162,813.729708,10.763625,UNCHECKED
720p,12,val_012.png,1280,720,921600,max_tree,8,ref6,0,0,88.019208,58746,58746,58746,proposed,0,0,0,0,0,0,0,18036298997930272816,161.589250,15.173500,UNCHECKED
720p,12,val_012.png,1280,720,921600,max_tree,8,proposed,0,1,100.565417,58746,58746,58746,proposed,0,0,0,0,0,0,0,18036298997930272816,161.589250,15.173500,UNCHECKED
720p,12,val_012.png,1280,720,921600,max_tree,8,proposed,1,0,99.652333,58746,58746,58746,proposed,0,0,0,0,0,0,0,18036298997930272816,161.589250,15.173500,UNCHECKED
720p,12,val_012.png,1280,720,921600,max_tree,8,ref6,1,1,85.959042,58746,58746,58746,proposed,0,0,0,0,0,0,0,18036298997930272816,161.589250,15.173500,UNCHECKED
720p,12,val_012.png,1280,720,921600,max_tree,8,ref6,2,0,86.348250,58746,58746,58746,proposed,0,0,0,0,0,0,0,18036298997930272816,161.589250,15.173500,UNCHECKED
720p,12,val_012.png,1280,720,921600,max_tree,8,proposed,2,1,100.156875,58746,58746,58746,proposed,0,0,0,0,0,0,0,18036298997930272816,161.589250,15.173500,UNCHECKED
720p,12,val_012.png,1280,720,921600,min_tree,8,proposed,0,0,93.320792,56404,56404,56404,proposed,0,0,0,0,0,0,0,1602526723110395574,155.805667,21.046041,UNCHECKED
720p,12,val_012.png,1280,720,921600,min_tree,8,ref6,0,1,86.770542,56404,56404,56404,proposed,0,0,0,0,0,0,0,1602526723110395574,155.805667,21.046041,UNCHECKED
720p,12,val_012.png,1280,720,921600,min_tree,8,ref6,1,0,85.967125,56404,56404,56404,proposed,0,0,0,0,0,0,0,1602526723110395574,155.805667,21.046041,UNCHECKED
720p,12,val_012.png,1280,720,921600,min_tree,8,proposed,1,1,93.611959,56404,56404,56404,proposed,0,0,0,0,0,0,0,1602526723110395574,155.805667,21.046041,UNCHECKED
720p,12,val_012.png,1280,720,921600,min_tree,8,proposed,2,0,93.632333,56404,56404,56404,proposed,0,0,0,0,0,0,0,1602526723110395574,155.805667,21.046041,UNCHECKED
720p,12,val_012.png,1280,720,921600,min_tree,8,ref6,2,1,89.592958,56404,56404,56404,proposed,0,0,0,0,0,0,0,1602526723110395574,155.805667,21.046041,UNCHECKED
720p,12,val_012.png,1280,720,921600,tree_of_shapes,4/8,ref5_original,0,0,1321.346666,119401,119401,119401,proposed,13755,1099,13570,13604,0,0,113,3380719861241793430,758.724167,10.627125,UNCHECKED
720p,12,val_012.png,1280,720,921600,tree_of_shapes,4/8,proposed,0,1,96.671041,119401,119401,119401,proposed,0,0,0,0,0,0,0,7170494443447267855,758.724167,10.627125,UNCHECKED
720p,12,val_012.png,1280,720,921600,tree_of_shapes,4/8,proposed,1,0,93.771667,119401,119401,119401,proposed,0,0,0,0,0,0,0,7170494443447267855,758.724167,10.627125,UNCHECKED
720p,12,val_012.png,1280,720,921600,tree_of_shapes,4/8,ref5_original,1,1,1312.940208,119401,119401,119401,proposed,13755,1099,13570,13604,0,0,113,3380719861241793430,758.724167,10.627125,UNCHECKED
720p,12,val_012.png,1280,720,921600,tree_of_shapes,4/8,ref5_original,2,0,1319.822084,119401,119401,119401,proposed,13755,1099,13570,13604,0,0,113,3380719861241793430,758.724167,10.627125,UNCHECKED
720p,12,val_012.png,1280,720,921600,tree_of_shapes,4/8,proposed,2,1,96.966291,119401,119401,119401,proposed,0,0,0,0,0,0,0,7170494443447267855,758.724167,10.627125,UNCHECKED
720p,13,val_013.png,1280,720,921600,max_tree,8,proposed,0,0,91.697625,53109,53109,53109,proposed,0,0,0,0,0,0,0,4816607873686428604,148.465333,18.380167,UNCHECKED
720p,13,val_013.png,1280,720,921600,max_tree,8,ref6,0,1,83.423708,53109,53109,53109,proposed,0,0,0,0,0,0,0,4816607873686428604,148.465333,18.380167,UNCHECKED
720p,13,val_013.png,1280,720,921600,max_tree,8,ref6,1,0,84.117208,53109,53109,53109,proposed,0,0,0,0,0,0,0,4816607873686428604,148.465333,18.380167,UNCHECKED
720p,13,val_013.png,1280,720,921600,max_tree,8,proposed,1,1,92.037166,53109,53109,53109,proposed,0,0,0,0,0,0,0,4816607873686428604,148.465333,18.380167,UNCHECKED
720p,13,val_013.png,1280,720,921600,max_tree,8,proposed,2,0,91.703334,53109,53109,53109,proposed,0,0,0,0,0,0,0,4816607873686428604,148.465333,18.380167,UNCHECKED
720p,13,val_013.png,1280,720,921600,max_tree,8,ref6,2,1,82.702708,53109,53109,53109,proposed,0,0,0,0,0,0,0,4816607873686428604,148.465333,18.380167,UNCHECKED
720p,13,val_013.png,1280,720,921600,min_tree,8,ref6,0,0,90.182750,42637,42637,42637,proposed,0,0,0,0,0,0,0,435975422097370587,156.149375,24.165000,UNCHECKED
720p,13,val_013.png,1280,720,921600,min_tree,8,proposed,0,1,89.354583,42637,42637,42637,proposed,0,0,0,0,0,0,0,435975422097370587,156.149375,24.165000,UNCHECKED
720p,13,val_013.png,1280,720,921600,min_tree,8,proposed,1,0,90.402708,42637,42637,42637,proposed,0,0,0,0,0,0,0,435975422097370587,156.149375,24.165000,UNCHECKED
720p,13,val_013.png,1280,720,921600,min_tree,8,ref6,1,1,85.642666,42637,42637,42637,proposed,0,0,0,0,0,0,0,435975422097370587,156.149375,24.165000,UNCHECKED
720p,13,val_013.png,1280,720,921600,min_tree,8,ref6,2,0,83.654334,42637,42637,42637,proposed,0,0,0,0,0,0,0,435975422097370587,156.149375,24.165000,UNCHECKED
720p,13,val_013.png,1280,720,921600,min_tree,8,proposed,2,1,91.982917,42637,42637,42637,proposed,0,0,0,0,0,0,0,435975422097370587,156.149375,24.165000,UNCHECKED
720p,13,val_013.png,1280,720,921600,tree_of_shapes,4/8,proposed,0,0,96.153291,106113,106113,106113,proposed,0,0,0,0,0,0,0,4472668265633045001,757.547750,10.061625,UNCHECKED
720p,13,val_013.png,1280,720,921600,tree_of_shapes,4/8,ref5_original,0,1,1321.095083,106113,106113,106113,proposed,9249,1014,9043,9113,0,0,330,4402085402487809596,757.547750,10.061625,UNCHECKED
720p,13,val_013.png,1280,720,921600,tree_of_shapes,4/8,ref5_original,1,0,1322.013208,106113,106113,106113,proposed,9249,1014,9043,9113,0,0,330,4402085402487809596,757.547750,10.061625,UNCHECKED
720p,13,val_013.png,1280,720,921600,tree_of_shapes,4/8,proposed,1,1,95.035625,106113,106113,106113,proposed,0,0,0,0,0,0,0,4472668265633045001,757.547750,10.061625,UNCHECKED
720p,13,val_013.png,1280,720,921600,tree_of_shapes,4/8,proposed,2,0,92.219958,106113,106113,106113,proposed,0,0,0,0,0,0,0,4472668265633045001,757.547750,10.061625,UNCHECKED
720p,13,val_013.png,1280,720,921600,tree_of_shapes,4/8,ref5_original,2,1,1326.694083,106113,106113,106113,proposed,9249,1014,9043,9113,0,0,330,4402085402487809596,757.547750,10.061625,UNCHECKED
720p,14,val_014.png,1280,720,921600,max_tree,8,ref6,0,0,91.190667,135061,135061,135061,proposed,0,0,0,0,0,0,0,8802929860721933068,181.172125,8.684292,UNCHECKED
720p,14,val_014.png,1280,720,921600,max_tree,8,proposed,0,1,107.155250,135061,135061,135061,proposed,0,0,0,0,0,0,0,8802929860721933068,181.172125,8.684292,UNCHECKED
720p,14,val_014.png,1280,720,921600,max_tree,8,proposed,1,0,105.796125,135061,135061,135061,proposed,0,0,0,0,0,0,0,8802929860721933068,181.172125,8.684292,UNCHECKED
720p,14,val_014.png,1280,720,921600,max_tree,8,ref6,1,1,88.734125,135061,135061,135061,proposed,0,0,0,0,0,0,0,8802929860721933068,181.172125,8.684292,UNCHECKED
720p,14,val_014.png,1280,720,921600,max_tree,8,ref6,2,0,85.461167,135061,135061,135061,proposed,0,0,0,0,0,0,0,8802929860721933068,181.172125,8.684292,UNCHECKED
720p,14,val_014.png,1280,720,921600,max_tree,8,proposed,2,1,106.352959,135061,135061,135061,proposed,0,0,0,0,0,0,0,8802929860721933068,181.172125,8.684292,UNCHECKED
720p,14,val_014.png,1280,720,921600,min_tree,8,proposed,0,0,100.433208,101569,101569,101569,proposed,0,0,0,0,0,0,0,13428816708843512725,179.919958,8.719833,UNCHECKED
720p,14,val_014.png,1280,720,921600,min_tree,8,ref6,0,1,95.191583,101569,101569,101569,proposed,0,0,0,0,0,0,0,13428816708843512725,179.919958,8.719833,UNCHECKED
720p,14,val_014.png,1280,720,921600,min_tree,8,ref6,1,0,85.289666,101569,101569,101569,proposed,0,0,0,0,0,0,0,13428816708843512725,179.919958,8.719833,UNCHECKED
720p,14,val_014.png,1280,720,921600,min_tree,8,proposed,1,1,104.687750,101569,101569,101569,proposed,0,0,0,0,0,0,0,13428816708843512725,179.919958,8.719833,UNCHECKED
720p,14,val_014.png,1280,720,921600,min_tree,8,proposed,2,0,106.714000,101569,101569,101569,proposed,0,0,0,0,0,0,0,13428816708843512725,179.919958,8.719833,UNCHECKED
720p,14,val_014.png,1280,720,921600,min_tree,8,ref6,2,1,87.252083,101569,101569,101569,proposed,0,0,0,0,0,0,0,13428816708843512725,179.919958,8.719833,UNCHECKED
720p,14,val_014.png,1280,720,921600,tree_of_shapes,4/8,ref5_original,0,0,1494.027875,253579,253579,253579,proposed,30663,3929,30103,30088,0,0,544,9879356935524170040,931.957583,14.411125,UNCHECKED
720p,14,val_014.png,1280,720,921600,tree_of_shapes,4/8,proposed,0,1,143.638042,253579,253579,253579,proposed,0,0,0,0,0,0,0,14429776502695176250,931.957583,14.411125,UNCHECKED
720p,14,val_014.png,1280,720,921600,tree_of_shapes,4/8,proposed,1,0,141.281834,253579,253579,253579,proposed,0,0,0,0,0,0,0,14429776502695176250,931.957583,14.411125,UNCHECKED
720p,14,val_014.png,1280,720,921600,tree_of_shapes,4/8,ref5_original,1,1,1474.257500,253579,253579,253579,proposed,30663,3929,30103,30088,0,0,544,9879356935524170040,931.957583,14.411125,UNCHECKED
720p,14,val_014.png,1280,720,921600,tree_of_shapes,4/8,ref5_original,2,0,1431.087250,253579,253579,253579,proposed,30663,3929,30103,30088,0,0,544,9879356935524170040,931.957583,14.411125,UNCHECKED
720p,14,val_014.png,1280,720,921600,tree_of_shapes,4/8,proposed,2,1,139.025792,253579,253579,253579,proposed,0,0,0,0,0,0,0,14429776502695176250,931.957583,14.411125,UNCHECKED
720p,15,val_015.png,1280,720,921600,max_tree,8,proposed,0,0,111.213292,149529,149529,149529,proposed,0,0,0,0,0,0,0,4459313502283307285,178.196458,12.433167,UNCHECKED
720p,15,val_015.png,1280,720,921600,max_tree,8,ref6,0,1,92.821167,149529,149529,149529,proposed,0,0,0,0,0,0,0,4459313502283307285,178.196458,12.433167,UNCHECKED
720p,15,val_015.png,1280,720,921600,max_tree,8,ref6,1,0,91.172541,149529,149529,149529,proposed,0,0,0,0,0,0,0,4459313502283307285,178.196458,12.433167,UNCHECKED
720p,15,val_015.png,1280,720,921600,max_tree,8,proposed,1,1,108.017750,149529,149529,149529,proposed,0,0,0,0,0,0,0,4459313502283307285,178.196458,12.433167,UNCHECKED
720p,15,val_015.png,1280,720,921600,max_tree,8,proposed,2,0,103.797042,149529,149529,149529,proposed,0,0,0,0,0,0,0,4459313502283307285,178.196458,12.433167,UNCHECKED
720p,15,val_015.png,1280,720,921600,max_tree,8,ref6,2,1,92.108834,149529,149529,149529,proposed,0,0,0,0,0,0,0,4459313502283307285,178.196458,12.433167,UNCHECKED
720p,15,val_015.png,1280,720,921600,min_tree,8,ref6,0,0,86.871334,91191,91191,91191,proposed,0,0,0,0,0,0,0,10735830172394499260,173.992875,16.009250,UNCHECKED
720p,15,val_015.png,1280,720,921600,min_tree,8,proposed,0,1,102.428583,91191,91191,91191,proposed,0,0,0,0,0,0,0,10735830172394499260,173.992875,16.009250,UNCHECKED
720p,15,val_015.png,1280,720,921600,min_tree,8,proposed,1,0,101.589208,91191,91191,91191,proposed,0,0,0,0,0,0,0,10735830172394499260,173.992875,16.009250,UNCHECKED
720p,15,val_015.png,1280,720,921600,min_tree,8,ref6,1,1,87.223667,91191,91191,91191,proposed,0,0,0,0,0,0,0,10735830172394499260,173.992875,16.009250,UNCHECKED
720p,15,val_015.png,1280,720,921600,min_tree,8,ref6,2,0,91.194500,91191,91191,91191,proposed,0,0,0,0,0,0,0,10735830172394499260,173.992875,16.009250,UNCHECKED
720p,15,val_015.png,1280,720,921600,min_tree,8,proposed,2,1,108.140833,91191,91191,91191,proposed,0,0,0,0,0,0,0,10735830172394499260,173.992875,16.009250,UNCHECKED
720p,15,val_015.png,1280,720,921600,tree_of_shapes,4/8,proposed,0,0,142.591958,261603,261603,261603,proposed,0,0,0,0,0,0,0,8682069980532859532,922.404500,15.643458,UNCHECKED
720p,15,val_015.png,1280,720,921600,tree_of_shapes,4/8,ref5_original,0,1,1414.266959,261603,261603,261603,proposed,27569,2688,27166,27153,0,0,332,18383636559948969388,922.404500,15.643458,UNCHECKED
720p,15,val_015.png,1280,720,921600,tree_of_shapes,4/8,ref5_original,1,0,1425.901083,261603,261603,261603,proposed,27569,2688,27166,27153,0,0,332,18383636559948969388,922.404500,15.643458,UNCHECKED
720p,15,val_015.png,1280,720,921600,tree_of_shapes,4/8,proposed,1,1,138.835917,261603,261603,261603,proposed,0,0,0,0,0,0,0,8682069980532859532,922.404500,15.643458,UNCHECKED
720p,15,val_015.png,1280,720,921600,tree_of_shapes,4/8,proposed,2,0,138.075458,261603,261603,261603,proposed,0,0,0,0,0,0,0,8682069980532859532,922.404500,15.643458,UNCHECKED
720p,15,val_015.png,1280,720,921600,tree_of_shapes,4/8,ref5_original,2,1,1410.671334,261603,261603,261603,proposed,27569,2688,27166,27153,0,0,332,18383636559948969388,922.404500,15.643458,UNCHECKED
720p,16,val_016.png,1280,720,921600,max_tree,8,ref6,0,0,81.861042,35557,35557,35557,proposed,0,0,0,0,0,0,0,5705471442960222418,145.388458,24.742041,UNCHECKED
720p,16,val_016.png,1280,720,921600,max_tree,8,proposed,0,1,91.613333,35557,35557,35557,proposed,0,0,0,0,0,0,0,5705471442960222418,145.388458,24.742041,UNCHECKED
720p,16,val_016.png,1280,720,921600,max_tree,8,proposed,1,0,91.260958,35557,35557,35557,proposed,0,0,0,0,0,0,0,5705471442960222418,145.388458,24.742041,UNCHECKED
720p,16,val_016.png,1280,720,921600,max_tree,8,ref6,1,1,81.770209,35557,35557,35557,proposed,0,0,0,0,0,0,0,5705471442960222418,145.388458,24.742041,UNCHECKED
720p,16,val_016.png,1280,720,921600,max_tree,8,ref6,2,0,81.456708,35557,35557,35557,proposed,0,0,0,0,0,0,0,5705471442960222418,145.388458,24.742041,UNCHECKED
720p,16,val_016.png,1280,720,921600,max_tree,8,proposed,2,1,85.381500,35557,35557,35557,proposed,0,0,0,0,0,0,0,5705471442960222418,145.388458,24.742041,UNCHECKED
720p,16,val_016.png,1280,720,921600,min_tree,8,proposed,0,0,84.595417,32148,32148,32148,proposed,0,0,0,0,0,0,0,18143978767597045449,146.726666,29.753875,UNCHECKED
720p,16,val_016.png,1280,720,921600,min_tree,8,ref6,0,1,81.056375,32148,32148,32148,proposed,0,0,0,0,0,0,0,18143978767597045449,146.726666,29.753875,UNCHECKED
720p,16,val_016.png,1280,720,921600,min_tree,8,ref6,1,0,82.048250,32148,32148,32148,proposed,0,0,0,0,0,0,0,18143978767597045449,146.726666,29.753875,UNCHECKED
720p,16,val_016.png,1280,720,921600,min_tree,8,proposed,1,1,92.463709,32148,32148,32148,proposed,0,0,0,0,0,0,0,18143978767597045449,146.726666,29.753875,UNCHECKED
720p,16,val_016.png,1280,720,921600,min_tree,8,proposed,2,0,92.250083,32148,32148,32148,proposed,0,0,0,0,0,0,0,18143978767597045449,146.726666,29.753875,UNCHECKED
720p,16,val_016.png,1280,720,921600,min_tree,8,ref6,2,1,82.416208,32148,32148,32148,proposed,0,0,0,0,0,0,0,18143978767597045449,146.726666,29.753875,UNCHECKED
720p,16,val_016.png,1280,720,921600,tree_of_shapes,4/8,ref5_original,0,0,1288.460916,74336,74336,74336,proposed,7266,798,7151,7156,0,0,186,8806454242643590099,741.513167,16.212833,UNCHECKED
720p,16,val_016.png,1280,720,921600,tree_of_shapes,4/8,proposed,0,1,91.510250,74336,74336,74336,proposed,0,0,0,0,0,0,0,14453017008882159976,741.513167,16.212833,UNCHECKED
720p,16,val_016.png,1280,720,921600,tree_of_shapes,4/8,proposed,1,0,93.019000,74336,74336,74336,proposed,0,0,0,0,0,0,0,14453017008882159976,741.513167,16.212833,UNCHECKED
720p,16,val_016.png,1280,720,921600,tree_of_shapes,4/8,ref5_original,1,1,1272.228084,74336,74336,74336,proposed,7266,798,7151,7156,0,0,186,8806454242643590099,741.513167,16.212833,UNCHECKED
720p,16,val_016.png,1280,720,921600,tree_of_shapes,4/8,ref5_original,2,0,1256.352583,74336,74336,74336,proposed,7266,798,7151,7156,0,0,186,8806454242643590099,741.513167,16.212833,UNCHECKED
720p,16,val_016.png,1280,720,921600,tree_of_shapes,4/8,proposed,2,1,87.124666,74336,74336,74336,proposed,0,0,0,0,0,0,0,14453017008882159976,741.513167,16.212833,UNCHECKED
720p,17,val_017.png,1280,720,921600,max_tree,8,proposed,0,0,103.319959,60481,60481,60481,proposed,0,0,0,0,0,0,0,14175307769053840098,154.994667,16.175458,UNCHECKED
720p,17,val_017.png,1280,720,921600,max_tree,8,ref6,0,1,84.715584,60481,60481,60481,proposed,0,0,0,0,0,0,0,14175307769053840098,154.994667,16.175458,UNCHECKED
720p,17,val_017.png,1280,720,921600,max_tree,8,ref6,1,0,83.109292,60481,60481,60481,proposed,0,0,0,0,0,0,0,14175307769053840098,154.994667,16.175458,UNCHECKED
720p,17,val_017.png,1280,720,921600,max_tree,8,proposed,1,1,103.699958,60481,60481,60481,proposed,0,0,0,0,0,0,0,14175307769053840098,154.994667,16.175458,UNCHECKED
720p,17,val_017.png,1280,720,921600,max_tree,8,proposed,2,0,102.993500,60481,60481,60481,proposed,0,0,0,0,0,0,0,14175307769053840098,154.994667,16.175458,UNCHECKED
720p,17,val_017.png,1280,720,921600,max_tree,8,ref6,2,1,88.839916,60481,60481,60481,proposed,0,0,0,0,0,0,0,14175307769053840098,154.994667,16.175458,UNCHECKED
720p,17,val_017.png,1280,720,921600,min_tree,8,ref6,0,0,84.313292,43905,43905,43905,proposed,0,0,0,0,0,0,0,2226214135703985166,153.832667,23.687166,UNCHECKED
720p,17,val_017.png,1280,720,921600,min_tree,8,proposed,0,1,102.549083,43905,43905,43905,proposed,0,0,0,0,0,0,0,2226214135703985166,153.832667,23.687166,UNCHECKED
720p,17,val_017.png,1280,720,921600,min_tree,8,proposed,1,0,102.923500,43905,43905,43905,proposed,0,0,0,0,0,0,0,2226214135703985166,153.832667,23.687166,UNCHECKED
720p,17,val_017.png,1280,720,921600,min_tree,8,ref6,1,1,82.677875,43905,43905,43905,proposed,0,0,0,0,0,0,0,2226214135703985166,153.832667,23.687166,UNCHECKED
720p,17,val_017.png,1280,720,921600,min_tree,8,ref6,2,0,82.850750,43905,43905,43905,proposed,0,0,0,0,0,0,0,2226214135703985166,153.832667,23.687166,UNCHECKED
720p,17,val_017.png,1280,720,921600,min_tree,8,proposed,2,1,102.312916,43905,43905,43905,proposed,0,0,0,0,0,0,0,2226214135703985166,153.832667,23.687166,UNCHECKED
720p,17,val_017.png,1280,720,921600,tree_of_shapes,4/8,proposed,0,0,99.439250,110746,110746,110746,proposed,0,0,0,0,0,0,0,7137704590319131000,776.993084,10.821250,UNCHECKED
720p,17,val_017.png,1280,720,921600,tree_of_shapes,4/8,ref5_original,0,1,1325.100375,110746,110746,110746,proposed,10613,919,10435,10498,0,0,127,2071977007262920915,776.993084,10.821250,UNCHECKED
720p,17,val_017.png,1280,720,921600,tree_of_shapes,4/8,ref5_original,1,0,1321.279042,110746,110746,110746,proposed,10613,919,10435,10498,0,0,127,2071977007262920915,776.993084,10.821250,UNCHECKED
720p,17,val_017.png,1280,720,921600,tree_of_shapes,4/8,proposed,1,1,98.764083,110746,110746,110746,proposed,0,0,0,0,0,0,0,7137704590319131000,776.993084,10.821250,UNCHECKED
720p,17,val_017.png,1280,720,921600,tree_of_shapes,4/8,proposed,2,0,96.178334,110746,110746,110746,proposed,0,0,0,0,0,0,0,7137704590319131000,776.993084,10.821250,UNCHECKED
720p,17,val_017.png,1280,720,921600,tree_of_shapes,4/8,ref5_original,2,1,1327.948334,110746,110746,110746,proposed,10613,919,10435,10498,0,0,127,2071977007262920915,776.993084,10.821250,UNCHECKED
720p,18,val_018.png,1280,720,921600,max_tree,8,ref6,0,0,85.446500,40268,40268,40268,proposed,0,0,0,0,0,0,0,17379125375018417123,154.125334,26.164834,UNCHECKED
720p,18,val_018.png,1280,720,921600,max_tree,8,proposed,0,1,93.321083,40268,40268,40268,proposed,0,0,0,0,0,0,0,17379125375018417123,154.125334,26.164834,UNCHECKED
720p,18,val_018.png,1280,720,921600,max_tree,8,proposed,1,0,93.030750,40268,40268,40268,proposed,0,0,0,0,0,0,0,17379125375018417123,154.125334,26.164834,UNCHECKED
720p,18,val_018.png,1280,720,921600,max_tree,8,ref6,1,1,91.736875,40268,40268,40268,proposed,0,0,0,0,0,0,0,17379125375018417123,154.125334,26.164834,UNCHECKED
720p,18,val_018.png,1280,720,921600,max_tree,8,ref6,2,0,90.917333,40268,40268,40268,proposed,0,0,0,0,0,0,0,17379125375018417123,154.125334,26.164834,UNCHECKED
720p,18,val_018.png,1280,720,921600,max_tree,8,proposed,2,1,93.288959,40268,40268,40268,proposed,0,0,0,0,0,0,0,17379125375018417123,154.125334,26.164834,UNCHECKED
720p,18,val_018.png,1280,720,921600,min_tree,8,proposed,0,0,93.762666,33878,33878,33878,proposed,0,0,0,0,0,0,0,14463502637450942981,153.963209,29.070125,UNCHECKED
720p,18,val_018.png,1280,720,921600,min_tree,8,ref6,0,1,87.412750,33878,33878,33878,proposed,0,0,0,0,0,0,0,14463502637450942981,153.963209,29.070125,UNCHECKED
720p,18,val_018.png,1280,720,921600,min_tree,8,ref6,1,0,87.440000,33878,33878,33878,proposed,0,0,0,0,0,0,0,14463502637450942981,153.963209,29.070125,UNCHECKED
720p,18,val_018.png,1280,720,921600,min_tree,8,proposed,1,1,94.360834,33878,33878,33878,proposed,0,0,0,0,0,0,0,14463502637450942981,153.963209,29.070125,UNCHECKED
720p,18,val_018.png,1280,720,921600,min_tree,8,proposed,2,0,93.630041,33878,33878,33878,proposed,0,0,0,0,0,0,0,14463502637450942981,153.963209,29.070125,UNCHECKED
720p,18,val_018.png,1280,720,921600,min_tree,8,ref6,2,1,86.459666,33878,33878,33878,proposed,0,0,0,0,0,0,0,14463502637450942981,153.963209,29.070125,UNCHECKED
720p,18,val_018.png,1280,720,921600,tree_of_shapes,4/8,ref5_original,0,0,1327.823833,80566,80566,80566,proposed,6112,758,5911,5998,0,0,205,3909728115861708851,769.274416,12.487708,UNCHECKED
720p,18,val_018.png,1280,720,921600,tree_of_shapes,4/8,proposed,0,1,95.800250,80566,80566,80566,proposed,0,0,0,0,0,0,0,6669996746865829813,769.274416,12.487708,UNCHECKED
720p,18,val_018.png,1280,720,921600,tree_of_shapes,4/8,proposed,1,0,93.384166,80566,80566,80566,proposed,0,0,0,0,0,0,0,6669996746865829813,769.274416,12.487708,UNCHECKED
720p,18,val_018.png,1280,720,921600,tree_of_shapes,4/8,ref5_original,1,1,1322.491708,80566,80566,80566,proposed,6112,758,5911,5998,0,0,205,3909728115861708851,769.274416,12.487708,UNCHECKED
720p,18,val_018.png,1280,720,921600,tree_of_shapes,4/8,ref5_original,2,0,1333.832958,80566,80566,80566,proposed,6112,758,5911,5998,0,0,205,3909728115861708851,769.274416,12.487708,UNCHECKED
720p,18,val_018.png,1280,720,921600,tree_of_shapes,4/8,proposed,2,1,96.006708,80566,80566,80566,proposed,0,0,0,0,0,0,0,6669996746865829813,769.274416,12.487708,UNCHECKED
720p,19,val_019.png,1280,720,921600,max_tree,8,proposed,0,0,99.006459,84506,84506,84506,proposed,0,0,0,0,0,0,0,1550498917654327237,172.248709,11.092166,UNCHECKED
720p,19,val_019.png,1280,720,921600,max_tree,8,ref6,0,1,87.235375,84506,84506,84506,proposed,0,0,0,0,0,0,0,1550498917654327237,172.248709,11.092166,UNCHECKED
720p,19,val_019.png,1280,720,921600,max_tree,8,ref6,1,0,86.725042,84506,84506,84506,proposed,0,0,0,0,0,0,0,1550498917654327237,172.248709,11.092166,UNCHECKED
720p,19,val_019.png,1280,720,921600,max_tree,8,proposed,1,1,105.709875,84506,84506,84506,proposed,0,0,0,0,0,0,0,1550498917654327237,172.248709,11.092166,UNCHECKED
720p,19,val_019.png,1280,720,921600,max_tree,8,proposed,2,0,102.586375,84506,84506,84506,proposed,0,0,0,0,0,0,0,1550498917654327237,172.248709,11.092166,UNCHECKED
720p,19,val_019.png,1280,720,921600,max_tree,8,ref6,2,1,89.391708,84506,84506,84506,proposed,0,0,0,0,0,0,0,1550498917654327237,172.248709,11.092166,UNCHECKED
720p,19,val_019.png,1280,720,921600,min_tree,8,ref6,0,0,84.321750,78319,78319,78319,proposed,0,0,0,0,0,0,0,17267519908978961059,164.503250,11.187792,UNCHECKED
720p,19,val_019.png,1280,720,921600,min_tree,8,proposed,0,1,97.049583,78319,78319,78319,proposed,0,0,0,0,0,0,0,17267519908978961059,164.503250,11.187792,UNCHECKED
720p,19,val_019.png,1280,720,921600,min_tree,8,proposed,1,0,97.635083,78319,78319,78319,proposed,0,0,0,0,0,0,0,17267519908978961059,164.503250,11.187792,UNCHECKED
720p,19,val_019.png,1280,720,921600,min_tree,8,ref6,1,1,83.048375,78319,78319,78319,proposed,0,0,0,0,0,0,0,17267519908978961059,164.503250,11.187792,UNCHECKED
720p,19,val_019.png,1280,720,921600,min_tree,8,ref6,2,0,83.255375,78319,78319,78319,proposed,0,0,0,0,0,0,0,17267519908978961059,164.503250,11.187792,UNCHECKED
720p,19,val_019.png,1280,720,921600,min_tree,8,proposed,2,1,97.928459,78319,78319,78319,proposed,0,0,0,0,0,0,0,17267519908978961059,164.503250,11.187792,UNCHECKED
720p,19,val_019.png,1280,720,921600,tree_of_shapes,4/8,proposed,0,0,114.086667,174630,174630,174630,proposed,0,0,0,0,0,0,0,9067424341842179167,825.379416,10.014917,UNCHECKED
720p,19,val_019.png,1280,720,921600,tree_of_shapes,4/8,ref5_original,0,1,1392.528333,174630,174630,174630,proposed,19121,2145,18777,18853,0,0,183,10701720937627498014,825.379416,10.014917,UNCHECKED
720p,19,val_019.png,1280,720,921600,tree_of_shapes,4/8,ref5_original,1,0,1365.712958,174630,174630,174630,proposed,19121,2145,18777,18853,0,0,183,10701720937627498014,825.379416,10.014917,UNCHECKED
720p,19,val_019.png,1280,720,921600,tree_of_shapes,4/8,proposed,1,1,114.626375,174630,174630,174630,proposed,0,0,0,0,0,0,0,9067424341842179167,825.379416,10.014917,UNCHECKED
720p,19,val_019.png,1280,720,921600,tree_of_shapes,4/8,proposed,2,0,114.477459,174630,174630,174630,proposed,0,0,0,0,0,0,0,9067424341842179167,825.379416,10.014917,UNCHECKED
720p,19,val_019.png,1280,720,921600,tree_of_shapes,4/8,ref5_original,2,1,1356.495500,174630,174630,174630,proposed,19121,2145,18777,18853,0,0,183,10701720937627498014,825.379416,10.014917,UNCHECKED
720p,20,val_020.png,1280,720,921600,max_tree,8,ref6,0,0,87.669167,86263,86263,86263,proposed,0,0,0,0,0,0,0,9645572634896976178,158.704041,14.624125,UNCHECKED
720p,20,val_020.png,1280,720,921600,max_tree,8,proposed,0,1,90.745583,86263,86263,86263,proposed,0,0,0,0,0,0,0,9645572634896976178,158.704041,14.624125,UNCHECKED
720p,20,val_020.png,1280,720,921600,max_tree,8,proposed,1,0,91.069334,86263,86263,86263,proposed,0,0,0,0,0,0,0,9645572634896976178,158.704041,14.624125,UNCHECKED
720p,20,val_020.png,1280,720,921600,max_tree,8,ref6,1,1,98.560042,86263,86263,86263,proposed,0,0,0,0,0,0,0,9645572634896976178,158.704041,14.624125,UNCHECKED
720p,20,val_020.png,1280,720,921600,max_tree,8,ref6,2,0,95.128375,86263,86263,86263,proposed,0,0,0,0,0,0,0,9645572634896976178,158.704041,14.624125,UNCHECKED
720p,20,val_020.png,1280,720,921600,max_tree,8,proposed,2,1,91.068541,86263,86263,86263,proposed,0,0,0,0,0,0,0,9645572634896976178,158.704041,14.624125,UNCHECKED
720p,20,val_020.png,1280,720,921600,min_tree,8,proposed,0,0,89.855459,68436,68436,68436,proposed,0,0,0,0,0,0,0,15892302153111391407,156.909834,16.064542,UNCHECKED
720p,20,val_020.png,1280,720,921600,min_tree,8,ref6,0,1,86.622583,68436,68436,68436,proposed,0,0,0,0,0,0,0,15892302153111391407,156.909834,16.064542,UNCHECKED
720p,20,val_020.png,1280,720,921600,min_tree,8,ref6,1,0,86.018125,68436,68436,68436,proposed,0,0,0,0,0,0,0,15892302153111391407,156.909834,16.064542,UNCHECKED
720p,20,val_020.png,1280,720,921600,min_tree,8,proposed,1,1,92.460041,68436,68436,68436,proposed,0,0,0,0,0,0,0,15892302153111391407,156.909834,16.064542,UNCHECKED
720p,20,val_020.png,1280,720,921600,min_tree,8,proposed,2,0,97.272375,68436,68436,68436,proposed,0,0,0,0,0,0,0,15892302153111391407,156.909834,16.064542,UNCHECKED
720p,20,val_020.png,1280,720,921600,min_tree,8,ref6,2,1,81.529542,68436,68436,68436,proposed,0,0,0,0,0,0,0,15892302153111391407,156.909834,16.064542,UNCHECKED
720p,20,val_020.png,1280,720,921600,tree_of_shapes,4/8,ref5_original,0,0,1336.555917,168809,168809,168809,proposed,18717,2867,18375,18355,0,0,270,7414563271107809372,795.210375,11.505167,UNCHECKED
720p,20,val_020.png,1280,720,921600,tree_of_shapes,4/8,proposed,0,1,106.427666,168809,168809,168809,proposed,0,0,0,0,0,0,0,7608389821205514721,795.210375,11.505167,UNCHECKED
720p,20,val_020.png,1280,720,921600,tree_of_shapes,4/8,proposed,1,0,104.901459,168809,168809,168809,proposed,0,0,0,0,0,0,0,7608389821205514721,795.210375,11.505167,UNCHECKED
720p,20,val_020.png,1280,720,921600,tree_of_shapes,4/8,ref5_original,1,1,1338.755625,168809,168809,168809,proposed,18717,2867,18375,18355,0,0,270,7414563271107809372,795.210375,11.505167,UNCHECKED
720p,20,val_020.png,1280,720,921600,tree_of_shapes,4/8,ref5_original,2,0,1347.880875,168809,168809,168809,proposed,18717,2867,18375,18355,0,0,270,7414563271107809372,795.210375,11.505167,UNCHECKED
720p,20,val_020.png,1280,720,921600,tree_of_shapes,4/8,proposed,2,1,112.217417,168809,168809,168809,proposed,0,0,0,0,0,0,0,7608389821205514721,795.210375,11.505167,UNCHECKED
720p,21,val_021.png,1280,720,921600,max_tree,8,proposed,0,0,97.551208,97261,97261,97261,proposed,0,0,0,0,0,0,0,17314311594452778682,163.207041,13.746000,UNCHECKED
720p,21,val_021.png,1280,720,921600,max_tree,8,ref6,0,1,91.683959,97261,97261,97261,proposed,0,0,0,0,0,0,0,17314311594452778682,163.207041,13.746000,UNCHECKED
720p,21,val_021.png,1280,720,921600,max_tree,8,ref6,1,0,91.420584,97261,97261,97261,proposed,0,0,0,0,0,0,0,17314311594452778682,163.207041,13.746000,UNCHECKED
720p,21,val_021.png,1280,720,921600,max_tree,8,proposed,1,1,95.235667,97261,97261,97261,proposed,0,0,0,0,0,0,0,17314311594452778682,163.207041,13.746000,UNCHECKED
720p,21,val_021.png,1280,720,921600,max_tree,8,proposed,2,0,96.702166,97261,97261,97261,proposed,0,0,0,0,0,0,0,17314311594452778682,163.207041,13.746000,UNCHECKED
720p,21,val_021.png,1280,720,921600,max_tree,8,ref6,2,1,97.767958,97261,97261,97261,proposed,0,0,0,0,0,0,0,17314311594452778682,163.207041,13.746000,UNCHECKED
720p,21,val_021.png,1280,720,921600,min_tree,8,ref6,0,0,88.608125,64114,64114,64114,proposed,0,0,0,0,0,0,0,17623747061489914592,160.508958,17.940459,UNCHECKED
720p,21,val_021.png,1280,720,921600,min_tree,8,proposed,0,1,96.462667,64114,64114,64114,proposed,0,0,0,0,0,0,0,17623747061489914592,160.508958,17.940459,UNCHECKED
720p,21,val_021.png,1280,720,921600,min_tree,8,proposed,1,0,96.552875,64114,64114,64114,proposed,0,0,0,0,0,0,0,17623747061489914592,160.508958,17.940459,UNCHECKED
720p,21,val_021.png,1280,720,921600,min_tree,8,ref6,1,1,88.488834,64114,64114,64114,proposed,0,0,0,0,0,0,0,17623747061489914592,160.508958,17.940459,UNCHECKED
720p,21,val_021.png,1280,720,921600,min_tree,8,ref6,2,0,89.107833,64114,64114,64114,proposed,0,0,0,0,0,0,0,17623747061489914592,160.508958,17.940459,UNCHECKED
720p,21,val_021.png,1280,720,921600,min_tree,8,proposed,2,1,96.407875,64114,64114,64114,proposed,0,0,0,0,0,0,0,17623747061489914592,160.508958,17.940459,UNCHECKED
720p,21,val_021.png,1280,720,921600,tree_of_shapes,4/8,proposed,0,0,109.728666,170512,170512,170512,proposed,0,0,0,0,0,0,0,7266245074158442562,827.836708,9.906375,UNCHECKED
720p,21,val_021.png,1280,720,921600,tree_of_shapes,4/8,ref5_original,0,1,1344.681917,170512,170512,170512,proposed,15418,1194,15195,15251,0,0,106,15540696465651574705,827.836708,9.906375,UNCHECKED
720p,21,val_021.png,1280,720,921600,tree_of_shapes,4/8,ref5_original,1,0,1378.740708,170512,170512,170512,proposed,15418,1194,15195,15251,0,0,106,15540696465651574705,827.836708,9.906375,UNCHECKED
720p,21,val_021.png,1280,720,921600,tree_of_shapes,4/8,proposed,1,1,114.645625,170512,170512,170512,proposed,0,0,0,0,0,0,0,7266245074158442562,827.836708,9.906375,UNCHECKED
720p,21,val_021.png,1280,720,921600,tree_of_shapes,4/8,proposed,2,0,115.260792,170512,170512,170512,proposed,0,0,0,0,0,0,0,7266245074158442562,827.836708,9.906375,UNCHECKED
720p,21,val_021.png,1280,720,921600,tree_of_shapes,4/8,ref5_original,2,1,1378.419084,170512,170512,170512,proposed,15418,1194,15195,15251,0,0,106,15540696465651574705,827.836708,9.906375,UNCHECKED
720p,22,val_022.png,1280,720,921600,max_tree,8,ref6,0,0,83.810167,105521,105521,105521,proposed,0,0,0,0,0,0,0,2370327955909455430,167.908750,10.883375,UNCHECKED
720p,22,val_022.png,1280,720,921600,max_tree,8,proposed,0,1,96.763167,105521,105521,105521,proposed,0,0,0,0,0,0,0,2370327955909455430,167.908750,10.883375,UNCHECKED
720p,22,val_022.png,1280,720,921600,max_tree,8,proposed,1,0,97.284000,105521,105521,105521,proposed,0,0,0,0,0,0,0,2370327955909455430,167.908750,10.883375,UNCHECKED
720p,22,val_022.png,1280,720,921600,max_tree,8,ref6,1,1,83.697917,105521,105521,105521,proposed,0,0,0,0,0,0,0,2370327955909455430,167.908750,10.883375,UNCHECKED
720p,22,val_022.png,1280,720,921600,max_tree,8,ref6,2,0,83.231250,105521,105521,105521,proposed,0,0,0,0,0,0,0,2370327955909455430,167.908750,10.883375,UNCHECKED
720p,22,val_022.png,1280,720,921600,max_tree,8,proposed,2,1,97.424208,105521,105521,105521,proposed,0,0,0,0,0,0,0,2370327955909455430,167.908750,10.883375,UNCHECKED
720p,22,val_022.png,1280,720,921600,min_tree,8,proposed,0,0,97.498875,90788,90788,90788,proposed,0,0,0,0,0,0,0,3963323911001710905,163.472875,10.391292,UNCHECKED
720p,22,val_022.png,1280,720,921600,min_tree,8,ref6,0,1,87.732333,90788,90788,90788,proposed,0,0,0,0,0,0,0,3963323911001710905,163.472875,10.391292,UNCHECKED
720p,22,val_022.png,1280,720,921600,min_tree,8,ref6,1,0,89.782291,90788,90788,90788,proposed,0,0,0,0,0,0,0,3963323911001710905,163.472875,10.391292,UNCHECKED
720p,22,val_022.png,1280,720,921600,min_tree,8,proposed,1,1,103.739250,90788,90788,90788,proposed,0,0,0,0,0,0,0,3963323911001710905,163.472875,10.391292,UNCHECKED
720p,22,val_022.png,1280,720,921600,min_tree,8,proposed,2,0,103.835583,90788,90788,90788,proposed,0,0,0,0,0,0,0,3963323911001710905,163.472875,10.391292,UNCHECKED
720p,22,val_022.png,1280,720,921600,min_tree,8,ref6,2,1,86.891875,90788,90788,90788,proposed,0,0,0,0,0,0,0,3963323911001710905,163.472875,10.391292,UNCHECKED
720p,22,val_022.png,1280,720,921600,tree_of_shapes,4/8,ref5_original,0,0,1390.698958,216635,216635,216635,proposed,25311,4475,24752,24667,0,0,527,2722820617521785409,863.030583,13.160375,UNCHECKED
720p,22,val_022.png,1280,720,921600,tree_of_shapes,4/8,proposed,0,1,127.842667,216635,216635,216635,proposed,0,0,0,0,0,0,0,13553572091543191958,863.030583,13.160375,UNCHECKED
720p,22,val_022.png,1280,720,921600,tree_of_shapes,4/8,proposed,1,0,125.201792,216635,216635,216635,proposed,0,0,0,0,0,0,0,13553572091543191958,863.030583,13.160375,UNCHECKED
720p,22,val_022.png,1280,720,921600,tree_of_shapes,4/8,ref5_original,1,1,1383.788750,216635,216635,216635,proposed,25311,4475,24752,24667,0,0,527,2722820617521785409,863.030583,13.160375,UNCHECKED
720p,22,val_022.png,1280,720,921600,tree_of_shapes,4/8,ref5_original,2,0,1397.613042,216635,216635,216635,proposed,25311,4475,24752,24667,0,0,527,2722820617521785409,863.030583,13.160375,UNCHECKED
720p,22,val_022.png,1280,720,921600,tree_of_shapes,4/8,proposed,2,1,136.056084,216635,216635,216635,proposed,0,0,0,0,0,0,0,13553572091543191958,863.030583,13.160375,UNCHECKED
720p,23,val_023.png,1280,720,921600,max_tree,8,proposed,0,0,94.418000,101050,101050,101050,proposed,0,0,0,0,0,0,0,15701216991192862586,162.096667,11.620417,UNCHECKED
720p,23,val_023.png,1280,720,921600,max_tree,8,ref6,0,1,84.973375,101050,101050,101050,proposed,0,0,0,0,0,0,0,15701216991192862586,162.096667,11.620417,UNCHECKED
720p,23,val_023.png,1280,720,921600,max_tree,8,ref6,1,0,83.497041,101050,101050,101050,proposed,0,0,0,0,0,0,0,15701216991192862586,162.096667,11.620417,UNCHECKED
720p,23,val_023.png,1280,720,921600,max_tree,8,proposed,1,1,95.957875,101050,101050,101050,proposed,0,0,0,0,0,0,0,15701216991192862586,162.096667,11.620417,UNCHECKED
720p,23,val_023.png,1280,720,921600,max_tree,8,proposed,2,0,95.573084,101050,101050,101050,proposed,0,0,0,0,0,0,0,15701216991192862586,162.096667,11.620417,UNCHECKED
720p,23,val_023.png,1280,720,921600,max_tree,8,ref6,2,1,85.057791,101050,101050,101050,proposed,0,0,0,0,0,0,0,15701216991192862586,162.096667,11.620417,UNCHECKED
720p,23,val_023.png,1280,720,921600,min_tree,8,ref6,0,0,89.641333,86191,86191,86191,proposed,0,0,0,0,0,0,0,5958689797053692431,161.172375,12.664750,UNCHECKED
720p,23,val_023.png,1280,720,921600,min_tree,8,proposed,0,1,94.331167,86191,86191,86191,proposed,0,0,0,0,0,0,0,5958689797053692431,161.172375,12.664750,UNCHECKED
720p,23,val_023.png,1280,720,921600,min_tree,8,proposed,1,0,93.392375,86191,86191,86191,proposed,0,0,0,0,0,0,0,5958689797053692431,161.172375,12.664750,UNCHECKED
720p,23,val_023.png,1280,720,921600,min_tree,8,ref6,1,1,83.747458,86191,86191,86191,proposed,0,0,0,0,0,0,0,5958689797053692431,161.172375,12.664750,UNCHECKED
720p,23,val_023.png,1280,720,921600,min_tree,8,ref6,2,0,83.509209,86191,86191,86191,proposed,0,0,0,0,0,0,0,5958689797053692431,161.172375,12.664750,UNCHECKED
720p,23,val_023.png,1280,720,921600,min_tree,8,proposed,2,1,101.546792,86191,86191,86191,proposed,0,0,0,0,0,0,0,5958689797053692431,161.172375,12.664750,UNCHECKED
720p,23,val_023.png,1280,720,921600,tree_of_shapes,4/8,proposed,0,0,118.051042,202070,202070,202070,proposed,0,0,0,0,0,0,0,9124737185609765492,830.042375,13.345042,UNCHECKED
720p,23,val_023.png,1280,720,921600,tree_of_shapes,4/8,ref5_original,0,1,1338.057416,202070,202070,202070,proposed,26394,2950,26069,25990,0,0,435,2795405826170319649,830.042375,13.345042,UNCHECKED
720p,23,val_023.png,1280,720,921600,tree_of_shapes,4/8,ref5_original,1,0,1341.356292,202070,202070,202070,proposed,26394,2950,26069,25990,0,0,435,2795405826170319649,830.042375,13.345042,UNCHECKED
720p,23,val_023.png,1280,720,921600,tree_of_shapes,4/8,proposed,1,1,118.471625,202070,202070,202070,proposed,0,0,0,0,0,0,0,9124737185609765492,830.042375,13.345042,UNCHECKED
720p,23,val_023.png,1280,720,921600,tree_of_shapes,4/8,proposed,2,0,114.762792,202070,202070,202070,proposed,0,0,0,0,0,0,0,9124737185609765492,830.042375,13.345042,UNCHECKED
720p,23,val_023.png,1280,720,921600,tree_of_shapes,4/8,ref5_original,2,1,1361.325166,202070,202070,202070,proposed,26394,2950,26069,25990,0,0,435,2795405826170319649,830.042375,13.345042,UNCHECKED
720p,24,val_024.png,1280,720,921600,max_tree,8,ref6,0,0,84.229875,56773,56773,56773,proposed,0,0,0,0,0,0,0,10521622390739837812,149.485666,18.622667,UNCHECKED
720p,24,val_024.png,1280,720,921600,max_tree,8,proposed,0,1,92.392584,56773,56773,56773,proposed,0,0,0,0,0,0,0,10521622390739837812,149.485666,18.622667,UNCHECKED
720p,24,val_024.png,1280,720,921600,max_tree,8,proposed,1,0,97.178000,56773,56773,56773,proposed,0,0,0,0,0,0,0,10521622390739837812,149.485666,18.622667,UNCHECKED
720p,24,val_024.png,1280,720,921600,max_tree,8,ref6,1,1,89.519625,56773,56773,56773,proposed,0,0,0,0,0,0,0,10521622390739837812,149.485666,18.622667,UNCHECKED
720p,24,val_024.png,1280,720,921600,max_tree,8,ref6,2,0,87.199041,56773,56773,56773,proposed,0,0,0,0,0,0,0,10521622390739837812,149.485666,18.622667,UNCHECKED
720p,24,val_024.png,1280,720,921600,max_tree,8,proposed,2,1,92.579625,56773,56773,56773,proposed,0,0,0,0,0,0,0,10521622390739837812,149.485666,18.622667,UNCHECKED
720p,24,val_024.png,1280,720,921600,min_tree,8,proposed,0,0,92.650291,39824,39824,39824,proposed,0,0,0,0,0,0,0,16495469337311882579,149.869917,26.637792,UNCHECKED
720p,24,val_024.png,1280,720,921600,min_tree,8,ref6,0,1,85.600208,39824,39824,39824,proposed,0,0,0,0,0,0,0,16495469337311882579,149.869917,26.637792,UNCHECKED
720p,24,val_024.png,1280,720,921600,min_tree,8,ref6,1,0,87.706167,39824,39824,39824,proposed,0,0,0,0,0,0,0,16495469337311882579,149.869917,26.637792,UNCHECKED
720p,24,val_024.png,1280,720,921600,min_tree,8,proposed,1,1,92.343416,39824,39824,39824,proposed,0,0,0,0,0,0,0,16495469337311882579,149.869917,26.637792,UNCHECKED
720p,24,val_024.png,1280,720,921600,min_tree,8,proposed,2,0,92.939334,39824,39824,39824,proposed,0,0,0,0,0,0,0,16495469337311882579,149.869917,26.637792,UNCHECKED
720p,24,val_024.png,1280,720,921600,min_tree,8,ref6,2,1,81.969500,39824,39824,39824,proposed,0,0,0,0,0,0,0,16495469337311882579,149.869917,26.637792,UNCHECKED
720p,24,val_024.png,1280,720,921600,tree_of_shapes,4/8,ref5_original,0,0,1320.390334,102682,102682,102682,proposed,8579,923,8416,8466,0,0,159,5434212793715207832,770.499750,9.664459,UNCHECKED
720p,24,val_024.png,1280,720,921600,tree_of_shapes,4/8,proposed,0,1,96.222042,102682,102682,102682,proposed,0,0,0,0,0,0,0,4838236034429393593,770.499750,9.664459,UNCHECKED
720p,24,val_024.png,1280,720,921600,tree_of_shapes,4/8,proposed,1,0,93.458334,102682,102682,102682,proposed,0,0,0,0,0,0,0,4838236034429393593,770.499750,9.664459,UNCHECKED
720p,24,val_024.png,1280,720,921600,tree_of_shapes,4/8,ref5_original,1,1,1328.969041,102682,102682,102682,proposed,8579,923,8416,8466,0,0,159,5434212793715207832,770.499750,9.664459,UNCHECKED
720p,24,val_024.png,1280,720,921600,tree_of_shapes,4/8,ref5_original,2,0,1325.904125,102682,102682,102682,proposed,8579,923,8416,8466,0,0,159,5434212793715207832,770.499750,9.664459,UNCHECKED
720p,24,val_024.png,1280,720,921600,tree_of_shapes,4/8,proposed,2,1,96.395542,102682,102682,102682,proposed,0,0,0,0,0,0,0,4838236034429393593,770.499750,9.664459,UNCHECKED
720p,25,val_025.png,1280,720,921600,max_tree,8,proposed,0,0,93.534416,69011,69011,69011,proposed,0,0,0,0,0,0,0,5218213019832512834,161.109750,13.253166,UNCHECKED
720p,25,val_025.png,1280,720,921600,max_tree,8,ref6,0,1,87.519708,69011,69011,69011,proposed,0,0,0,0,0,0,0,5218213019832512834,161.109750,13.253166,UNCHECKED
720p,25,val_025.png,1280,720,921600,max_tree,8,ref6,1,0,88.069125,69011,69011,69011,proposed,0,0,0,0,0,0,0,5218213019832512834,161.109750,13.253166,UNCHECKED
720p,25,val_025.png,1280,720,921600,max_tree,8,proposed,1,1,92.239000,69011,69011,69011,proposed,0,0,0,0,0,0,0,5218213019832512834,161.109750,13.253166,UNCHECKED
720p,25,val_025.png,1280,720,921600,max_tree,8,proposed,2,0,93.141708,69011,69011,69011,proposed,0,0,0,0,0,0,0,5218213019832512834,161.109750,13.253166,UNCHECKED
720p,25,val_025.png,1280,720,921600,max_tree,8,ref6,2,1,89.892584,69011,69011,69011,proposed,0,0,0,0,0,0,0,5218213019832512834,161.109750,13.253166,UNCHECKED
720p,25,val_025.png,1280,720,921600,min_tree,8,ref6,0,0,86.110000,58334,58334,58334,proposed,0,0,0,0,0,0,0,11849514014882913450,157.848125,16.090750,UNCHECKED
720p,25,val_025.png,1280,720,921600,min_tree,8,proposed,0,1,93.429792,58334,58334,58334,proposed,0,0,0,0,0,0,0,11849514014882913450,157.848125,16.090750,UNCHECKED
720p,25,val_025.png,1280,720,921600,min_tree,8,proposed,1,0,93.700250,58334,58334,58334,proposed,0,0,0,0,0,0,0,11849514014882913450,157.848125,16.090750,UNCHECKED
720p,25,val_025.png,1280,720,921600,min_tree,8,ref6,1,1,88.211792,58334,58334,58334,proposed,0,0,0,0,0,0,0,11849514014882913450,157.848125,16.090750,UNCHECKED
720p,25,val_025.png,1280,720,921600,min_tree,8,ref6,2,0,88.033416,58334,58334,58334,proposed,0,0,0,0,0,0,0,11849514014882913450,157.848125,16.090750,UNCHECKED
720p,25,val_025.png,1280,720,921600,min_tree,8,proposed,2,1,92.800417,58334,58334,58334,proposed,0,0,0,0,0,0,0,11849514014882913450,157.848125,16.090750,UNCHECKED
720p,25,val_025.png,1280,720,921600,tree_of_shapes,4/8,proposed,0,0,103.014417,136055,136055,136055,proposed,0,0,0,0,0,0,0,2480845093611117259,786.772917,9.552458,UNCHECKED
720p,25,val_025.png,1280,720,921600,tree_of_shapes,4/8,ref5_original,0,1,1344.704209,136055,136055,136055,proposed,13666,1763,13335,13443,0,0,213,14955080839102511776,786.772917,9.552458,UNCHECKED
720p,25,val_025.png,1280,720,921600,tree_of_shapes,4/8,ref5_original,1,0,1342.152958,136055,136055,136055,proposed,13666,1763,13335,13443,0,0,213,14955080839102511776,786.772917,9.552458,UNCHECKED
720p,25,val_025.png,1280,720,921600,tree_of_shapes,4/8,proposed,1,1,104.795292,136055,136055,136055,proposed,0,0,0,0,0,0,0,2480845093611117259,786.772917,9.552458,UNCHECKED
720p,25,val_025.png,1280,720,921600,tree_of_shapes,4/8,proposed,2,0,103.992541,136055,136055,136055,proposed,0,0,0,0,0,0,0,2480845093611117259,786.772917,9.552458,UNCHECKED
720p,25,val_025.png,1280,720,921600,tree_of_shapes,4/8,ref5_original,2,1,1324.596541,136055,136055,136055,proposed,13666,1763,13335,13443,0,0,213,14955080839102511776,786.772917,9.552458,UNCHECKED
720p,26,val_026.png,1280,720,921600,max_tree,8,ref6,0,0,89.969834,87577,87577,87577,proposed,0,0,0,0,0,0,0,2418409224796053662,156.283917,14.283959,UNCHECKED
720p,26,val_026.png,1280,720,921600,max_tree,8,proposed,0,1,97.083333,87577,87577,87577,proposed,0,0,0,0,0,0,0,2418409224796053662,156.283917,14.283959,UNCHECKED
720p,26,val_026.png,1280,720,921600,max_tree,8,proposed,1,0,99.005833,87577,87577,87577,proposed,0,0,0,0,0,0,0,2418409224796053662,156.283917,14.283959,UNCHECKED
720p,26,val_026.png,1280,720,921600,max_tree,8,ref6,1,1,82.824542,87577,87577,87577,proposed,0,0,0,0,0,0,0,2418409224796053662,156.283917,14.283959,UNCHECKED
720p,26,val_026.png,1280,720,921600,max_tree,8,ref6,2,0,81.626417,87577,87577,87577,proposed,0,0,0,0,0,0,0,2418409224796053662,156.283917,14.283959,UNCHECKED
720p,26,val_026.png,1280,720,921600,max_tree,8,proposed,2,1,99.206083,87577,87577,87577,proposed,0,0,0,0,0,0,0,2418409224796053662,156.283917,14.283959,UNCHECKED
720p,26,val_026.png,1280,720,921600,min_tree,8,proposed,0,0,92.783167,70829,70829,70829,proposed,0,0,0,0,0,0,0,13146850397667094876,155.129042,17.657083,UNCHECKED
720p,26,val_026.png,1280,720,921600,min_tree,8,ref6,0,1,82.927416,70829,70829,70829,proposed,0,0,0,0,0,0,0,13146850397667094876,155.129042,17.657083,UNCHECKED
720p,26,val_026.png,1280,720,921600,min_tree,8,ref6,1,0,82.529834,70829,70829,70829,proposed,0,0,0,0,0,0,0,13146850397667094876,155.129042,17.657083,UNCHECKED
720p,26,val_026.png,1280,720,921600,min_tree,8,proposed,1,1,98.915584,70829,70829,70829,proposed,0,0,0,0,0,0,0,13146850397667094876,155.129042,17.657083,UNCHECKED
720p,26,val_026.png,1280,720,921600,min_tree,8,proposed,2,0,97.883584,70829,70829,70829,proposed,0,0,0,0,0,0,0,13146850397667094876,155.129042,17.657083,UNCHECKED
720p,26,val_026.png,1280,720,921600,min_tree,8,ref6,2,1,81.688625,70829,70829,70829,proposed,0,0,0,0,0,0,0,13146850397667094876,155.129042,17.657083,UNCHECKED
720p,26,val_026.png,1280,720,921600,tree_of_shapes,4/8,ref5_original,0,0,1325.124584,171532,171532,171532,proposed,18562,1961,18279,18274,0,0,284,15379450921646143976,807.365416,11.816417,UNCHECKED
720p,26,val_026.png,1280,720,921600,tree_of_shapes,4/8,proposed,0,1,109.375834,171532,171532,171532,proposed,0,0,0,0,0,0,0,14758787877997415714,807.365416,11.816417,UNCHECKED
720p,26,val_026.png,1280,720,921600,tree_of_shapes,4/8,proposed,1,0,106.784500,171532,171532,171532,proposed,0,0,0,0,0,0,0,14758787877997415714,807.365416,11.816417,UNCHECKED
720p,26,val_026.png,1280,720,921600,tree_of_shapes,4/8,ref5_original,1,1,1340.010041,171532,171532,171532,proposed,18562,1961,18279,18274,0,0,284,15379450921646143976,807.365416,11.816417,UNCHECKED
720p,26,val_026.png,1280,720,921600,tree_of_shapes,4/8,ref5_original,2,0,1344.944334,171532,171532,171532,proposed,18562,1961,18279,18274,0,0,284,15379450921646143976,807.365416,11.816417,UNCHECKED
720p,26,val_026.png,1280,720,921600,tree_of_shapes,4/8,proposed,2,1,106.658208,171532,171532,171532,proposed,0,0,0,0,0,0,0,14758787877997415714,807.365416,11.816417,UNCHECKED
720p,27,val_027.png,1280,720,921600,max_tree,8,proposed,0,0,94.823875,57218,57218,57218,proposed,0,0,0,0,0,0,0,16606016095526224420,155.362292,19.752084,UNCHECKED
720p,27,val_027.png,1280,720,921600,max_tree,8,ref6,0,1,88.253667,57218,57218,57218,proposed,0,0,0,0,0,0,0,16606016095526224420,155.362292,19.752084,UNCHECKED
720p,27,val_027.png,1280,720,921600,max_tree,8,ref6,1,0,87.351042,57218,57218,57218,proposed,0,0,0,0,0,0,0,16606016095526224420,155.362292,19.752084,UNCHECKED
720p,27,val_027.png,1280,720,921600,max_tree,8,proposed,1,1,94.955459,57218,57218,57218,proposed,0,0,0,0,0,0,0,16606016095526224420,155.362292,19.752084,UNCHECKED
720p,27,val_027.png,1280,720,921600,max_tree,8,proposed,2,0,95.303292,57218,57218,57218,proposed,0,0,0,0,0,0,0,16606016095526224420,155.362292,19.752084,UNCHECKED
720p,27,val_027.png,1280,720,921600,max_tree,8,ref6,2,1,88.217875,57218,57218,57218,proposed,0,0,0,0,0,0,0,16606016095526224420,155.362292,19.752084,UNCHECKED
720p,27,val_027.png,1280,720,921600,min_tree,8,ref6,0,0,87.948750,43772,43772,43772,proposed,0,0,0,0,0,0,0,7651987755594981709,154.700708,26.733584,UNCHECKED
720p,27,val_027.png,1280,720,921600,min_tree,8,proposed,0,1,94.838958,43772,43772,43772,proposed,0,0,0,0,0,0,0,7651987755594981709,154.700708,26.733584,UNCHECKED
720p,27,val_027.png,1280,720,921600,min_tree,8,proposed,1,0,94.910458,43772,43772,43772,proposed,0,0,0,0,0,0,0,7651987755594981709,154.700708,26.733584,UNCHECKED
720p,27,val_027.png,1280,720,921600,min_tree,8,ref6,1,1,88.989833,43772,43772,43772,proposed,0,0,0,0,0,0,0,7651987755594981709,154.700708,26.733584,UNCHECKED
720p,27,val_027.png,1280,720,921600,min_tree,8,ref6,2,0,86.146084,43772,43772,43772,proposed,0,0,0,0,0,0,0,7651987755594981709,154.700708,26.733584,UNCHECKED
720p,27,val_027.png,1280,720,921600,min_tree,8,proposed,2,1,103.588709,43772,43772,43772,proposed,0,0,0,0,0,0,0,7651987755594981709,154.700708,26.733584,UNCHECKED
720p,27,val_027.png,1280,720,921600,tree_of_shapes,4/8,proposed,0,0,98.570125,107240,107240,107240,proposed,0,0,0,0,0,0,0,843655387519108231,775.844709,10.876625,UNCHECKED
720p,27,val_027.png,1280,720,921600,tree_of_shapes,4/8,ref5_original,0,1,1350.481084,107240,107240,107240,proposed,9490,970,9307,9380,0,0,149,11944733872347886420,775.844709,10.876625,UNCHECKED
720p,27,val_027.png,1280,720,921600,tree_of_shapes,4/8,ref5_original,1,0,1342.559500,107240,107240,107240,proposed,9490,970,9307,9380,0,0,149,11944733872347886420,775.844709,10.876625,UNCHECKED
720p,27,val_027.png,1280,720,921600,tree_of_shapes,4/8,proposed,1,1,100.759250,107240,107240,107240,proposed,0,0,0,0,0,0,0,843655387519108231,775.844709,10.876625,UNCHECKED
720p,27,val_027.png,1280,720,921600,tree_of_shapes,4/8,proposed,2,0,98.055958,107240,107240,107240,proposed,0,0,0,0,0,0,0,843655387519108231,775.844709,10.876625,UNCHECKED
720p,27,val_027.png,1280,720,921600,tree_of_shapes,4/8,ref5_original,2,1,1359.700625,107240,107240,107240,proposed,9490,970,9307,9380,0,0,149,11944733872347886420,775.844709,10.876625,UNCHECKED
720p,28,val_028.png,1280,720,921600,max_tree,8,ref6,0,0,89.716291,107068,107068,107068,proposed,0,0,0,0,0,0,0,14468384108998296523,168.343417,11.168500,UNCHECKED
720p,28,val_028.png,1280,720,921600,max_tree,8,proposed,0,1,96.776500,107068,107068,107068,proposed,0,0,0,0,0,0,0,14468384108998296523,168.343417,11.168500,UNCHECKED
720p,28,val_028.png,1280,720,921600,max_tree,8,proposed,1,0,97.265167,107068,107068,107068,proposed,0,0,0,0,0,0,0,14468384108998296523,168.343417,11.168500,UNCHECKED
720p,28,val_028.png,1280,720,921600,max_tree,8,ref6,1,1,93.416833,107068,107068,107068,proposed,0,0,0,0,0,0,0,14468384108998296523,168.343417,11.168500,UNCHECKED
720p,28,val_028.png,1280,720,921600,max_tree,8,ref6,2,0,96.188459,107068,107068,107068,proposed,0,0,0,0,0,0,0,14468384108998296523,168.343417,11.168500,UNCHECKED
720p,28,val_028.png,1280,720,921600,max_tree,8,proposed,2,1,103.835125,107068,107068,107068,proposed,0,0,0,0,0,0,0,14468384108998296523,168.343417,11.168500,UNCHECKED
720p,28,val_028.png,1280,720,921600,min_tree,8,proposed,0,0,96.894833,81762,81762,81762,proposed,0,0,0,0,0,0,0,6901028346542147971,166.555291,13.952500,UNCHECKED
720p,28,val_028.png,1280,720,921600,min_tree,8,ref6,0,1,84.161083,81762,81762,81762,proposed,0,0,0,0,0,0,0,6901028346542147971,166.555291,13.952500,UNCHECKED
720p,28,val_028.png,1280,720,921600,min_tree,8,ref6,1,0,85.516083,81762,81762,81762,proposed,0,0,0,0,0,0,0,6901028346542147971,166.555291,13.952500,UNCHECKED
720p,28,val_028.png,1280,720,921600,min_tree,8,proposed,1,1,97.064250,81762,81762,81762,proposed,0,0,0,0,0,0,0,6901028346542147971,166.555291,13.952500,UNCHECKED
720p,28,val_028.png,1280,720,921600,min_tree,8,proposed,2,0,96.990625,81762,81762,81762,proposed,0,0,0,0,0,0,0,6901028346542147971,166.555291,13.952500,UNCHECKED
720p,28,val_028.png,1280,720,921600,min_tree,8,ref6,2,1,86.556666,81762,81762,81762,proposed,0,0,0,0,0,0,0,6901028346542147971,166.555291,13.952500,UNCHECKED
720p,28,val_028.png,1280,720,921600,tree_of_shapes,4/8,ref5_original,0,0,1374.736833,203960,203960,203960,proposed,22153,2833,21750,21796,0,0,397,10717594019374387285,850.792125,12.775250,UNCHECKED
720p,28,val_028.png,1280,720,921600,tree_of_shapes,4/8,proposed,0,1,120.838875,203960,203960,203960,proposed,0,0,0,0,0,0,0,5669544079019962737,850.792125,12.775250,UNCHECKED
720p,28,val_028.png,1280,720,921600,tree_of_shapes,4/8,proposed,1,0,119.787875,203960,203960,203960,proposed,0,0,0,0,0,0,0,5669544079019962737,850.792125,12.775250,UNCHECKED
720p,28,val_028.png,1280,720,921600,tree_of_shapes,4/8,ref5_original,1,1,1374.992750,203960,203960,203960,proposed,22153,2833,21750,21796,0,0,397,10717594019374387285,850.792125,12.775250,UNCHECKED
720p,28,val_028.png,1280,720,921600,tree_of_shapes,4/8,ref5_original,2,0,1371.914625,203960,203960,203960,proposed,22153,2833,21750,21796,0,0,397,10717594019374387285,850.792125,12.775250,UNCHECKED
720p,28,val_028.png,1280,720,921600,tree_of_shapes,4/8,proposed,2,1,123.135458,203960,203960,203960,proposed,0,0,0,0,0,0,0,5669544079019962737,850.792125,12.775250,UNCHECKED
720p,29,val_029.png,1280,720,921600,max_tree,8,proposed,0,0,94.901375,108487,108487,108487,proposed,0,0,0,0,0,0,0,9580767222945762611,162.122125,11.905750,UNCHECKED
720p,29,val_029.png,1280,720,921600,max_tree,8,ref6,0,1,85.274250,108487,108487,108487,proposed,0,0,0,0,0,0,0,9580767222945762611,162.122125,11.905750,UNCHECKED
720p,29,val_029.png,1280,720,921600,max_tree,8,ref6,1,0,84.748792,108487,108487,108487,proposed,0,0,0,0,0,0,0,9580767222945762611,162.122125,11.905750,UNCHECKED
720p,29,val_029.png,1280,720,921600,max_tree,8,proposed,1,1,94.919666,108487,108487,108487,proposed,0,0,0,0,0,0,0,9580767222945762611,162.122125,11.905750,UNCHECKED
720p,29,val_029.png,1280,720,921600,max_tree,8,proposed,2,0,95.880500,108487,108487,108487,proposed,0,0,0,0,0,0,0,9580767222945762611,162.122125,11.905750,UNCHECKED
720p,29,val_029.png,1280,720,921600,max_tree,8,ref6,2,1,84.203375,108487,108487,108487,proposed,0,0,0,0,0,0,0,9580767222945762611,162.122125,11.905750,UNCHECKED
720p,29,val_029.png,1280,720,921600,min_tree,8,ref6,0,0,84.638833,93897,93897,93897,proposed,0,0,0,0,0,0,0,5329102832456414668,163.282042,13.623083,UNCHECKED
720p,29,val_029.png,1280,720,921600,min_tree,8,proposed,0,1,101.014875,93897,93897,93897,proposed,0,0,0,0,0,0,0,5329102832456414668,163.282042,13.623083,UNCHECKED
720p,29,val_029.png,1280,720,921600,min_tree,8,proposed,1,0,103.578791,93897,93897,93897,proposed,0,0,0,0,0,0,0,5329102832456414668,163.282042,13.623083,UNCHECKED
720p,29,val_029.png,1280,720,921600,min_tree,8,ref6,1,1,85.010000,93897,93897,93897,proposed,0,0,0,0,0,0,0,5329102832456414668,163.282042,13.623083,UNCHECKED
720p,29,val_029.png,1280,720,921600,min_tree,8,ref6,2,0,83.583709,93897,93897,93897,proposed,0,0,0,0,0,0,0,5329102832456414668,163.282042,13.623083,UNCHECKED
720p,29,val_029.png,1280,720,921600,min_tree,8,proposed,2,1,94.809583,93897,93897,93897,proposed,0,0,0,0,0,0,0,5329102832456414668,163.282042,13.623083,UNCHECKED
720p,29,val_029.png,1280,720,921600,tree_of_shapes,4/8,proposed,0,0,120.135291,220580,220580,220580,proposed,0,0,0,0,0,0,0,4233536825867088988,880.338959,12.694166,UNCHECKED
720p,29,val_029.png,1280,720,921600,tree_of_shapes,4/8,ref5_original,0,1,1390.543209,220580,220580,220580,proposed,28113,3882,27353,27576,0,0,239,5428378208196555363,880.338959,12.694166,UNCHECKED
720p,29,val_029.png,1280,720,921600,tree_of_shapes,4/8,ref5_original,1,0,1370.477292,220580,220580,220580,proposed,28113,3882,27353,27576,0,0,239,5428378208196555363,880.338959,12.694166,UNCHECKED
720p,29,val_029.png,1280,720,921600,tree_of_shapes,4/8,proposed,1,1,122.217958,220580,220580,220580,proposed,0,0,0,0,0,0,0,4233536825867088988,880.338959,12.694166,UNCHECKED
720p,29,val_029.png,1280,720,921600,tree_of_shapes,4/8,proposed,2,0,122.469375,220580,220580,220580,proposed,0,0,0,0,0,0,0,4233536825867088988,880.338959,12.694166,UNCHECKED
720p,29,val_029.png,1280,720,921600,tree_of_shapes,4/8,ref5_original,2,1,1374.020709,220580,220580,220580,proposed,28113,3882,27353,27576,0,0,239,5428378208196555363,880.338959,12.694166,UNCHECKED
720p,30,val_030.png,1280,720,921600,max_tree,8,ref6,0,0,89.952250,80976,80976,80976,proposed,0,0,0,0,0,0,0,9940825622257351355,159.387958,13.534875,UNCHECKED
720p,30,val_030.png,1280,720,921600,max_tree,8,proposed,0,1,92.436125,80976,80976,80976,proposed,0,0,0,0,0,0,0,9940825622257351355,159.387958,13.534875,UNCHECKED
720p,30,val_030.png,1280,720,921600,max_tree,8,proposed,1,0,92.522208,80976,80976,80976,proposed,0,0,0,0,0,0,0,9940825622257351355,159.387958,13.534875,UNCHECKED
720p,30,val_030.png,1280,720,921600,max_tree,8,ref6,1,1,85.147041,80976,80976,80976,proposed,0,0,0,0,0,0,0,9940825622257351355,159.387958,13.534875,UNCHECKED
720p,30,val_030.png,1280,720,921600,max_tree,8,ref6,2,0,81.896916,80976,80976,80976,proposed,0,0,0,0,0,0,0,9940825622257351355,159.387958,13.534875,UNCHECKED
720p,30,val_030.png,1280,720,921600,max_tree,8,proposed,2,1,96.134250,80976,80976,80976,proposed,0,0,0,0,0,0,0,9940825622257351355,159.387958,13.534875,UNCHECKED
720p,30,val_030.png,1280,720,921600,min_tree,8,proposed,0,0,99.176166,66157,66157,66157,proposed,0,0,0,0,0,0,0,10773282436426834524,154.364625,18.792542,UNCHECKED
720p,30,val_030.png,1280,720,921600,min_tree,8,ref6,0,1,90.845416,66157,66157,66157,proposed,0,0,0,0,0,0,0,10773282436426834524,154.364625,18.792542,UNCHECKED
720p,30,val_030.png,1280,720,921600,min_tree,8,ref6,1,0,87.637791,66157,66157,66157,proposed,0,0,0,0,0,0,0,10773282436426834524,154.364625,18.792542,UNCHECKED
720p,30,val_030.png,1280,720,921600,min_tree,8,proposed,1,1,94.257542,66157,66157,66157,proposed,0,0,0,0,0,0,0,10773282436426834524,154.364625,18.792542,UNCHECKED
720p,30,val_030.png,1280,720,921600,min_tree,8,proposed,2,0,92.543042,66157,66157,66157,proposed,0,0,0,0,0,0,0,10773282436426834524,154.364625,18.792542,UNCHECKED
720p,30,val_030.png,1280,720,921600,min_tree,8,ref6,2,1,87.120584,66157,66157,66157,proposed,0,0,0,0,0,0,0,10773282436426834524,154.364625,18.792542,UNCHECKED
720p,30,val_030.png,1280,720,921600,tree_of_shapes,4/8,ref5_original,0,0,1352.177417,159979,159979,159979,proposed,15839,1521,15601,15632,0,0,324,3426502688452698090,819.735333,12.163375,UNCHECKED
720p,30,val_030.png,1280,720,921600,tree_of_shapes,4/8,proposed,0,1,106.672833,159979,159979,159979,proposed,0,0,0,0,0,0,0,12745956618650938569,819.735333,12.163375,UNCHECKED
720p,30,val_030.png,1280,720,921600,tree_of_shapes,4/8,proposed,1,0,103.758542,159979,159979,159979,proposed,0,0,0,0,0,0,0,12745956618650938569,819.735333,12.163375,UNCHECKED
720p,30,val_030.png,1280,720,921600,tree_of_shapes,4/8,ref5_original,1,1,1343.395666,159979,159979,159979,proposed,15839,1521,15601,15632,0,0,324,3426502688452698090,819.735333,12.163375,UNCHECKED
720p,30,val_030.png,1280,720,921600,tree_of_shapes,4/8,ref5_original,2,0,1348.368417,159979,159979,159979,proposed,15839,1521,15601,15632,0,0,324,3426502688452698090,819.735333,12.163375,UNCHECKED
720p,30,val_030.png,1280,720,921600,tree_of_shapes,4/8,proposed,2,1,106.512625,159979,159979,159979,proposed,0,0,0,0,0,0,0,12745956618650938569,819.735333,12.163375,UNCHECKED
720p,31,val_031.png,1280,720,921600,max_tree,8,proposed,0,0,86.614167,50330,50330,50330,proposed,0,0,0,0,0,0,0,9411207813845857850,150.308375,19.995167,UNCHECKED
720p,31,val_031.png,1280,720,921600,max_tree,8,ref6,0,1,88.958166,50330,50330,50330,proposed,0,0,0,0,0,0,0,9411207813845857850,150.308375,19.995167,UNCHECKED
720p,31,val_031.png,1280,720,921600,max_tree,8,ref6,1,0,84.756083,50330,50330,50330,proposed,0,0,0,0,0,0,0,9411207813845857850,150.308375,19.995167,UNCHECKED
720p,31,val_031.png,1280,720,921600,max_tree,8,proposed,1,1,95.777834,50330,50330,50330,proposed,0,0,0,0,0,0,0,9411207813845857850,150.308375,19.995167,UNCHECKED
720p,31,val_031.png,1280,720,921600,max_tree,8,proposed,2,0,86.757333,50330,50330,50330,proposed,0,0,0,0,0,0,0,9411207813845857850,150.308375,19.995167,UNCHECKED
720p,31,val_031.png,1280,720,921600,max_tree,8,ref6,2,1,90.585042,50330,50330,50330,proposed,0,0,0,0,0,0,0,9411207813845857850,150.308375,19.995167,UNCHECKED
720p,31,val_031.png,1280,720,921600,min_tree,8,ref6,0,0,81.534917,40332,40332,40332,proposed,0,0,0,0,0,0,0,6654654755037594685,148.381917,26.234792,UNCHECKED
720p,31,val_031.png,1280,720,921600,min_tree,8,proposed,0,1,85.111833,40332,40332,40332,proposed,0,0,0,0,0,0,0,6654654755037594685,148.381917,26.234792,UNCHECKED
720p,31,val_031.png,1280,720,921600,min_tree,8,proposed,1,0,86.005708,40332,40332,40332,proposed,0,0,0,0,0,0,0,6654654755037594685,148.381917,26.234792,UNCHECKED
720p,31,val_031.png,1280,720,921600,min_tree,8,ref6,1,1,90.564292,40332,40332,40332,proposed,0,0,0,0,0,0,0,6654654755037594685,148.381917,26.234792,UNCHECKED
720p,31,val_031.png,1280,720,921600,min_tree,8,ref6,2,0,89.509875,40332,40332,40332,proposed,0,0,0,0,0,0,0,6654654755037594685,148.381917,26.234792,UNCHECKED
720p,31,val_031.png,1280,720,921600,min_tree,8,proposed,2,1,87.732500,40332,40332,40332,proposed,0,0,0,0,0,0,0,6654654755037594685,148.381917,26.234792,UNCHECKED
720p,31,val_031.png,1280,720,921600,tree_of_shapes,4/8,proposed,0,0,88.412750,97863,97863,97863,proposed,0,0,0,0,0,0,0,2871248863092490258,759.380667,11.822125,UNCHECKED
720p,31,val_031.png,1280,720,921600,tree_of_shapes,4/8,ref5_original,0,1,1316.396250,97863,97863,97863,proposed,9419,1002,9246,9280,0,0,131,8142819930042752930,759.380667,11.822125,UNCHECKED
720p,31,val_031.png,1280,720,921600,tree_of_shapes,4/8,ref5_original,1,0,1314.131542,97863,97863,97863,proposed,9419,1002,9246,9280,0,0,131,8142819930042752930,759.380667,11.822125,UNCHECKED
720p,31,val_031.png,1280,720,921600,tree_of_shapes,4/8,proposed,1,1,90.844458,97863,97863,97863,proposed,0,0,0,0,0,0,0,2871248863092490258,759.380667,11.822125,UNCHECKED
720p,31,val_031.png,1280,720,921600,tree_of_shapes,4/8,proposed,2,0,88.218250,97863,97863,97863,proposed,0,0,0,0,0,0,0,2871248863092490258,759.380667,11.822125,UNCHECKED
720p,31,val_031.png,1280,720,921600,tree_of_shapes,4/8,ref5_original,2,1,1318.526125,97863,97863,97863,proposed,9419,1002,9246,9280,0,0,131,8142819930042752930,759.380667,11.822125,UNCHECKED
720p,32,val_032.png,1280,720,921600,max_tree,8,ref6,0,0,82.041709,23813,23813,23813,proposed,0,0,0,0,0,0,0,16935433993693901608,150.264667,25.806417,UNCHECKED
720p,32,val_032.png,1280,720,921600,max_tree,8,proposed,0,1,85.806042,23813,23813,23813,proposed,0,0,0,0,0,0,0,16935433993693901608,150.264667,25.806417,UNCHECKED
720p,32,val_032.png,1280,720,921600,max_tree,8,proposed,1,0,86.049750,23813,23813,23813,proposed,0,0,0,0,0,0,0,16935433993693901608,150.264667,25.806417,UNCHECKED
720p,32,val_032.png,1280,720,921600,max_tree,8,ref6,1,1,82.454958,23813,23813,23813,proposed,0,0,0,0,0,0,0,16935433993693901608,150.264667,25.806417,UNCHECKED
720p,32,val_032.png,1280,720,921600,max_tree,8,ref6,2,0,81.804459,23813,23813,23813,proposed,0,0,0,0,0,0,0,16935433993693901608,150.264667,25.806417,UNCHECKED
720p,32,val_032.png,1280,720,921600,max_tree,8,proposed,2,1,85.792666,23813,23813,23813,proposed,0,0,0,0,0,0,0,16935433993693901608,150.264667,25.806417,UNCHECKED
720p,32,val_032.png,1280,720,921600,min_tree,8,proposed,0,0,85.033375,28305,28305,28305,proposed,0,0,0,0,0,0,0,14117051140461594722,145.346334,25.966542,UNCHECKED
720p,32,val_032.png,1280,720,921600,min_tree,8,ref6,0,1,81.282291,28305,28305,28305,proposed,0,0,0,0,0,0,0,14117051140461594722,145.346334,25.966542,UNCHECKED
720p,32,val_032.png,1280,720,921600,min_tree,8,ref6,1,0,80.569625,28305,28305,28305,proposed,0,0,0,0,0,0,0,14117051140461594722,145.346334,25.966542,UNCHECKED
720p,32,val_032.png,1280,720,921600,min_tree,8,proposed,1,1,84.402958,28305,28305,28305,proposed,0,0,0,0,0,0,0,14117051140461594722,145.346334,25.966542,UNCHECKED
720p,32,val_032.png,1280,720,921600,min_tree,8,proposed,2,0,84.854666,28305,28305,28305,proposed,0,0,0,0,0,0,0,14117051140461594722,145.346334,25.966542,UNCHECKED
720p,32,val_032.png,1280,720,921600,min_tree,8,ref6,2,1,85.320625,28305,28305,28305,proposed,0,0,0,0,0,0,0,14117051140461594722,145.346334,25.966542,UNCHECKED
720p,32,val_032.png,1280,720,921600,tree_of_shapes,4/8,ref5_original,0,0,1293.096250,54707,54707,54707,proposed,5799,586,5694,5738,0,0,192,6963926258795540870,743.571375,15.898583,UNCHECKED
720p,32,val_032.png,1280,720,921600,tree_of_shapes,4/8,proposed,0,1,82.309875,54707,54707,54707,proposed,0,0,0,0,0,0,0,418456501716175137,743.571375,15.898583,UNCHECKED
720p,32,val_032.png,1280,720,921600,tree_of_shapes,4/8,proposed,1,0,80.476834,54707,54707,54707,proposed,0,0,0,0,0,0,0,418456501716175137,743.571375,15.898583,UNCHECKED
720p,32,val_032.png,1280,720,921600,tree_of_shapes,4/8,ref5_original,1,1,1295.106583,54707,54707,54707,proposed,5799,586,5694,5738,0,0,192,6963926258795540870,743.571375,15.898583,UNCHECKED
720p,32,val_032.png,1280,720,921600,tree_of_shapes,4/8,ref5_original,2,0,1298.936500,54707,54707,54707,proposed,5799,586,5694,5738,0,0,192,6963926258795540870,743.571375,15.898583,UNCHECKED
720p,32,val_032.png,1280,720,921600,tree_of_shapes,4/8,proposed,2,1,84.015708,54707,54707,54707,proposed,0,0,0,0,0,0,0,418456501716175137,743.571375,15.898583,UNCHECKED
720p,33,val_033.png,1280,720,921600,max_tree,8,proposed,0,0,91.660334,65704,65704,65704,proposed,0,0,0,0,0,0,0,12013343070135267104,168.517459,13.697166,UNCHECKED
720p,33,val_033.png,1280,720,921600,max_tree,8,ref6,0,1,94.897417,65704,65704,65704,proposed,0,0,0,0,0,0,0,12013343070135267104,168.517459,13.697166,UNCHECKED
720p,33,val_033.png,1280,720,921600,max_tree,8,ref6,1,0,92.277708,65704,65704,65704,proposed,0,0,0,0,0,0,0,12013343070135267104,168.517459,13.697166,UNCHECKED
720p,33,val_033.png,1280,720,921600,max_tree,8,proposed,1,1,92.801042,65704,65704,65704,proposed,0,0,0,0,0,0,0,12013343070135267104,168.517459,13.697166,UNCHECKED
720p,33,val_033.png,1280,720,921600,max_tree,8,proposed,2,0,91.861166,65704,65704,65704,proposed,0,0,0,0,0,0,0,12013343070135267104,168.517459,13.697166,UNCHECKED
720p,33,val_033.png,1280,720,921600,max_tree,8,ref6,2,1,94.203416,65704,65704,65704,proposed,0,0,0,0,0,0,0,12013343070135267104,168.517459,13.697166,UNCHECKED
720p,33,val_033.png,1280,720,921600,min_tree,8,ref6,0,0,84.449000,55319,55319,55319,proposed,0,0,0,0,0,0,0,9971547042955556327,157.892375,16.554250,UNCHECKED
720p,33,val_033.png,1280,720,921600,min_tree,8,proposed,0,1,91.987208,55319,55319,55319,proposed,0,0,0,0,0,0,0,9971547042955556327,157.892375,16.554250,UNCHECKED
720p,33,val_033.png,1280,720,921600,min_tree,8,proposed,1,0,92.148791,55319,55319,55319,proposed,0,0,0,0,0,0,0,9971547042955556327,157.892375,16.554250,UNCHECKED
720p,33,val_033.png,1280,720,921600,min_tree,8,ref6,1,1,90.655750,55319,55319,55319,proposed,0,0,0,0,0,0,0,9971547042955556327,157.892375,16.554250,UNCHECKED
720p,33,val_033.png,1280,720,921600,min_tree,8,ref6,2,0,93.671667,55319,55319,55319,proposed,0,0,0,0,0,0,0,9971547042955556327,157.892375,16.554250,UNCHECKED
720p,33,val_033.png,1280,720,921600,min_tree,8,proposed,2,1,92.874500,55319,55319,55319,proposed,0,0,0,0,0,0,0,9971547042955556327,157.892375,16.554250,UNCHECKED
720p,33,val_033.png,1280,720,921600,tree_of_shapes,4/8,proposed,0,0,104.591666,129593,129593,129593,proposed,0,0,0,0,0,0,0,14678686500111949508,782.790167,10.640125,UNCHECKED
720p,33,val_033.png,1280,720,921600,tree_of_shapes,4/8,ref5_original,0,1,1325.544625,129593,129593,129593,proposed,15148,1866,14805,14901,0,0,109,5744081797025089298,782.790167,10.640125,UNCHECKED
720p,33,val_033.png,1280,720,921600,tree_of_shapes,4/8,ref5_original,1,0,1345.558834,129593,129593,129593,proposed,15148,1866,14805,14901,0,0,109,5744081797025089298,782.790167,10.640125,UNCHECKED
720p,33,val_033.png,1280,720,921600,tree_of_shapes,4/8,proposed,1,1,101.333500,129593,129593,129593,proposed,0,0,0,0,0,0,0,14678686500111949508,782.790167,10.640125,UNCHECKED
720p,33,val_033.png,1280,720,921600,tree_of_shapes,4/8,proposed,2,0,97.417875,129593,129593,129593,proposed,0,0,0,0,0,0,0,14678686500111949508,782.790167,10.640125,UNCHECKED
720p,33,val_033.png,1280,720,921600,tree_of_shapes,4/8,ref5_original,2,1,1348.384916,129593,129593,129593,proposed,15148,1866,14805,14901,0,0,109,5744081797025089298,782.790167,10.640125,UNCHECKED
720p,34,val_034.png,1280,720,921600,max_tree,8,ref6,0,0,91.443333,85606,85606,85606,proposed,0,0,0,0,0,0,0,129913266441547396,157.421625,15.991167,UNCHECKED
720p,34,val_034.png,1280,720,921600,max_tree,8,proposed,0,1,93.844792,85606,85606,85606,proposed,0,0,0,0,0,0,0,129913266441547396,157.421625,15.991167,UNCHECKED
720p,34,val_034.png,1280,720,921600,max_tree,8,proposed,1,0,96.460625,85606,85606,85606,proposed,0,0,0,0,0,0,0,129913266441547396,157.421625,15.991167,UNCHECKED
720p,34,val_034.png,1280,720,921600,max_tree,8,ref6,1,1,99.317000,85606,85606,85606,proposed,0,0,0,0,0,0,0,129913266441547396,157.421625,15.991167,UNCHECKED
720p,34,val_034.png,1280,720,921600,max_tree,8,ref6,2,0,93.438584,85606,85606,85606,proposed,0,0,0,0,0,0,0,129913266441547396,157.421625,15.991167,UNCHECKED
720p,34,val_034.png,1280,720,921600,max_tree,8,proposed,2,1,97.129500,85606,85606,85606,proposed,0,0,0,0,0,0,0,129913266441547396,157.421625,15.991167,UNCHECKED
720p,34,val_034.png,1280,720,921600,min_tree,8,proposed,0,0,104.287958,52325,52325,52325,proposed,0,0,0,0,0,0,0,2011968053947345587,156.600666,25.538875,UNCHECKED
720p,34,val_034.png,1280,720,921600,min_tree,8,ref6,0,1,94.625625,52325,52325,52325,proposed,0,0,0,0,0,0,0,2011968053947345587,156.600666,25.538875,UNCHECKED
720p,34,val_034.png,1280,720,921600,min_tree,8,ref6,1,0,95.152625,52325,52325,52325,proposed,0,0,0,0,0,0,0,2011968053947345587,156.600666,25.538875,UNCHECKED
720p,34,val_034.png,1280,720,921600,min_tree,8,proposed,1,1,94.289208,52325,52325,52325,proposed,0,0,0,0,0,0,0,2011968053947345587,156.600666,25.538875,UNCHECKED
720p,34,val_034.png,1280,720,921600,min_tree,8,proposed,2,0,95.092083,52325,52325,52325,proposed,0,0,0,0,0,0,0,2011968053947345587,156.600666,25.538875,UNCHECKED
720p,34,val_034.png,1280,720,921600,min_tree,8,ref6,2,1,84.533333,52325,52325,52325,proposed,0,0,0,0,0,0,0,2011968053947345587,156.600666,25.538875,UNCHECKED
720p,34,val_034.png,1280,720,921600,tree_of_shapes,4/8,ref5_original,0,0,1348.203917,152664,152664,152664,proposed,10006,1124,9775,9861,0,0,347,11427758329968937771,807.173875,10.403000,UNCHECKED
720p,34,val_034.png,1280,720,921600,tree_of_shapes,4/8,proposed,0,1,110.673958,152664,152664,152664,proposed,0,0,0,0,0,0,0,16839332115353425982,807.173875,10.403000,UNCHECKED
720p,34,val_034.png,1280,720,921600,tree_of_shapes,4/8,proposed,1,0,107.819625,152664,152664,152664,proposed,0,0,0,0,0,0,0,16839332115353425982,807.173875,10.403000,UNCHECKED
720p,34,val_034.png,1280,720,921600,tree_of_shapes,4/8,ref5_original,1,1,1355.015291,152664,152664,152664,proposed,10006,1124,9775,9861,0,0,347,11427758329968937771,807.173875,10.403000,UNCHECKED
720p,34,val_034.png,1280,720,921600,tree_of_shapes,4/8,ref5_original,2,0,1341.557250,152664,152664,152664,proposed,10006,1124,9775,9861,0,0,347,11427758329968937771,807.173875,10.403000,UNCHECKED
720p,34,val_034.png,1280,720,921600,tree_of_shapes,4/8,proposed,2,1,107.888583,152664,152664,152664,proposed,0,0,0,0,0,0,0,16839332115353425982,807.173875,10.403000,UNCHECKED
720p,35,val_035.png,1280,720,921600,max_tree,8,proposed,0,0,84.743292,45385,45385,45385,proposed,0,0,0,0,0,0,0,13643516921898738136,144.502250,24.514541,UNCHECKED
720p,35,val_035.png,1280,720,921600,max_tree,8,ref6,0,1,81.662625,45385,45385,45385,proposed,0,0,0,0,0,0,0,13643516921898738136,144.502250,24.514541,UNCHECKED
720p,35,val_035.png,1280,720,921600,max_tree,8,ref6,1,0,80.933542,45385,45385,45385,proposed,0,0,0,0,0,0,0,13643516921898738136,144.502250,24.514541,UNCHECKED
720p,35,val_035.png,1280,720,921600,max_tree,8,proposed,1,1,85.217375,45385,45385,45385,proposed,0,0,0,0,0,0,0,13643516921898738136,144.502250,24.514541,UNCHECKED
720p,35,val_035.png,1280,720,921600,max_tree,8,proposed,2,0,85.397875,45385,45385,45385,proposed,0,0,0,0,0,0,0,13643516921898738136,144.502250,24.514541,UNCHECKED
720p,35,val_035.png,1280,720,921600,max_tree,8,ref6,2,1,81.616000,45385,45385,45385,proposed,0,0,0,0,0,0,0,13643516921898738136,144.502250,24.514541,UNCHECKED
720p,35,val_035.png,1280,720,921600,min_tree,8,ref6,0,0,83.080959,31968,31968,31968,proposed,0,0,0,0,0,0,0,8188254044004279305,142.327125,29.918875,UNCHECKED
720p,35,val_035.png,1280,720,921600,min_tree,8,proposed,0,1,84.192334,31968,31968,31968,proposed,0,0,0,0,0,0,0,8188254044004279305,142.327125,29.918875,UNCHECKED
720p,35,val_035.png,1280,720,921600,min_tree,8,proposed,1,0,84.845959,31968,31968,31968,proposed,0,0,0,0,0,0,0,8188254044004279305,142.327125,29.918875,UNCHECKED
720p,35,val_035.png,1280,720,921600,min_tree,8,ref6,1,1,81.559584,31968,31968,31968,proposed,0,0,0,0,0,0,0,8188254044004279305,142.327125,29.918875,UNCHECKED
720p,35,val_035.png,1280,720,921600,min_tree,8,ref6,2,0,85.355917,31968,31968,31968,proposed,0,0,0,0,0,0,0,8188254044004279305,142.327125,29.918875,UNCHECKED
720p,35,val_035.png,1280,720,921600,min_tree,8,proposed,2,1,83.619042,31968,31968,31968,proposed,0,0,0,0,0,0,0,8188254044004279305,142.327125,29.918875,UNCHECKED
720p,35,val_035.png,1280,720,921600,tree_of_shapes,4/8,proposed,0,0,90.650958,83620,83620,83620,proposed,0,0,0,0,0,0,0,759995859179442308,738.417458,16.658875,UNCHECKED
720p,35,val_035.png,1280,720,921600,tree_of_shapes,4/8,ref5_original,0,1,1294.289542,83620,83620,83620,proposed,6574,792,6421,6482,0,0,299,1444002430048275473,738.417458,16.658875,UNCHECKED
720p,35,val_035.png,1280,720,921600,tree_of_shapes,4/8,ref5_original,1,0,1270.575916,83620,83620,83620,proposed,6574,792,6421,6482,0,0,299,1444002430048275473,738.417458,16.658875,UNCHECKED
720p,35,val_035.png,1280,720,921600,tree_of_shapes,4/8,proposed,1,1,86.703584,83620,83620,83620,proposed,0,0,0,0,0,0,0,759995859179442308,738.417458,16.658875,UNCHECKED
720p,35,val_035.png,1280,720,921600,tree_of_shapes,4/8,proposed,2,0,83.475000,83620,83620,83620,proposed,0,0,0,0,0,0,0,759995859179442308,738.417458,16.658875,UNCHECKED
720p,35,val_035.png,1280,720,921600,tree_of_shapes,4/8,ref5_original,2,1,1269.253041,83620,83620,83620,proposed,6574,792,6421,6482,0,0,299,1444002430048275473,738.417458,16.658875,UNCHECKED
720p,36,val_036.png,1280,720,921600,max_tree,8,ref6,0,0,86.969708,46510,46510,46510,proposed,0,0,0,0,0,0,0,16455542756008645893,150.662000,22.158042,UNCHECKED
720p,36,val_036.png,1280,720,921600,max_tree,8,proposed,0,1,93.273125,46510,46510,46510,proposed,0,0,0,0,0,0,0,16455542756008645893,150.662000,22.158042,UNCHECKED
720p,36,val_036.png,1280,720,921600,max_tree,8,proposed,1,0,95.763334,46510,46510,46510,proposed,0,0,0,0,0,0,0,16455542756008645893,150.662000,22.158042,UNCHECKED
720p,36,val_036.png,1280,720,921600,max_tree,8,ref6,1,1,83.639958,46510,46510,46510,proposed,0,0,0,0,0,0,0,16455542756008645893,150.662000,22.158042,UNCHECKED
720p,36,val_036.png,1280,720,921600,max_tree,8,ref6,2,0,82.228334,46510,46510,46510,proposed,0,0,0,0,0,0,0,16455542756008645893,150.662000,22.158042,UNCHECKED
720p,36,val_036.png,1280,720,921600,max_tree,8,proposed,2,1,95.295375,46510,46510,46510,proposed,0,0,0,0,0,0,0,16455542756008645893,150.662000,22.158042,UNCHECKED
720p,36,val_036.png,1280,720,921600,min_tree,8,proposed,0,0,87.591125,35859,35859,35859,proposed,0,0,0,0,0,0,0,17519445490216995272,146.324958,29.335458,UNCHECKED
720p,36,val_036.png,1280,720,921600,min_tree,8,ref6,0,1,81.160250,35859,35859,35859,proposed,0,0,0,0,0,0,0,17519445490216995272,146.324958,29.335458,UNCHECKED
720p,36,val_036.png,1280,720,921600,min_tree,8,ref6,1,0,80.524875,35859,35859,35859,proposed,0,0,0,0,0,0,0,17519445490216995272,146.324958,29.335458,UNCHECKED
720p,36,val_036.png,1280,720,921600,min_tree,8,proposed,1,1,87.967791,35859,35859,35859,proposed,0,0,0,0,0,0,0,17519445490216995272,146.324958,29.335458,UNCHECKED
720p,36,val_036.png,1280,720,921600,min_tree,8,proposed,2,0,87.864167,35859,35859,35859,proposed,0,0,0,0,0,0,0,17519445490216995272,146.324958,29.335458,UNCHECKED
720p,36,val_036.png,1280,720,921600,min_tree,8,ref6,2,1,82.729916,35859,35859,35859,proposed,0,0,0,0,0,0,0,17519445490216995272,146.324958,29.335458,UNCHECKED
720p,36,val_036.png,1280,720,921600,tree_of_shapes,4/8,ref5_original,0,0,1313.640708,92838,92838,92838,proposed,10607,731,10508,10519,0,0,186,11364902749035509528,742.045167,11.907708,UNCHECKED
720p,36,val_036.png,1280,720,921600,tree_of_shapes,4/8,proposed,0,1,89.977875,92838,92838,92838,proposed,0,0,0,0,0,0,0,8541396098722558850,742.045167,11.907708,UNCHECKED
720p,36,val_036.png,1280,720,921600,tree_of_shapes,4/8,proposed,1,0,87.062500,92838,92838,92838,proposed,0,0,0,0,0,0,0,8541396098722558850,742.045167,11.907708,UNCHECKED
720p,36,val_036.png,1280,720,921600,tree_of_shapes,4/8,ref5_original,1,1,1315.327208,92838,92838,92838,proposed,10607,731,10508,10519,0,0,186,11364902749035509528,742.045167,11.907708,UNCHECKED
720p,36,val_036.png,1280,720,921600,tree_of_shapes,4/8,ref5_original,2,0,1286.762250,92838,92838,92838,proposed,10607,731,10508,10519,0,0,186,11364902749035509528,742.045167,11.907708,UNCHECKED
720p,36,val_036.png,1280,720,921600,tree_of_shapes,4/8,proposed,2,1,90.966333,92838,92838,92838,proposed,0,0,0,0,0,0,0,8541396098722558850,742.045167,11.907708,UNCHECKED
720p,37,val_037.png,1280,720,921600,max_tree,8,proposed,0,0,102.555584,72880,72880,72880,proposed,0,0,0,0,0,0,0,1607315975084653887,161.864416,10.128542,UNCHECKED
720p,37,val_037.png,1280,720,921600,max_tree,8,ref6,0,1,84.790791,72880,72880,72880,proposed,0,0,0,0,0,0,0,1607315975084653887,161.864416,10.128542,UNCHECKED
720p,37,val_037.png,1280,720,921600,max_tree,8,ref6,1,0,83.944667,72880,72880,72880,proposed,0,0,0,0,0,0,0,1607315975084653887,161.864416,10.128542,UNCHECKED
720p,37,val_037.png,1280,720,921600,max_tree,8,proposed,1,1,103.528958,72880,72880,72880,proposed,0,0,0,0,0,0,0,1607315975084653887,161.864416,10.128542,UNCHECKED
720p,37,val_037.png,1280,720,921600,max_tree,8,proposed,2,0,103.242125,72880,72880,72880,proposed,0,0,0,0,0,0,0,1607315975084653887,161.864416,10.128542,UNCHECKED
720p,37,val_037.png,1280,720,921600,max_tree,8,ref6,2,1,82.906458,72880,72880,72880,proposed,0,0,0,0,0,0,0,1607315975084653887,161.864416,10.128542,UNCHECKED
720p,37,val_037.png,1280,720,921600,min_tree,8,ref6,0,0,86.032500,51699,51699,51699,proposed,0,0,0,0,0,0,0,4972659532377666152,155.522208,19.764833,UNCHECKED
720p,37,val_037.png,1280,720,921600,min_tree,8,proposed,0,1,101.820750,51699,51699,51699,proposed,0,0,0,0,0,0,0,4972659532377666152,155.522208,19.764833,UNCHECKED
720p,37,val_037.png,1280,720,921600,min_tree,8,proposed,1,0,104.024542,51699,51699,51699,proposed,0,0,0,0,0,0,0,4972659532377666152,155.522208,19.764833,UNCHECKED
720p,37,val_037.png,1280,720,921600,min_tree,8,ref6,1,1,83.902125,51699,51699,51699,proposed,0,0,0,0,0,0,0,4972659532377666152,155.522208,19.764833,UNCHECKED
720p,37,val_037.png,1280,720,921600,min_tree,8,ref6,2,0,83.128666,51699,51699,51699,proposed,0,0,0,0,0,0,0,4972659532377666152,155.522208,19.764833,UNCHECKED
720p,37,val_037.png,1280,720,921600,min_tree,8,proposed,2,1,102.524875,51699,51699,51699,proposed,0,0,0,0,0,0,0,4972659532377666152,155.522208,19.764833,UNCHECKED
720p,37,val_037.png,1280,720,921600,tree_of_shapes,4/8,proposed,0,0,102.036083,136389,136389,136389,proposed,0,0,0,0,0,0,0,16052472793329540394,794.513000,8.614792,UNCHECKED
720p,37,val_037.png,1280,720,921600,tree_of_shapes,4/8,ref5_original,0,1,1363.406458,136389,136389,136389,proposed,13342,1459,13056,13138,0,0,261,11788021139048653420,794.513000,8.614792,UNCHECKED
720p,37,val_037.png,1280,720,921600,tree_of_shapes,4/8,ref5_original,1,0,1351.940834,136389,136389,136389,proposed,13342,1459,13056,13138,0,0,261,11788021139048653420,794.513000,8.614792,UNCHECKED
720p,37,val_037.png,1280,720,921600,tree_of_shapes,4/8,proposed,1,1,107.169250,136389,136389,136389,proposed,0,0,0,0,0,0,0,16052472793329540394,794.513000,8.614792,UNCHECKED
720p,37,val_037.png,1280,720,921600,tree_of_shapes,4/8,proposed,2,0,103.189208,136389,136389,136389,proposed,0,0,0,0,0,0,0,16052472793329540394,794.513000,8.614792,UNCHECKED
720p,37,val_037.png,1280,720,921600,tree_of_shapes,4/8,ref5_original,2,1,1358.191833,136389,136389,136389,proposed,13342,1459,13056,13138,0,0,261,11788021139048653420,794.513000,8.614792,UNCHECKED
720p,38,val_038.png,1280,720,921600,max_tree,8,ref6,0,0,90.421459,45266,45266,45266,proposed,0,0,0,0,0,0,0,1670261303929990205,150.071708,25.330792,UNCHECKED
720p,38,val_038.png,1280,720,921600,max_tree,8,proposed,0,1,81.984375,45266,45266,45266,proposed,0,0,0,0,0,0,0,1670261303929990205,150.071708,25.330792,UNCHECKED
720p,38,val_038.png,1280,720,921600,max_tree,8,proposed,1,0,81.890375,45266,45266,45266,proposed,0,0,0,0,0,0,0,1670261303929990205,150.071708,25.330792,UNCHECKED
720p,38,val_038.png,1280,720,921600,max_tree,8,ref6,1,1,93.607375,45266,45266,45266,proposed,0,0,0,0,0,0,0,1670261303929990205,150.071708,25.330792,UNCHECKED
720p,38,val_038.png,1280,720,921600,max_tree,8,ref6,2,0,86.640417,45266,45266,45266,proposed,0,0,0,0,0,0,0,1670261303929990205,150.071708,25.330792,UNCHECKED
720p,38,val_038.png,1280,720,921600,max_tree,8,proposed,2,1,89.580041,45266,45266,45266,proposed,0,0,0,0,0,0,0,1670261303929990205,150.071708,25.330792,UNCHECKED
720p,38,val_038.png,1280,720,921600,min_tree,8,proposed,0,0,89.115250,34826,34826,34826,proposed,0,0,0,0,0,0,0,5691315022131172515,145.648416,26.277292,UNCHECKED
720p,38,val_038.png,1280,720,921600,min_tree,8,ref6,0,1,83.381500,34826,34826,34826,proposed,0,0,0,0,0,0,0,5691315022131172515,145.648416,26.277292,UNCHECKED
720p,38,val_038.png,1280,720,921600,min_tree,8,ref6,1,0,80.235042,34826,34826,34826,proposed,0,0,0,0,0,0,0,5691315022131172515,145.648416,26.277292,UNCHECKED
720p,38,val_038.png,1280,720,921600,min_tree,8,proposed,1,1,88.193167,34826,34826,34826,proposed,0,0,0,0,0,0,0,5691315022131172515,145.648416,26.277292,UNCHECKED
720p,38,val_038.png,1280,720,921600,min_tree,8,proposed,2,0,89.107625,34826,34826,34826,proposed,0,0,0,0,0,0,0,5691315022131172515,145.648416,26.277292,UNCHECKED
720p,38,val_038.png,1280,720,921600,min_tree,8,ref6,2,1,78.914584,34826,34826,34826,proposed,0,0,0,0,0,0,0,5691315022131172515,145.648416,26.277292,UNCHECKED
720p,38,val_038.png,1280,720,921600,tree_of_shapes,4/8,ref5_original,0,0,1271.421625,87022,87022,87022,proposed,7424,1332,7168,7210,0,0,385,3008796709181756141,724.225625,17.928667,UNCHECKED
720p,38,val_038.png,1280,720,921600,tree_of_shapes,4/8,proposed,0,1,88.558458,87022,87022,87022,proposed,0,0,0,0,0,0,0,12355807525866170384,724.225625,17.928667,UNCHECKED
720p,38,val_038.png,1280,720,921600,tree_of_shapes,4/8,proposed,1,0,80.665167,87022,87022,87022,proposed,0,0,0,0,0,0,0,12355807525866170384,724.225625,17.928667,UNCHECKED
720p,38,val_038.png,1280,720,921600,tree_of_shapes,4/8,ref5_original,1,1,1249.411000,87022,87022,87022,proposed,7424,1332,7168,7210,0,0,385,3008796709181756141,724.225625,17.928667,UNCHECKED
720p,38,val_038.png,1280,720,921600,tree_of_shapes,4/8,ref5_original,2,0,1266.159792,87022,87022,87022,proposed,7424,1332,7168,7210,0,0,385,3008796709181756141,724.225625,17.928667,UNCHECKED
720p,38,val_038.png,1280,720,921600,tree_of_shapes,4/8,proposed,2,1,84.931459,87022,87022,87022,proposed,0,0,0,0,0,0,0,12355807525866170384,724.225625,17.928667,UNCHECKED
720p,39,val_039.png,1280,720,921600,max_tree,8,proposed,0,0,97.864250,82914,82914,82914,proposed,0,0,0,0,0,0,0,9673526950335451727,158.906125,14.036584,UNCHECKED
720p,39,val_039.png,1280,720,921600,max_tree,8,ref6,0,1,87.754334,82914,82914,82914,proposed,0,0,0,0,0,0,0,9673526950335451727,158.906125,14.036584,UNCHECKED
720p,39,val_039.png,1280,720,921600,max_tree,8,ref6,1,0,86.921333,82914,82914,82914,proposed,0,0,0,0,0,0,0,9673526950335451727,158.906125,14.036584,UNCHECKED
720p,39,val_039.png,1280,720,921600,max_tree,8,proposed,1,1,98.640208,82914,82914,82914,proposed,0,0,0,0,0,0,0,9673526950335451727,158.906125,14.036584,UNCHECKED
720p,39,val_039.png,1280,720,921600,max_tree,8,proposed,2,0,98.204417,82914,82914,82914,proposed,0,0,0,0,0,0,0,9673526950335451727,158.906125,14.036584,UNCHECKED
720p,39,val_039.png,1280,720,921600,max_tree,8,ref6,2,1,88.553458,82914,82914,82914,proposed,0,0,0,0,0,0,0,9673526950335451727,158.906125,14.036584,UNCHECKED
720p,39,val_039.png,1280,720,921600,min_tree,8,ref6,0,0,94.106292,62132,62132,62132,proposed,0,0,0,0,0,0,0,6518258910653031803,158.970625,21.710292,UNCHECKED
720p,39,val_039.png,1280,720,921600,min_tree,8,proposed,0,1,95.672334,62132,62132,62132,proposed,0,0,0,0,0,0,0,6518258910653031803,158.970625,21.710292,UNCHECKED
720p,39,val_039.png,1280,720,921600,min_tree,8,proposed,1,0,96.718750,62132,62132,62132,proposed,0,0,0,0,0,0,0,6518258910653031803,158.970625,21.710292,UNCHECKED
720p,39,val_039.png,1280,720,921600,min_tree,8,ref6,1,1,86.619917,62132,62132,62132,proposed,0,0,0,0,0,0,0,6518258910653031803,158.970625,21.710292,UNCHECKED
720p,39,val_039.png,1280,720,921600,min_tree,8,ref6,2,0,86.684708,62132,62132,62132,proposed,0,0,0,0,0,0,0,6518258910653031803,158.970625,21.710292,UNCHECKED
720p,39,val_039.png,1280,720,921600,min_tree,8,proposed,2,1,103.883333,62132,62132,62132,proposed,0,0,0,0,0,0,0,6518258910653031803,158.970625,21.710292,UNCHECKED
720p,39,val_039.png,1280,720,921600,tree_of_shapes,4/8,proposed,0,0,108.878875,154898,154898,154898,proposed,0,0,0,0,0,0,0,10874335922747244714,832.579334,10.211375,UNCHECKED
720p,39,val_039.png,1280,720,921600,tree_of_shapes,4/8,ref5_original,0,1,1338.463708,154898,154898,154898,proposed,14050,1353,13801,13879,0,0,219,307320557961197533,832.579334,10.211375,UNCHECKED
720p,39,val_039.png,1280,720,921600,tree_of_shapes,4/8,ref5_original,1,0,1345.146375,154898,154898,154898,proposed,14050,1353,13801,13879,0,0,219,307320557961197533,832.579334,10.211375,UNCHECKED
720p,39,val_039.png,1280,720,921600,tree_of_shapes,4/8,proposed,1,1,112.490625,154898,154898,154898,proposed,0,0,0,0,0,0,0,10874335922747244714,832.579334,10.211375,UNCHECKED
720p,39,val_039.png,1280,720,921600,tree_of_shapes,4/8,proposed,2,0,123.258166,154898,154898,154898,proposed,0,0,0,0,0,0,0,10874335922747244714,832.579334,10.211375,UNCHECKED
720p,39,val_039.png,1280,720,921600,tree_of_shapes,4/8,ref5_original,2,1,1354.474291,154898,154898,154898,proposed,14050,1353,13801,13879,0,0,219,307320557961197533,832.579334,10.211375,UNCHECKED
720p,40,val_040.png,1280,720,921600,max_tree,8,ref6,0,0,82.606666,36556,36556,36556,proposed,0,0,0,0,0,0,0,2711164307256166904,146.713083,22.689959,UNCHECKED
720p,40,val_040.png,1280,720,921600,max_tree,8,proposed,0,1,100.153209,36556,36556,36556,proposed,0,0,0,0,0,0,0,2711164307256166904,146.713083,22.689959,UNCHECKED
720p,40,val_040.png,1280,720,921600,max_tree,8,proposed,1,0,99.932625,36556,36556,36556,proposed,0,0,0,0,0,0,0,2711164307256166904,146.713083,22.689959,UNCHECKED
720p,40,val_040.png,1280,720,921600,max_tree,8,ref6,1,1,88.825833,36556,36556,36556,proposed,0,0,0,0,0,0,0,2711164307256166904,146.713083,22.689959,UNCHECKED
720p,40,val_040.png,1280,720,921600,max_tree,8,ref6,2,0,88.507750,36556,36556,36556,proposed,0,0,0,0,0,0,0,2711164307256166904,146.713083,22.689959,UNCHECKED
720p,40,val_040.png,1280,720,921600,max_tree,8,proposed,2,1,99.994541,36556,36556,36556,proposed,0,0,0,0,0,0,0,2711164307256166904,146.713083,22.689959,UNCHECKED
720p,40,val_040.png,1280,720,921600,min_tree,8,proposed,0,0,89.236708,32285,32285,32285,proposed,0,0,0,0,0,0,0,12809300474021163420,147.685458,27.958792,UNCHECKED
720p,40,val_040.png,1280,720,921600,min_tree,8,ref6,0,1,83.286125,32285,32285,32285,proposed,0,0,0,0,0,0,0,12809300474021163420,147.685458,27.958792,UNCHECKED
720p,40,val_040.png,1280,720,921600,min_tree,8,ref6,1,0,82.302791,32285,32285,32285,proposed,0,0,0,0,0,0,0,12809300474021163420,147.685458,27.958792,UNCHECKED
720p,40,val_040.png,1280,720,921600,min_tree,8,proposed,1,1,92.438708,32285,32285,32285,proposed,0,0,0,0,0,0,0,12809300474021163420,147.685458,27.958792,UNCHECKED
720p,40,val_040.png,1280,720,921600,min_tree,8,proposed,2,0,91.371334,32285,32285,32285,proposed,0,0,0,0,0,0,0,12809300474021163420,147.685458,27.958792,UNCHECKED
720p,40,val_040.png,1280,720,921600,min_tree,8,ref6,2,1,86.742125,32285,32285,32285,proposed,0,0,0,0,0,0,0,12809300474021163420,147.685458,27.958792,UNCHECKED
720p,40,val_040.png,1280,720,921600,tree_of_shapes,4/8,ref5_original,0,0,1304.330666,73153,73153,73153,proposed,6414,640,6306,6334,0,0,84,9158319543077468160,755.668250,10.453542,UNCHECKED
720p,40,val_040.png,1280,720,921600,tree_of_shapes,4/8,proposed,0,1,90.686125,73153,73153,73153,proposed,0,0,0,0,0,0,0,16244534815652102892,755.668250,10.453542,UNCHECKED
720p,40,val_040.png,1280,720,921600,tree_of_shapes,4/8,proposed,1,0,89.470791,73153,73153,73153,proposed,0,0,0,0,0,0,0,16244534815652102892,755.668250,10.453542,UNCHECKED
720p,40,val_040.png,1280,720,921600,tree_of_shapes,4/8,ref5_original,1,1,1318.084792,73153,73153,73153,proposed,6414,640,6306,6334,0,0,84,9158319543077468160,755.668250,10.453542,UNCHECKED
720p,40,val_040.png,1280,720,921600,tree_of_shapes,4/8,ref5_original,2,0,1318.692125,73153,73153,73153,proposed,6414,640,6306,6334,0,0,84,9158319543077468160,755.668250,10.453542,UNCHECKED
720p,40,val_040.png,1280,720,921600,tree_of_shapes,4/8,proposed,2,1,91.422417,73153,73153,73153,proposed,0,0,0,0,0,0,0,16244534815652102892,755.668250,10.453542,UNCHECKED
720p,41,val_041.png,1280,720,921600,max_tree,8,proposed,0,0,88.244292,48980,48980,48980,proposed,0,0,0,0,0,0,0,12039301274536790748,153.305000,21.120958,UNCHECKED
720p,41,val_041.png,1280,720,921600,max_tree,8,ref6,0,1,82.496750,48980,48980,48980,proposed,0,0,0,0,0,0,0,12039301274536790748,153.305000,21.120958,UNCHECKED
720p,41,val_041.png,1280,720,921600,max_tree,8,ref6,1,0,82.129000,48980,48980,48980,proposed,0,0,0,0,0,0,0,12039301274536790748,153.305000,21.120958,UNCHECKED
720p,41,val_041.png,1280,720,921600,max_tree,8,proposed,1,1,97.029709,48980,48980,48980,proposed,0,0,0,0,0,0,0,12039301274536790748,153.305000,21.120958,UNCHECKED
720p,41,val_041.png,1280,720,921600,max_tree,8,proposed,2,0,97.941334,48980,48980,48980,proposed,0,0,0,0,0,0,0,12039301274536790748,153.305000,21.120958,UNCHECKED
720p,41,val_041.png,1280,720,921600,max_tree,8,ref6,2,1,83.642208,48980,48980,48980,proposed,0,0,0,0,0,0,0,12039301274536790748,153.305000,21.120958,UNCHECKED
720p,41,val_041.png,1280,720,921600,min_tree,8,ref6,0,0,85.492292,43393,43393,43393,proposed,0,0,0,0,0,0,0,9015358533398852230,149.563458,23.412625,UNCHECKED
720p,41,val_041.png,1280,720,921600,min_tree,8,proposed,0,1,98.027666,43393,43393,43393,proposed,0,0,0,0,0,0,0,9015358533398852230,149.563458,23.412625,UNCHECKED
720p,41,val_041.png,1280,720,921600,min_tree,8,proposed,1,0,87.635250,43393,43393,43393,proposed,0,0,0,0,0,0,0,9015358533398852230,149.563458,23.412625,UNCHECKED
720p,41,val_041.png,1280,720,921600,min_tree,8,ref6,1,1,83.796167,43393,43393,43393,proposed,0,0,0,0,0,0,0,9015358533398852230,149.563458,23.412625,UNCHECKED
720p,41,val_041.png,1280,720,921600,min_tree,8,ref6,2,0,82.723958,43393,43393,43393,proposed,0,0,0,0,0,0,0,9015358533398852230,149.563458,23.412625,UNCHECKED
720p,41,val_041.png,1280,720,921600,min_tree,8,proposed,2,1,93.411209,43393,43393,43393,proposed,0,0,0,0,0,0,0,9015358533398852230,149.563458,23.412625,UNCHECKED
720p,41,val_041.png,1280,720,921600,tree_of_shapes,4/8,proposed,0,0,90.423500,97682,97682,97682,proposed,0,0,0,0,0,0,0,6125654633249770645,759.245833,12.334750,UNCHECKED
720p,41,val_041.png,1280,720,921600,tree_of_shapes,4/8,ref5_original,0,1,1307.316667,97682,97682,97682,proposed,11119,972,10986,11018,0,0,103,16007002590163816363,759.245833,12.334750,UNCHECKED
720p,41,val_041.png,1280,720,921600,tree_of_shapes,4/8,ref5_original,1,0,1306.210167,97682,97682,97682,proposed,11119,972,10986,11018,0,0,103,16007002590163816363,759.245833,12.334750,UNCHECKED
720p,41,val_041.png,1280,720,921600,tree_of_shapes,4/8,proposed,1,1,91.079125,97682,97682,97682,proposed,0,0,0,0,0,0,0,6125654633249770645,759.245833,12.334750,UNCHECKED
720p,41,val_041.png,1280,720,921600,tree_of_shapes,4/8,proposed,2,0,88.228500,97682,97682,97682,proposed,0,0,0,0,0,0,0,6125654633249770645,759.245833,12.334750,UNCHECKED
720p,41,val_041.png,1280,720,921600,tree_of_shapes,4/8,ref5_original,2,1,1307.467542,97682,97682,97682,proposed,11119,972,10986,11018,0,0,103,16007002590163816363,759.245833,12.334750,UNCHECKED
720p,42,val_042.png,1280,720,921600,max_tree,8,ref6,0,0,88.690000,74616,74616,74616,proposed,0,0,0,0,0,0,0,18114452348957185073,166.349500,11.094291,UNCHECKED
720p,42,val_042.png,1280,720,921600,max_tree,8,proposed,0,1,104.135667,74616,74616,74616,proposed,0,0,0,0,0,0,0,18114452348957185073,166.349500,11.094291,UNCHECKED
720p,42,val_042.png,1280,720,921600,max_tree,8,proposed,1,0,104.661167,74616,74616,74616,proposed,0,0,0,0,0,0,0,18114452348957185073,166.349500,11.094291,UNCHECKED
720p,42,val_042.png,1280,720,921600,max_tree,8,ref6,1,1,89.216792,74616,74616,74616,proposed,0,0,0,0,0,0,0,18114452348957185073,166.349500,11.094291,UNCHECKED
720p,42,val_042.png,1280,720,921600,max_tree,8,ref6,2,0,90.143167,74616,74616,74616,proposed,0,0,0,0,0,0,0,18114452348957185073,166.349500,11.094291,UNCHECKED
720p,42,val_042.png,1280,720,921600,max_tree,8,proposed,2,1,105.262542,74616,74616,74616,proposed,0,0,0,0,0,0,0,18114452348957185073,166.349500,11.094291,UNCHECKED
720p,42,val_042.png,1280,720,921600,min_tree,8,proposed,0,0,96.003875,64889,64889,64889,proposed,0,0,0,0,0,0,0,16241629921241897618,161.343541,12.952792,UNCHECKED
720p,42,val_042.png,1280,720,921600,min_tree,8,ref6,0,1,89.310333,64889,64889,64889,proposed,0,0,0,0,0,0,0,16241629921241897618,161.343541,12.952792,UNCHECKED
720p,42,val_042.png,1280,720,921600,min_tree,8,ref6,1,0,85.783708,64889,64889,64889,proposed,0,0,0,0,0,0,0,16241629921241897618,161.343541,12.952792,UNCHECKED
720p,42,val_042.png,1280,720,921600,min_tree,8,proposed,1,1,95.787792,64889,64889,64889,proposed,0,0,0,0,0,0,0,16241629921241897618,161.343541,12.952792,UNCHECKED
720p,42,val_042.png,1280,720,921600,min_tree,8,proposed,2,0,96.627917,64889,64889,64889,proposed,0,0,0,0,0,0,0,16241629921241897618,161.343541,12.952792,UNCHECKED
720p,42,val_042.png,1280,720,921600,min_tree,8,ref6,2,1,85.673625,64889,64889,64889,proposed,0,0,0,0,0,0,0,16241629921241897618,161.343541,12.952792,UNCHECKED
720p,42,val_042.png,1280,720,921600,tree_of_shapes,4/8,ref5_original,0,0,1338.924833,150016,150016,150016,proposed,18518,2126,18176,18221,0,0,320,13303779170803014829,814.834291,9.982667,UNCHECKED
720p,42,val_042.png,1280,720,921600,tree_of_shapes,4/8,proposed,0,1,108.958792,150016,150016,150016,proposed,0,0,0,0,0,0,0,18000444403786375766,814.834291,9.982667,UNCHECKED
720p,42,val_042.png,1280,720,921600,tree_of_shapes,4/8,proposed,1,0,106.471500,150016,150016,150016,proposed,0,0,0,0,0,0,0,18000444403786375766,814.834291,9.982667,UNCHECKED
720p,42,val_042.png,1280,720,921600,tree_of_shapes,4/8,ref5_original,1,1,1363.134500,150016,150016,150016,proposed,18518,2126,18176,18221,0,0,320,13303779170803014829,814.834291,9.982667,UNCHECKED
720p,42,val_042.png,1280,720,921600,tree_of_shapes,4/8,ref5_original,2,0,1337.970958,150016,150016,150016,proposed,18518,2126,18176,18221,0,0,320,13303779170803014829,814.834291,9.982667,UNCHECKED
720p,42,val_042.png,1280,720,921600,tree_of_shapes,4/8,proposed,2,1,112.791916,150016,150016,150016,proposed,0,0,0,0,0,0,0,18000444403786375766,814.834291,9.982667,UNCHECKED
720p,43,val_043.png,1280,720,921600,max_tree,8,proposed,0,0,97.638500,73945,73945,73945,proposed,0,0,0,0,0,0,0,11539880154421359613,160.478666,10.965625,UNCHECKED
720p,43,val_043.png,1280,720,921600,max_tree,8,ref6,0,1,83.020167,73945,73945,73945,proposed,0,0,0,0,0,0,0,11539880154421359613,160.478666,10.965625,UNCHECKED
720p,43,val_043.png,1280,720,921600,max_tree,8,ref6,1,0,83.538583,73945,73945,73945,proposed,0,0,0,0,0,0,0,11539880154421359613,160.478666,10.965625,UNCHECKED
720p,43,val_043.png,1280,720,921600,max_tree,8,proposed,1,1,98.091042,73945,73945,73945,proposed,0,0,0,0,0,0,0,11539880154421359613,160.478666,10.965625,UNCHECKED
720p,43,val_043.png,1280,720,921600,max_tree,8,proposed,2,0,98.263292,73945,73945,73945,proposed,0,0,0,0,0,0,0,11539880154421359613,160.478666,10.965625,UNCHECKED
720p,43,val_043.png,1280,720,921600,max_tree,8,ref6,2,1,84.593750,73945,73945,73945,proposed,0,0,0,0,0,0,0,11539880154421359613,160.478666,10.965625,UNCHECKED
720p,43,val_043.png,1280,720,921600,min_tree,8,ref6,0,0,88.377125,61588,61588,61588,proposed,0,0,0,0,0,0,0,2578390348918817850,162.967375,11.351958,UNCHECKED
720p,43,val_043.png,1280,720,921600,min_tree,8,proposed,0,1,103.435084,61588,61588,61588,proposed,0,0,0,0,0,0,0,2578390348918817850,162.967375,11.351958,UNCHECKED
720p,43,val_043.png,1280,720,921600,min_tree,8,proposed,1,0,100.390125,61588,61588,61588,proposed,0,0,0,0,0,0,0,2578390348918817850,162.967375,11.351958,UNCHECKED
720p,43,val_043.png,1280,720,921600,min_tree,8,ref6,1,1,82.625875,61588,61588,61588,proposed,0,0,0,0,0,0,0,2578390348918817850,162.967375,11.351958,UNCHECKED
720p,43,val_043.png,1280,720,921600,min_tree,8,ref6,2,0,82.973875,61588,61588,61588,proposed,0,0,0,0,0,0,0,2578390348918817850,162.967375,11.351958,UNCHECKED
720p,43,val_043.png,1280,720,921600,min_tree,8,proposed,2,1,97.076833,61588,61588,61588,proposed,0,0,0,0,0,0,0,2578390348918817850,162.967375,11.351958,UNCHECKED
720p,43,val_043.png,1280,720,921600,tree_of_shapes,4/8,proposed,0,0,106.566542,145345,145345,145345,proposed,0,0,0,0,0,0,0,400120034928765981,797.273250,9.489542,UNCHECKED
720p,43,val_043.png,1280,720,921600,tree_of_shapes,4/8,ref5_original,0,1,1358.162250,145345,145345,145345,proposed,16168,1513,15925,15993,0,0,298,8599494878862277009,797.273250,9.489542,UNCHECKED
720p,43,val_043.png,1280,720,921600,tree_of_shapes,4/8,ref5_original,1,0,1357.687375,145345,145345,145345,proposed,16168,1513,15925,15993,0,0,298,8599494878862277009,797.273250,9.489542,UNCHECKED
720p,43,val_043.png,1280,720,921600,tree_of_shapes,4/8,proposed,1,1,114.634500,145345,145345,145345,proposed,0,0,0,0,0,0,0,400120034928765981,797.273250,9.489542,UNCHECKED
720p,43,val_043.png,1280,720,921600,tree_of_shapes,4/8,proposed,2,0,113.986167,145345,145345,145345,proposed,0,0,0,0,0,0,0,400120034928765981,797.273250,9.489542,UNCHECKED
720p,43,val_043.png,1280,720,921600,tree_of_shapes,4/8,ref5_original,2,1,1371.930791,145345,145345,145345,proposed,16168,1513,15925,15993,0,0,298,8599494878862277009,797.273250,9.489542,UNCHECKED
720p,44,val_044.png,1280,720,921600,max_tree,8,ref6,0,0,88.642667,64678,64678,64678,proposed,0,0,0,0,0,0,0,14354659265503172333,156.170167,17.857167,UNCHECKED
720p,44,val_044.png,1280,720,921600,max_tree,8,proposed,0,1,94.305041,64678,64678,64678,proposed,0,0,0,0,0,0,0,14354659265503172333,156.170167,17.857167,UNCHECKED
720p,44,val_044.png,1280,720,921600,max_tree,8,proposed,1,0,94.412791,64678,64678,64678,proposed,0,0,0,0,0,0,0,14354659265503172333,156.170167,17.857167,UNCHECKED
720p,44,val_044.png,1280,720,921600,max_tree,8,ref6,1,1,85.526292,64678,64678,64678,proposed,0,0,0,0,0,0,0,14354659265503172333,156.170167,17.857167,UNCHECKED
720p,44,val_044.png,1280,720,921600,max_tree,8,ref6,2,0,87.196250,64678,64678,64678,proposed,0,0,0,0,0,0,0,14354659265503172333,156.170167,17.857167,UNCHECKED
720p,44,val_044.png,1280,720,921600,max_tree,8,proposed,2,1,101.803667,64678,64678,64678,proposed,0,0,0,0,0,0,0,14354659265503172333,156.170167,17.857167,UNCHECKED
720p,44,val_044.png,1280,720,921600,min_tree,8,proposed,0,0,101.825667,53177,53177,53177,proposed,0,0,0,0,0,0,0,14938166556251730002,156.324458,21.051250,UNCHECKED
720p,44,val_044.png,1280,720,921600,min_tree,8,ref6,0,1,88.874875,53177,53177,53177,proposed,0,0,0,0,0,0,0,14938166556251730002,156.324458,21.051250,UNCHECKED
720p,44,val_044.png,1280,720,921600,min_tree,8,ref6,1,0,85.130584,53177,53177,53177,proposed,0,0,0,0,0,0,0,14938166556251730002,156.324458,21.051250,UNCHECKED
720p,44,val_044.png,1280,720,921600,min_tree,8,proposed,1,1,100.853542,53177,53177,53177,proposed,0,0,0,0,0,0,0,14938166556251730002,156.324458,21.051250,UNCHECKED
720p,44,val_044.png,1280,720,921600,min_tree,8,proposed,2,0,102.892834,53177,53177,53177,proposed,0,0,0,0,0,0,0,14938166556251730002,156.324458,21.051250,UNCHECKED
720p,44,val_044.png,1280,720,921600,min_tree,8,ref6,2,1,82.730917,53177,53177,53177,proposed,0,0,0,0,0,0,0,14938166556251730002,156.324458,21.051250,UNCHECKED
720p,44,val_044.png,1280,720,921600,tree_of_shapes,4/8,ref5_original,0,0,1344.242250,125268,125268,125268,proposed,11155,1072,10954,11029,0,0,185,6652837095826957785,785.436333,10.580750,UNCHECKED
720p,44,val_044.png,1280,720,921600,tree_of_shapes,4/8,proposed,0,1,102.519083,125268,125268,125268,proposed,0,0,0,0,0,0,0,10482568015335533770,785.436333,10.580750,UNCHECKED
720p,44,val_044.png,1280,720,921600,tree_of_shapes,4/8,proposed,1,0,101.035708,125268,125268,125268,proposed,0,0,0,0,0,0,0,10482568015335533770,785.436333,10.580750,UNCHECKED
720p,44,val_044.png,1280,720,921600,tree_of_shapes,4/8,ref5_original,1,1,1323.332750,125268,125268,125268,proposed,11155,1072,10954,11029,0,0,185,6652837095826957785,785.436333,10.580750,UNCHECKED
720p,44,val_044.png,1280,720,921600,tree_of_shapes,4/8,ref5_original,2,0,1329.441375,125268,125268,125268,proposed,11155,1072,10954,11029,0,0,185,6652837095826957785,785.436333,10.580750,UNCHECKED
720p,44,val_044.png,1280,720,921600,tree_of_shapes,4/8,proposed,2,1,103.466083,125268,125268,125268,proposed,0,0,0,0,0,0,0,10482568015335533770,785.436333,10.580750,UNCHECKED
720p,45,val_045.png,1280,720,921600,max_tree,8,proposed,0,0,86.084709,46941,46941,46941,proposed,0,0,0,0,0,0,0,1471470885065680898,152.745875,15.653292,UNCHECKED
720p,45,val_045.png,1280,720,921600,max_tree,8,ref6,0,1,85.597417,46941,46941,46941,proposed,0,0,0,0,0,0,0,1471470885065680898,152.745875,15.653292,UNCHECKED
720p,45,val_045.png,1280,720,921600,max_tree,8,ref6,1,0,85.539792,46941,46941,46941,proposed,0,0,0,0,0,0,0,1471470885065680898,152.745875,15.653292,UNCHECKED
720p,45,val_045.png,1280,720,921600,max_tree,8,proposed,1,1,94.916250,46941,46941,46941,proposed,0,0,0,0,0,0,0,1471470885065680898,152.745875,15.653292,UNCHECKED
720p,45,val_045.png,1280,720,921600,max_tree,8,proposed,2,0,96.909208,46941,46941,46941,proposed,0,0,0,0,0,0,0,1471470885065680898,152.745875,15.653292,UNCHECKED
720p,45,val_045.png,1280,720,921600,max_tree,8,ref6,2,1,81.667834,46941,46941,46941,proposed,0,0,0,0,0,0,0,1471470885065680898,152.745875,15.653292,UNCHECKED
720p,45,val_045.png,1280,720,921600,min_tree,8,ref6,0,0,81.074666,43231,43231,43231,proposed,0,0,0,0,0,0,0,1775171522997142358,151.851292,22.408041,UNCHECKED
720p,45,val_045.png,1280,720,921600,min_tree,8,proposed,0,1,92.289500,43231,43231,43231,proposed,0,0,0,0,0,0,0,1775171522997142358,151.851292,22.408041,UNCHECKED
720p,45,val_045.png,1280,720,921600,min_tree,8,proposed,1,0,92.678459,43231,43231,43231,proposed,0,0,0,0,0,0,0,1775171522997142358,151.851292,22.408041,UNCHECKED
720p,45,val_045.png,1280,720,921600,min_tree,8,ref6,1,1,86.932959,43231,43231,43231,proposed,0,0,0,0,0,0,0,1775171522997142358,151.851292,22.408041,UNCHECKED
720p,45,val_045.png,1280,720,921600,min_tree,8,ref6,2,0,79.696500,43231,43231,43231,proposed,0,0,0,0,0,0,0,1775171522997142358,151.851292,22.408041,UNCHECKED
720p,45,val_045.png,1280,720,921600,min_tree,8,proposed,2,1,86.156583,43231,43231,43231,proposed,0,0,0,0,0,0,0,1775171522997142358,151.851292,22.408041,UNCHECKED
720p,45,val_045.png,1280,720,921600,tree_of_shapes,4/8,proposed,0,0,86.540375,97363,97363,97363,proposed,0,0,0,0,0,0,0,8303164666868454525,752.689083,9.841750,UNCHECKED
720p,45,val_045.png,1280,720,921600,tree_of_shapes,4/8,ref5_original,0,1,1291.126209,97363,97363,97363,proposed,11267,1063,11133,11133,0,0,351,5769424014663096705,752.689083,9.841750,UNCHECKED
720p,45,val_045.png,1280,720,921600,tree_of_shapes,4/8,ref5_original,1,0,1282.919542,97363,97363,97363,proposed,11267,1063,11133,11133,0,0,351,5769424014663096705,752.689083,9.841750,UNCHECKED
720p,45,val_045.png,1280,720,921600,tree_of_shapes,4/8,proposed,1,1,90.467542,97363,97363,97363,proposed,0,0,0,0,0,0,0,8303164666868454525,752.689083,9.841750,UNCHECKED
720p,45,val_045.png,1280,720,921600,tree_of_shapes,4/8,proposed,2,0,87.792167,97363,97363,97363,proposed,0,0,0,0,0,0,0,8303164666868454525,752.689083,9.841750,UNCHECKED
720p,45,val_045.png,1280,720,921600,tree_of_shapes,4/8,ref5_original,2,1,1286.456833,97363,97363,97363,proposed,11267,1063,11133,11133,0,0,351,5769424014663096705,752.689083,9.841750,UNCHECKED
720p,46,val_046.png,1280,720,921600,max_tree,8,ref6,0,0,87.563084,90610,90610,90610,proposed,0,0,0,0,0,0,0,17780012393909217798,169.333042,8.486792,UNCHECKED
720p,46,val_046.png,1280,720,921600,max_tree,8,proposed,0,1,98.204792,90610,90610,90610,proposed,0,0,0,0,0,0,0,17780012393909217798,169.333042,8.486792,UNCHECKED
720p,46,val_046.png,1280,720,921600,max_tree,8,proposed,1,0,98.542083,90610,90610,90610,proposed,0,0,0,0,0,0,0,17780012393909217798,169.333042,8.486792,UNCHECKED
720p,46,val_046.png,1280,720,921600,max_tree,8,ref6,1,1,89.917708,90610,90610,90610,proposed,0,0,0,0,0,0,0,17780012393909217798,169.333042,8.486792,UNCHECKED
720p,46,val_046.png,1280,720,921600,max_tree,8,ref6,2,0,89.821125,90610,90610,90610,proposed,0,0,0,0,0,0,0,17780012393909217798,169.333042,8.486792,UNCHECKED
720p,46,val_046.png,1280,720,921600,max_tree,8,proposed,2,1,98.770458,90610,90610,90610,proposed,0,0,0,0,0,0,0,17780012393909217798,169.333042,8.486792,UNCHECKED
720p,46,val_046.png,1280,720,921600,min_tree,8,proposed,0,0,97.780792,63943,63943,63943,proposed,0,0,0,0,0,0,0,16122584427237127573,160.297083,11.517125,UNCHECKED
720p,46,val_046.png,1280,720,921600,min_tree,8,ref6,0,1,86.543625,63943,63943,63943,proposed,0,0,0,0,0,0,0,16122584427237127573,160.297083,11.517125,UNCHECKED
720p,46,val_046.png,1280,720,921600,min_tree,8,ref6,1,0,86.982958,63943,63943,63943,proposed,0,0,0,0,0,0,0,16122584427237127573,160.297083,11.517125,UNCHECKED
720p,46,val_046.png,1280,720,921600,min_tree,8,proposed,1,1,97.180333,63943,63943,63943,proposed,0,0,0,0,0,0,0,16122584427237127573,160.297083,11.517125,UNCHECKED
720p,46,val_046.png,1280,720,921600,min_tree,8,proposed,2,0,96.925792,63943,63943,63943,proposed,0,0,0,0,0,0,0,16122584427237127573,160.297083,11.517125,UNCHECKED
720p,46,val_046.png,1280,720,921600,min_tree,8,ref6,2,1,86.656417,63943,63943,63943,proposed,0,0,0,0,0,0,0,16122584427237127573,160.297083,11.517125,UNCHECKED
720p,46,val_046.png,1280,720,921600,tree_of_shapes,4/8,ref5_original,0,0,1377.728792,166093,166093,166093,proposed,16754,1560,16440,16509,0,0,293,617814207698756196,807.651208,9.826083,UNCHECKED
720p,46,val_046.png,1280,720,921600,tree_of_shapes,4/8,proposed,0,1,119.156625,166093,166093,166093,proposed,0,0,0,0,0,0,0,10913784451991668983,807.651208,9.826083,UNCHECKED
720p,46,val_046.png,1280,720,921600,tree_of_shapes,4/8,proposed,1,0,113.142417,166093,166093,166093,proposed,0,0,0,0,0,0,0,10913784451991668983,807.651208,9.826083,UNCHECKED
720p,46,val_046.png,1280,720,921600,tree_of_shapes,4/8,ref5_original,1,1,1376.435959,166093,166093,166093,proposed,16754,1560,16440,16509,0,0,293,617814207698756196,807.651208,9.826083,UNCHECKED
720p,46,val_046.png,1280,720,921600,tree_of_shapes,4/8,ref5_original,2,0,1371.608250,166093,166093,166093,proposed,16754,1560,16440,16509,0,0,293,617814207698756196,807.651208,9.826083,UNCHECKED
720p,46,val_046.png,1280,720,921600,tree_of_shapes,4/8,proposed,2,1,122.615958,166093,166093,166093,proposed,0,0,0,0,0,0,0,10913784451991668983,807.651208,9.826083,UNCHECKED
720p,47,val_047.png,1280,720,921600,max_tree,8,proposed,0,0,99.260166,78476,78476,78476,proposed,0,0,0,0,0,0,0,17783046450331742328,169.462583,8.875542,UNCHECKED
720p,47,val_047.png,1280,720,921600,max_tree,8,ref6,0,1,91.156000,78476,78476,78476,proposed,0,0,0,0,0,0,0,17783046450331742328,169.462583,8.875542,UNCHECKED
720p,47,val_047.png,1280,720,921600,max_tree,8,ref6,1,0,89.640833,78476,78476,78476,proposed,0,0,0,0,0,0,0,17783046450331742328,169.462583,8.875542,UNCHECKED
720p,47,val_047.png,1280,720,921600,max_tree,8,proposed,1,1,98.554333,78476,78476,78476,proposed,0,0,0,0,0,0,0,17783046450331742328,169.462583,8.875542,UNCHECKED
720p,47,val_047.png,1280,720,921600,max_tree,8,proposed,2,0,100.231000,78476,78476,78476,proposed,0,0,0,0,0,0,0,17783046450331742328,169.462583,8.875542,UNCHECKED
720p,47,val_047.png,1280,720,921600,max_tree,8,ref6,2,1,91.241917,78476,78476,78476,proposed,0,0,0,0,0,0,0,17783046450331742328,169.462583,8.875542,UNCHECKED
720p,47,val_047.png,1280,720,921600,min_tree,8,ref6,0,0,90.719291,71211,71211,71211,proposed,0,0,0,0,0,0,0,18440770509522870722,165.387208,10.440125,UNCHECKED
720p,47,val_047.png,1280,720,921600,min_tree,8,proposed,0,1,99.182292,71211,71211,71211,proposed,0,0,0,0,0,0,0,18440770509522870722,165.387208,10.440125,UNCHECKED
720p,47,val_047.png,1280,720,921600,min_tree,8,proposed,1,0,99.489166,71211,71211,71211,proposed,0,0,0,0,0,0,0,18440770509522870722,165.387208,10.440125,UNCHECKED
720p,47,val_047.png,1280,720,921600,min_tree,8,ref6,1,1,92.150750,71211,71211,71211,proposed,0,0,0,0,0,0,0,18440770509522870722,165.387208,10.440125,UNCHECKED
720p,47,val_047.png,1280,720,921600,min_tree,8,ref6,2,0,90.600917,71211,71211,71211,proposed,0,0,0,0,0,0,0,18440770509522870722,165.387208,10.440125,UNCHECKED
720p,47,val_047.png,1280,720,921600,min_tree,8,proposed,2,1,98.692833,71211,71211,71211,proposed,0,0,0,0,0,0,0,18440770509522870722,165.387208,10.440125,UNCHECKED
720p,47,val_047.png,1280,720,921600,tree_of_shapes,4/8,proposed,0,0,111.954958,160308,160308,160308,proposed,0,0,0,0,0,0,0,8804140675933343759,820.816250,9.681084,UNCHECKED
720p,47,val_047.png,1280,720,921600,tree_of_shapes,4/8,ref5_original,0,1,1364.161292,160308,160308,160308,proposed,20138,2027,19754,19845,0,0,204,6873707105074932427,820.816250,9.681084,UNCHECKED
720p,47,val_047.png,1280,720,921600,tree_of_shapes,4/8,ref5_original,1,0,1363.542083,160308,160308,160308,proposed,20138,2027,19754,19845,0,0,204,6873707105074932427,820.816250,9.681084,UNCHECKED
720p,47,val_047.png,1280,720,921600,tree_of_shapes,4/8,proposed,1,1,114.160000,160308,160308,160308,proposed,0,0,0,0,0,0,0,8804140675933343759,820.816250,9.681084,UNCHECKED
720p,47,val_047.png,1280,720,921600,tree_of_shapes,4/8,proposed,2,0,110.757416,160308,160308,160308,proposed,0,0,0,0,0,0,0,8804140675933343759,820.816250,9.681084,UNCHECKED
720p,47,val_047.png,1280,720,921600,tree_of_shapes,4/8,ref5_original,2,1,1375.473625,160308,160308,160308,proposed,20138,2027,19754,19845,0,0,204,6873707105074932427,820.816250,9.681084,UNCHECKED
720p,48,val_048.png,1280,720,921600,max_tree,8,ref6,0,0,88.248166,145840,145840,145840,proposed,0,0,0,0,0,0,0,4714050480272440355,178.851708,9.043917,UNCHECKED
720p,48,val_048.png,1280,720,921600,max_tree,8,proposed,0,1,102.541250,145840,145840,145840,proposed,0,0,0,0,0,0,0,4714050480272440355,178.851708,9.043917,UNCHECKED
720p,48,val_048.png,1280,720,921600,max_tree,8,proposed,1,0,103.215875,145840,145840,145840,proposed,0,0,0,0,0,0,0,4714050480272440355,178.851708,9.043917,UNCHECKED
720p,48,val_048.png,1280,720,921600,max_tree,8,ref6,1,1,92.296000,145840,145840,145840,proposed,0,0,0,0,0,0,0,4714050480272440355,178.851708,9.043917,UNCHECKED
720p,48,val_048.png,1280,720,921600,max_tree,8,ref6,2,0,88.983084,145840,145840,145840,proposed,0,0,0,0,0,0,0,4714050480272440355,178.851708,9.043917,UNCHECKED
720p,48,val_048.png,1280,720,921600,max_tree,8,proposed,2,1,108.873667,145840,145840,145840,proposed,0,0,0,0,0,0,0,4714050480272440355,178.851708,9.043917,UNCHECKED
720p,48,val_048.png,1280,720,921600,min_tree,8,proposed,0,0,104.638583,104408,104408,104408,proposed,0,0,0,0,0,0,0,17074565116892113866,179.680000,9.567208,UNCHECKED
720p,48,val_048.png,1280,720,921600,min_tree,8,ref6,0,1,85.200500,104408,104408,104408,proposed,0,0,0,0,0,0,0,17074565116892113866,179.680000,9.567208,UNCHECKED
720p,48,val_048.png,1280,720,921600,min_tree,8,ref6,1,0,81.917500,104408,104408,104408,proposed,0,0,0,0,0,0,0,17074565116892113866,179.680000,9.567208,UNCHECKED
720p,48,val_048.png,1280,720,921600,min_tree,8,proposed,1,1,105.668625,104408,104408,104408,proposed,0,0,0,0,0,0,0,17074565116892113866,179.680000,9.567208,UNCHECKED
720p,48,val_048.png,1280,720,921600,min_tree,8,proposed,2,0,105.623959,104408,104408,104408,proposed,0,0,0,0,0,0,0,17074565116892113866,179.680000,9.567208,UNCHECKED
720p,48,val_048.png,1280,720,921600,min_tree,8,ref6,2,1,85.044209,104408,104408,104408,proposed,0,0,0,0,0,0,0,17074565116892113866,179.680000,9.567208,UNCHECKED
720p,48,val_048.png,1280,720,921600,tree_of_shapes,4/8,ref5_original,0,0,1429.361458,267886,267886,267886,proposed,30218,3373,29733,29775,0,0,349,11320448943841720218,899.671791,14.527333,UNCHECKED
720p,48,val_048.png,1280,720,921600,tree_of_shapes,4/8,proposed,0,1,143.581291,267886,267886,267886,proposed,0,0,0,0,0,0,0,4009600908809491022,899.671791,14.527333,UNCHECKED
720p,48,val_048.png,1280,720,921600,tree_of_shapes,4/8,proposed,1,0,139.173292,267886,267886,267886,proposed,0,0,0,0,0,0,0,4009600908809491022,899.671791,14.527333,UNCHECKED
720p,48,val_048.png,1280,720,921600,tree_of_shapes,4/8,ref5_original,1,1,1422.947917,267886,267886,267886,proposed,30218,3373,29733,29775,0,0,349,11320448943841720218,899.671791,14.527333,UNCHECKED
720p,48,val_048.png,1280,720,921600,tree_of_shapes,4/8,ref5_original,2,0,1423.562708,267886,267886,267886,proposed,30218,3373,29733,29775,0,0,349,11320448943841720218,899.671791,14.527333,UNCHECKED
720p,48,val_048.png,1280,720,921600,tree_of_shapes,4/8,proposed,2,1,139.135791,267886,267886,267886,proposed,0,0,0,0,0,0,0,4009600908809491022,899.671791,14.527333,UNCHECKED
720p,49,val_049.png,1280,720,921600,max_tree,8,proposed,0,0,92.683042,50926,50926,50926,proposed,0,0,0,0,0,0,0,2069405105116400237,150.011875,21.361583,UNCHECKED
720p,49,val_049.png,1280,720,921600,max_tree,8,ref6,0,1,87.359000,50926,50926,50926,proposed,0,0,0,0,0,0,0,2069405105116400237,150.011875,21.361583,UNCHECKED
720p,49,val_049.png,1280,720,921600,max_tree,8,ref6,1,0,86.588292,50926,50926,50926,proposed,0,0,0,0,0,0,0,2069405105116400237,150.011875,21.361583,UNCHECKED
720p,49,val_049.png,1280,720,921600,max_tree,8,proposed,1,1,90.785458,50926,50926,50926,proposed,0,0,0,0,0,0,0,2069405105116400237,150.011875,21.361583,UNCHECKED
720p,49,val_049.png,1280,720,921600,max_tree,8,proposed,2,0,90.768208,50926,50926,50926,proposed,0,0,0,0,0,0,0,2069405105116400237,150.011875,21.361583,UNCHECKED
720p,49,val_049.png,1280,720,921600,max_tree,8,ref6,2,1,87.247167,50926,50926,50926,proposed,0,0,0,0,0,0,0,2069405105116400237,150.011875,21.361583,UNCHECKED
720p,49,val_049.png,1280,720,921600,min_tree,8,ref6,0,0,84.842125,38822,38822,38822,proposed,0,0,0,0,0,0,0,6401073491832366996,149.051209,28.320333,UNCHECKED
720p,49,val_049.png,1280,720,921600,min_tree,8,proposed,0,1,99.531417,38822,38822,38822,proposed,0,0,0,0,0,0,0,6401073491832366996,149.051209,28.320333,UNCHECKED
720p,49,val_049.png,1280,720,921600,min_tree,8,proposed,1,0,99.668125,38822,38822,38822,proposed,0,0,0,0,0,0,0,6401073491832366996,149.051209,28.320333,UNCHECKED
720p,49,val_049.png,1280,720,921600,min_tree,8,ref6,1,1,86.302625,38822,38822,38822,proposed,0,0,0,0,0,0,0,6401073491832366996,149.051209,28.320333,UNCHECKED
720p,49,val_049.png,1280,720,921600,min_tree,8,ref6,2,0,86.312584,38822,38822,38822,proposed,0,0,0,0,0,0,0,6401073491832366996,149.051209,28.320333,UNCHECKED
720p,49,val_049.png,1280,720,921600,min_tree,8,proposed,2,1,93.458333,38822,38822,38822,proposed,0,0,0,0,0,0,0,6401073491832366996,149.051209,28.320333,UNCHECKED
720p,49,val_049.png,1280,720,921600,tree_of_shapes,4/8,proposed,0,0,90.314083,96469,96469,96469,proposed,0,0,0,0,0,0,0,18046780078694748556,754.870542,11.833708,UNCHECKED
720p,49,val_049.png,1280,720,921600,tree_of_shapes,4/8,ref5_original,0,1,1301.374833,96469,96469,96469,proposed,8181,696,8028,8090,0,0,192,15169617365344278711,754.870542,11.833708,UNCHECKED
720p,49,val_049.png,1280,720,921600,tree_of_shapes,4/8,ref5_original,1,0,1312.718833,96469,96469,96469,proposed,8181,696,8028,8090,0,0,192,15169617365344278711,754.870542,11.833708,UNCHECKED
720p,49,val_049.png,1280,720,921600,tree_of_shapes,4/8,proposed,1,1,94.176667,96469,96469,96469,proposed,0,0,0,0,0,0,0,18046780078694748556,754.870542,11.833708,UNCHECKED
720p,49,val_049.png,1280,720,921600,tree_of_shapes,4/8,proposed,2,0,92.201583,96469,96469,96469,proposed,0,0,0,0,0,0,0,18046780078694748556,754.870542,11.833708,UNCHECKED
720p,49,val_049.png,1280,720,921600,tree_of_shapes,4/8,ref5_original,2,1,1325.303750,96469,96469,96469,proposed,8181,696,8028,8090,0,0,192,15169617365344278711,754.870542,11.833708,UNCHECKED
720p,50,val_050.png,1280,720,921600,max_tree,8,ref6,0,0,90.428292,56910,56910,56910,proposed,0,0,0,0,0,0,0,12000833529760741774,155.347125,17.426084,UNCHECKED
720p,50,val_050.png,1280,720,921600,max_tree,8,proposed,0,1,91.426208,56910,56910,56910,proposed,0,0,0,0,0,0,0,12000833529760741774,155.347125,17.426084,UNCHECKED
720p,50,val_050.png,1280,720,921600,max_tree,8,proposed,1,0,91.802333,56910,56910,56910,proposed,0,0,0,0,0,0,0,12000833529760741774,155.347125,17.426084,UNCHECKED
720p,50,val_050.png,1280,720,921600,max_tree,8,ref6,1,1,91.485459,56910,56910,56910,proposed,0,0,0,0,0,0,0,12000833529760741774,155.347125,17.426084,UNCHECKED
720p,50,val_050.png,1280,720,921600,max_tree,8,ref6,2,0,86.152375,56910,56910,56910,proposed,0,0,0,0,0,0,0,12000833529760741774,155.347125,17.426084,UNCHECKED
720p,50,val_050.png,1280,720,921600,max_tree,8,proposed,2,1,89.843584,56910,56910,56910,proposed,0,0,0,0,0,0,0,12000833529760741774,155.347125,17.426084,UNCHECKED
720p,50,val_050.png,1280,720,921600,min_tree,8,proposed,0,0,91.507750,45925,45925,45925,proposed,0,0,0,0,0,0,0,18075965664264813188,150.572917,25.302916,UNCHECKED
720p,50,val_050.png,1280,720,921600,min_tree,8,ref6,0,1,82.018000,45925,45925,45925,proposed,0,0,0,0,0,0,0,18075965664264813188,150.572917,25.302916,UNCHECKED
720p,50,val_050.png,1280,720,921600,min_tree,8,ref6,1,0,81.789000,45925,45925,45925,proposed,0,0,0,0,0,0,0,18075965664264813188,150.572917,25.302916,UNCHECKED
720p,50,val_050.png,1280,720,921600,min_tree,8,proposed,1,1,91.846666,45925,45925,45925,proposed,0,0,0,0,0,0,0,18075965664264813188,150.572917,25.302916,UNCHECKED
720p,50,val_050.png,1280,720,921600,min_tree,8,proposed,2,0,91.749583,45925,45925,45925,proposed,0,0,0,0,0,0,0,18075965664264813188,150.572917,25.302916,UNCHECKED
720p,50,val_050.png,1280,720,921600,min_tree,8,ref6,2,1,82.024959,45925,45925,45925,proposed,0,0,0,0,0,0,0,18075965664264813188,150.572917,25.302916,UNCHECKED
720p,50,val_050.png,1280,720,921600,tree_of_shapes,4/8,ref5_original,0,0,1328.920250,111433,111433,111433,proposed,12057,1268,11866,11896,0,0,246,9060993544773594791,772.642375,11.167666,UNCHECKED
720p,50,val_050.png,1280,720,921600,tree_of_shapes,4/8,proposed,0,1,98.913125,111433,111433,111433,proposed,0,0,0,0,0,0,0,11977906811275342338,772.642375,11.167666,UNCHECKED
720p,50,val_050.png,1280,720,921600,tree_of_shapes,4/8,proposed,1,0,96.106042,111433,111433,111433,proposed,0,0,0,0,0,0,0,11977906811275342338,772.642375,11.167666,UNCHECKED
720p,50,val_050.png,1280,720,921600,tree_of_shapes,4/8,ref5_original,1,1,1319.759167,111433,111433,111433,proposed,12057,1268,11866,11896,0,0,246,9060993544773594791,772.642375,11.167666,UNCHECKED
720p,50,val_050.png,1280,720,921600,tree_of_shapes,4/8,ref5_original,2,0,1323.142292,111433,111433,111433,proposed,12057,1268,11866,11896,0,0,246,9060993544773594791,772.642375,11.167666,UNCHECKED
720p,50,val_050.png,1280,720,921600,tree_of_shapes,4/8,proposed,2,1,97.264292,111433,111433,111433,proposed,0,0,0,0,0,0,0,11977906811275342338,772.642375,11.167666,UNCHECKED
720p,51,val_051.png,1280,720,921600,max_tree,8,proposed,0,0,86.340458,76509,76509,76509,proposed,0,0,0,0,0,0,0,14899835859093986338,154.148542,19.855000,UNCHECKED
720p,51,val_051.png,1280,720,921600,max_tree,8,ref6,0,1,84.826458,76509,76509,76509,proposed,0,0,0,0,0,0,0,14899835859093986338,154.148542,19.855000,UNCHECKED
720p,51,val_051.png,1280,720,921600,max_tree,8,ref6,1,0,84.754167,76509,76509,76509,proposed,0,0,0,0,0,0,0,14899835859093986338,154.148542,19.855000,UNCHECKED
720p,51,val_051.png,1280,720,921600,max_tree,8,proposed,1,1,88.929334,76509,76509,76509,proposed,0,0,0,0,0,0,0,14899835859093986338,154.148542,19.855000,UNCHECKED
720p,51,val_051.png,1280,720,921600,max_tree,8,proposed,2,0,93.961416,76509,76509,76509,proposed,0,0,0,0,0,0,0,14899835859093986338,154.148542,19.855000,UNCHECKED
720p,51,val_051.png,1280,720,921600,max_tree,8,ref6,2,1,86.683083,76509,76509,76509,proposed,0,0,0,0,0,0,0,14899835859093986338,154.148542,19.855000,UNCHECKED
720p,51,val_051.png,1280,720,921600,min_tree,8,ref6,0,0,83.949667,61290,61290,61290,proposed,0,0,0,0,0,0,0,13741320451486058562,155.892250,20.428459,UNCHECKED
720p,51,val_051.png,1280,720,921600,min_tree,8,proposed,0,1,87.369500,61290,61290,61290,proposed,0,0,0,0,0,0,0,13741320451486058562,155.892250,20.428459,UNCHECKED
720p,51,val_051.png,1280,720,921600,min_tree,8,proposed,1,0,88.105208,61290,61290,61290,proposed,0,0,0,0,0,0,0,13741320451486058562,155.892250,20.428459,UNCHECKED
720p,51,val_051.png,1280,720,921600,min_tree,8,ref6,1,1,85.172583,61290,61290,61290,proposed,0,0,0,0,0,0,0,13741320451486058562,155.892250,20.428459,UNCHECKED
720p,51,val_051.png,1280,720,921600,min_tree,8,ref6,2,0,84.647750,61290,61290,61290,proposed,0,0,0,0,0,0,0,13741320451486058562,155.892250,20.428459,UNCHECKED
720p,51,val_051.png,1280,720,921600,min_tree,8,proposed,2,1,88.037375,61290,61290,61290,proposed,0,0,0,0,0,0,0,13741320451486058562,155.892250,20.428459,UNCHECKED
720p,51,val_051.png,1280,720,921600,tree_of_shapes,4/8,proposed,0,0,94.519583,147276,147276,147276,proposed,0,0,0,0,0,0,0,6205380061872250315,780.794000,16.069291,UNCHECKED
720p,51,val_051.png,1280,720,921600,tree_of_shapes,4/8,ref5_original,0,1,1301.078250,147276,147276,147276,proposed,14313,1774,13972,14045,0,0,269,7059850704960984018,780.794000,16.069291,UNCHECKED
720p,51,val_051.png,1280,720,921600,tree_of_shapes,4/8,ref5_original,1,0,1305.308166,147276,147276,147276,proposed,14313,1774,13972,14045,0,0,269,7059850704960984018,780.794000,16.069291,UNCHECKED
720p,51,val_051.png,1280,720,921600,tree_of_shapes,4/8,proposed,1,1,96.698417,147276,147276,147276,proposed,0,0,0,0,0,0,0,6205380061872250315,780.794000,16.069291,UNCHECKED
720p,51,val_051.png,1280,720,921600,tree_of_shapes,4/8,proposed,2,0,94.523541,147276,147276,147276,proposed,0,0,0,0,0,0,0,6205380061872250315,780.794000,16.069291,UNCHECKED
720p,51,val_051.png,1280,720,921600,tree_of_shapes,4/8,ref5_original,2,1,1320.479625,147276,147276,147276,proposed,14313,1774,13972,14045,0,0,269,7059850704960984018,780.794000,16.069291,UNCHECKED
720p,52,val_052.png,1280,720,921600,max_tree,8,ref6,0,0,83.791750,47208,47208,47208,proposed,0,0,0,0,0,0,0,9776028053466788272,147.401375,23.844500,UNCHECKED
720p,52,val_052.png,1280,720,921600,max_tree,8,proposed,0,1,84.676583,47208,47208,47208,proposed,0,0,0,0,0,0,0,9776028053466788272,147.401375,23.844500,UNCHECKED
720p,52,val_052.png,1280,720,921600,max_tree,8,proposed,1,0,88.537750,47208,47208,47208,proposed,0,0,0,0,0,0,0,9776028053466788272,147.401375,23.844500,UNCHECKED
720p,52,val_052.png,1280,720,921600,max_tree,8,ref6,1,1,80.978875,47208,47208,47208,proposed,0,0,0,0,0,0,0,9776028053466788272,147.401375,23.844500,UNCHECKED
720p,52,val_052.png,1280,720,921600,max_tree,8,ref6,2,0,79.313875,47208,47208,47208,proposed,0,0,0,0,0,0,0,9776028053466788272,147.401375,23.844500,UNCHECKED
720p,52,val_052.png,1280,720,921600,max_tree,8,proposed,2,1,90.505875,47208,47208,47208,proposed,0,0,0,0,0,0,0,9776028053466788272,147.401375,23.844500,UNCHECKED
720p,52,val_052.png,1280,720,921600,min_tree,8,proposed,0,0,91.479416,38234,38234,38234,proposed,0,0,0,0,0,0,0,15627251450650588766,144.430625,27.531209,UNCHECKED
720p,52,val_052.png,1280,720,921600,min_tree,8,ref6,0,1,81.084250,38234,38234,38234,proposed,0,0,0,0,0,0,0,15627251450650588766,144.430625,27.531209,UNCHECKED
720p,52,val_052.png,1280,720,921600,min_tree,8,ref6,1,0,80.292709,38234,38234,38234,proposed,0,0,0,0,0,0,0,15627251450650588766,144.430625,27.531209,UNCHECKED
720p,52,val_052.png,1280,720,921600,min_tree,8,proposed,1,1,91.520542,38234,38234,38234,proposed,0,0,0,0,0,0,0,15627251450650588766,144.430625,27.531209,UNCHECKED
720p,52,val_052.png,1280,720,921600,min_tree,8,proposed,2,0,91.507041,38234,38234,38234,proposed,0,0,0,0,0,0,0,15627251450650588766,144.430625,27.531209,UNCHECKED
720p,52,val_052.png,1280,720,921600,min_tree,8,ref6,2,1,80.586667,38234,38234,38234,proposed,0,0,0,0,0,0,0,15627251450650588766,144.430625,27.531209,UNCHECKED
720p,52,val_052.png,1280,720,921600,tree_of_shapes,4/8,ref5_original,0,0,1279.276292,93169,93169,93169,proposed,8861,1024,8696,8735,0,0,163,9999274002374423097,741.290041,18.633542,UNCHECKED
720p,52,val_052.png,1280,720,921600,tree_of_shapes,4/8,proposed,0,1,87.362958,93169,93169,93169,proposed,0,0,0,0,0,0,0,12914858289268912935,741.290041,18.633542,UNCHECKED
720p,52,val_052.png,1280,720,921600,tree_of_shapes,4/8,proposed,1,0,84.429125,93169,93169,93169,proposed,0,0,0,0,0,0,0,12914858289268912935,741.290041,18.633542,UNCHECKED
720p,52,val_052.png,1280,720,921600,tree_of_shapes,4/8,ref5_original,1,1,1282.471625,93169,93169,93169,proposed,8861,1024,8696,8735,0,0,163,9999274002374423097,741.290041,18.633542,UNCHECKED
720p,52,val_052.png,1280,720,921600,tree_of_shapes,4/8,ref5_original,2,0,1274.325209,93169,93169,93169,proposed,8861,1024,8696,8735,0,0,163,9999274002374423097,741.290041,18.633542,UNCHECKED
720p,52,val_052.png,1280,720,921600,tree_of_shapes,4/8,proposed,2,1,86.059792,93169,93169,93169,proposed,0,0,0,0,0,0,0,12914858289268912935,741.290041,18.633542,UNCHECKED
720p,53,val_053.png,1280,720,921600,max_tree,8,proposed,0,0,89.599625,60714,60714,60714,proposed,0,0,0,0,0,0,0,11301605312104295144,152.465250,12.152958,UNCHECKED
720p,53,val_053.png,1280,720,921600,max_tree,8,ref6,0,1,87.370792,60714,60714,60714,proposed,0,0,0,0,0,0,0,11301605312104295144,152.465250,12.152958,UNCHECKED
720p,53,val_053.png,1280,720,921600,max_tree,8,ref6,1,0,87.138791,60714,60714,60714,proposed,0,0,0,0,0,0,0,11301605312104295144,152.465250,12.152958,UNCHECKED
720p,53,val_053.png,1280,720,921600,max_tree,8,proposed,1,1,90.689250,60714,60714,60714,proposed,0,0,0,0,0,0,0,11301605312104295144,152.465250,12.152958,UNCHECKED
720p,53,val_053.png,1280,720,921600,max_tree,8,proposed,2,0,90.550583,60714,60714,60714,proposed,0,0,0,0,0,0,0,11301605312104295144,152.465250,12.152958,UNCHECKED
720p,53,val_053.png,1280,720,921600,max_tree,8,ref6,2,1,87.026042,60714,60714,60714,proposed,0,0,0,0,0,0,0,11301605312104295144,152.465250,12.152958,UNCHECKED
720p,53,val_053.png,1280,720,921600,min_tree,8,ref6,0,0,86.398375,48942,48942,48942,proposed,0,0,0,0,0,0,0,10922206956471511542,151.132000,15.418041,UNCHECKED
720p,53,val_053.png,1280,720,921600,min_tree,8,proposed,0,1,89.736250,48942,48942,48942,proposed,0,0,0,0,0,0,0,10922206956471511542,151.132000,15.418041,UNCHECKED
720p,53,val_053.png,1280,720,921600,min_tree,8,proposed,1,0,89.450792,48942,48942,48942,proposed,0,0,0,0,0,0,0,10922206956471511542,151.132000,15.418041,UNCHECKED
720p,53,val_053.png,1280,720,921600,min_tree,8,ref6,1,1,91.233292,48942,48942,48942,proposed,0,0,0,0,0,0,0,10922206956471511542,151.132000,15.418041,UNCHECKED
720p,53,val_053.png,1280,720,921600,min_tree,8,ref6,2,0,87.603333,48942,48942,48942,proposed,0,0,0,0,0,0,0,10922206956471511542,151.132000,15.418041,UNCHECKED
720p,53,val_053.png,1280,720,921600,min_tree,8,proposed,2,1,89.992041,48942,48942,48942,proposed,0,0,0,0,0,0,0,10922206956471511542,151.132000,15.418041,UNCHECKED
720p,53,val_053.png,1280,720,921600,tree_of_shapes,4/8,proposed,0,0,93.536000,119365,119365,119365,proposed,0,0,0,0,0,0,0,5869221126820689970,759.200541,9.551708,UNCHECKED
720p,53,val_053.png,1280,720,921600,tree_of_shapes,4/8,ref5_original,0,1,1306.106834,119365,119365,119365,proposed,13285,1568,13097,13122,0,0,295,12473455736686317749,759.200541,9.551708,UNCHECKED
720p,53,val_053.png,1280,720,921600,tree_of_shapes,4/8,ref5_original,1,0,1298.393334,119365,119365,119365,proposed,13285,1568,13097,13122,0,0,295,12473455736686317749,759.200541,9.551708,UNCHECKED
720p,53,val_053.png,1280,720,921600,tree_of_shapes,4/8,proposed,1,1,97.073459,119365,119365,119365,proposed,0,0,0,0,0,0,0,5869221126820689970,759.200541,9.551708,UNCHECKED
720p,53,val_053.png,1280,720,921600,tree_of_shapes,4/8,proposed,2,0,93.253708,119365,119365,119365,proposed,0,0,0,0,0,0,0,5869221126820689970,759.200541,9.551708,UNCHECKED
720p,53,val_053.png,1280,720,921600,tree_of_shapes,4/8,ref5_original,2,1,1303.712500,119365,119365,119365,proposed,13285,1568,13097,13122,0,0,295,12473455736686317749,759.200541,9.551708,UNCHECKED
720p,54,val_054.png,1280,720,921600,max_tree,8,ref6,0,0,89.010625,77642,77642,77642,proposed,0,0,0,0,0,0,0,2659277386506174567,152.720541,19.989459,UNCHECKED
720p,54,val_054.png,1280,720,921600,max_tree,8,proposed,0,1,86.132125,77642,77642,77642,proposed,0,0,0,0,0,0,0,2659277386506174567,152.720541,19.989459,UNCHECKED
720p,54,val_054.png,1280,720,921600,max_tree,8,proposed,1,0,85.527500,77642,77642,77642,proposed,0,0,0,0,0,0,0,2659277386506174567,152.720541,19.989459,UNCHECKED
720p,54,val_054.png,1280,720,921600,max_tree,8,ref6,1,1,87.860084,77642,77642,77642,proposed,0,0,0,0,0,0,0,2659277386506174567,152.720541,19.989459,UNCHECKED
720p,54,val_054.png,1280,720,921600,max_tree,8,ref6,2,0,84.765083,77642,77642,77642,proposed,0,0,0,0,0,0,0,2659277386506174567,152.720541,19.989459,UNCHECKED
720p,54,val_054.png,1280,720,921600,max_tree,8,proposed,2,1,86.542041,77642,77642,77642,proposed,0,0,0,0,0,0,0,2659277386506174567,152.720541,19.989459,UNCHECKED
720p,54,val_054.png,1280,720,921600,min_tree,8,proposed,0,0,85.638000,66010,66010,66010,proposed,0,0,0,0,0,0,0,6167416568599044764,153.022750,20.951125,UNCHECKED
720p,54,val_054.png,1280,720,921600,min_tree,8,ref6,0,1,83.742750,66010,66010,66010,proposed,0,0,0,0,0,0,0,6167416568599044764,153.022750,20.951125,UNCHECKED
720p,54,val_054.png,1280,720,921600,min_tree,8,ref6,1,0,84.184916,66010,66010,66010,proposed,0,0,0,0,0,0,0,6167416568599044764,153.022750,20.951125,UNCHECKED
720p,54,val_054.png,1280,720,921600,min_tree,8,proposed,1,1,86.815375,66010,66010,66010,proposed,0,0,0,0,0,0,0,6167416568599044764,153.022750,20.951125,UNCHECKED
720p,54,val_054.png,1280,720,921600,min_tree,8,proposed,2,0,87.205542,66010,66010,66010,proposed,0,0,0,0,0,0,0,6167416568599044764,153.022750,20.951125,UNCHECKED
720p,54,val_054.png,1280,720,921600,min_tree,8,ref6,2,1,83.660209,66010,66010,66010,proposed,0,0,0,0,0,0,0,6167416568599044764,153.022750,20.951125,UNCHECKED
720p,54,val_054.png,1280,720,921600,tree_of_shapes,4/8,ref5_original,0,0,1318.233042,154129,154129,154129,proposed,18704,1769,18472,18452,0,0,174,18224368435834105494,766.786875,19.239458,UNCHECKED
720p,54,val_054.png,1280,720,921600,tree_of_shapes,4/8,proposed,0,1,99.340416,154129,154129,154129,proposed,0,0,0,0,0,0,0,9252417814523236846,766.786875,19.239458,UNCHECKED
720p,54,val_054.png,1280,720,921600,tree_of_shapes,4/8,proposed,1,0,95.753041,154129,154129,154129,proposed,0,0,0,0,0,0,0,9252417814523236846,766.786875,19.239458,UNCHECKED
720p,54,val_054.png,1280,720,921600,tree_of_shapes,4/8,ref5_original,1,1,1320.952875,154129,154129,154129,proposed,18704,1769,18472,18452,0,0,174,18224368435834105494,766.786875,19.239458,UNCHECKED
720p,54,val_054.png,1280,720,921600,tree_of_shapes,4/8,ref5_original,2,0,1306.452916,154129,154129,154129,proposed,18704,1769,18472,18452,0,0,174,18224368435834105494,766.786875,19.239458,UNCHECKED
720p,54,val_054.png,1280,720,921600,tree_of_shapes,4/8,proposed,2,1,95.530667,154129,154129,154129,proposed,0,0,0,0,0,0,0,9252417814523236846,766.786875,19.239458,UNCHECKED
720p,55,val_055.png,1280,720,921600,max_tree,8,proposed,0,0,104.448084,121213,121213,121213,proposed,0,0,0,0,0,0,0,13944887825188094215,166.197542,9.847875,UNCHECKED
720p,55,val_055.png,1280,720,921600,max_tree,8,ref6,0,1,92.674250,121213,121213,121213,proposed,0,0,0,0,0,0,0,13944887825188094215,166.197542,9.847875,UNCHECKED
720p,55,val_055.png,1280,720,921600,max_tree,8,ref6,1,0,93.456708,121213,121213,121213,proposed,0,0,0,0,0,0,0,13944887825188094215,166.197542,9.847875,UNCHECKED
720p,55,val_055.png,1280,720,921600,max_tree,8,proposed,1,1,109.565625,121213,121213,121213,proposed,0,0,0,0,0,0,0,13944887825188094215,166.197542,9.847875,UNCHECKED
720p,55,val_055.png,1280,720,921600,max_tree,8,proposed,2,0,103.695000,121213,121213,121213,proposed,0,0,0,0,0,0,0,13944887825188094215,166.197542,9.847875,UNCHECKED
720p,55,val_055.png,1280,720,921600,max_tree,8,ref6,2,1,90.612333,121213,121213,121213,proposed,0,0,0,0,0,0,0,13944887825188094215,166.197542,9.847875,UNCHECKED
720p,55,val_055.png,1280,720,921600,min_tree,8,ref6,0,0,85.500709,84850,84850,84850,proposed,0,0,0,0,0,0,0,8824786871854808555,166.999292,12.758625,UNCHECKED
720p,55,val_055.png,1280,720,921600,min_tree,8,proposed,0,1,98.792459,84850,84850,84850,proposed,0,0,0,0,0,0,0,8824786871854808555,166.999292,12.758625,UNCHECKED
720p,55,val_055.png,1280,720,921600,min_tree,8,proposed,1,0,98.941916,84850,84850,84850,proposed,0,0,0,0,0,0,0,8824786871854808555,166.999292,12.758625,UNCHECKED
720p,55,val_055.png,1280,720,921600,min_tree,8,ref6,1,1,87.106208,84850,84850,84850,proposed,0,0,0,0,0,0,0,8824786871854808555,166.999292,12.758625,UNCHECKED
720p,55,val_055.png,1280,720,921600,min_tree,8,ref6,2,0,86.915125,84850,84850,84850,proposed,0,0,0,0,0,0,0,8824786871854808555,166.999292,12.758625,UNCHECKED
720p,55,val_055.png,1280,720,921600,min_tree,8,proposed,2,1,99.735584,84850,84850,84850,proposed,0,0,0,0,0,0,0,8824786871854808555,166.999292,12.758625,UNCHECKED
720p,55,val_055.png,1280,720,921600,tree_of_shapes,4/8,proposed,0,0,121.450500,220038,220038,220038,proposed,0,0,0,0,0,0,0,6910852399793914093,838.103833,11.477291,UNCHECKED
720p,55,val_055.png,1280,720,921600,tree_of_shapes,4/8,ref5_original,0,1,1391.389292,220038,220038,220038,proposed,26079,2543,25655,25724,0,0,263,7946588081228310056,838.103833,11.477291,UNCHECKED
720p,55,val_055.png,1280,720,921600,tree_of_shapes,4/8,ref5_original,1,0,1383.190042,220038,220038,220038,proposed,26079,2543,25655,25724,0,0,263,7946588081228310056,838.103833,11.477291,UNCHECKED
720p,55,val_055.png,1280,720,921600,tree_of_shapes,4/8,proposed,1,1,125.764000,220038,220038,220038,proposed,0,0,0,0,0,0,0,6910852399793914093,838.103833,11.477291,UNCHECKED
720p,55,val_055.png,1280,720,921600,tree_of_shapes,4/8,proposed,2,0,127.594917,220038,220038,220038,proposed,0,0,0,0,0,0,0,6910852399793914093,838.103833,11.477291,UNCHECKED
720p,55,val_055.png,1280,720,921600,tree_of_shapes,4/8,ref5_original,2,1,1374.268208,220038,220038,220038,proposed,26079,2543,25655,25724,0,0,263,7946588081228310056,838.103833,11.477291,UNCHECKED
720p,56,val_056.png,1280,720,921600,max_tree,8,ref6,0,0,86.240792,57639,57639,57639,proposed,0,0,0,0,0,0,0,9587944606922141376,151.685750,18.127041,UNCHECKED
720p,56,val_056.png,1280,720,921600,max_tree,8,proposed,0,1,97.130375,57639,57639,57639,proposed,0,0,0,0,0,0,0,9587944606922141376,151.685750,18.127041,UNCHECKED
720p,56,val_056.png,1280,720,921600,max_tree,8,proposed,1,0,97.294667,57639,57639,57639,proposed,0,0,0,0,0,0,0,9587944606922141376,151.685750,18.127041,UNCHECKED
720p,56,val_056.png,1280,720,921600,max_tree,8,ref6,1,1,85.003042,57639,57639,57639,proposed,0,0,0,0,0,0,0,9587944606922141376,151.685750,18.127041,UNCHECKED
720p,56,val_056.png,1280,720,921600,max_tree,8,ref6,2,0,85.196792,57639,57639,57639,proposed,0,0,0,0,0,0,0,9587944606922141376,151.685750,18.127041,UNCHECKED
720p,56,val_056.png,1280,720,921600,max_tree,8,proposed,2,1,98.746333,57639,57639,57639,proposed,0,0,0,0,0,0,0,9587944606922141376,151.685750,18.127041,UNCHECKED
720p,56,val_056.png,1280,720,921600,min_tree,8,proposed,0,0,92.578125,45819,45819,45819,proposed,0,0,0,0,0,0,0,10967518636676343199,153.507833,21.095125,UNCHECKED
720p,56,val_056.png,1280,720,921600,min_tree,8,ref6,0,1,89.621416,45819,45819,45819,proposed,0,0,0,0,0,0,0,10967518636676343199,153.507833,21.095125,UNCHECKED
720p,56,val_056.png,1280,720,921600,min_tree,8,ref6,1,0,89.701334,45819,45819,45819,proposed,0,0,0,0,0,0,0,10967518636676343199,153.507833,21.095125,UNCHECKED
720p,56,val_056.png,1280,720,921600,min_tree,8,proposed,1,1,92.814250,45819,45819,45819,proposed,0,0,0,0,0,0,0,10967518636676343199,153.507833,21.095125,UNCHECKED
720p,56,val_056.png,1280,720,921600,min_tree,8,proposed,2,0,92.357500,45819,45819,45819,proposed,0,0,0,0,0,0,0,10967518636676343199,153.507833,21.095125,UNCHECKED
720p,56,val_056.png,1280,720,921600,min_tree,8,ref6,2,1,90.526292,45819,45819,45819,proposed,0,0,0,0,0,0,0,10967518636676343199,153.507833,21.095125,UNCHECKED
720p,56,val_056.png,1280,720,921600,tree_of_shapes,4/8,ref5_original,0,0,1292.345333,110412,110412,110412,proposed,10673,1276,10450,10509,0,0,196,8625840373316379787,769.971209,9.027458,UNCHECKED
720p,56,val_056.png,1280,720,921600,tree_of_shapes,4/8,proposed,0,1,97.571458,110412,110412,110412,proposed,0,0,0,0,0,0,0,16401316203971891934,769.971209,9.027458,UNCHECKED
720p,56,val_056.png,1280,720,921600,tree_of_shapes,4/8,proposed,1,0,95.454375,110412,110412,110412,proposed,0,0,0,0,0,0,0,16401316203971891934,769.971209,9.027458,UNCHECKED
720p,56,val_056.png,1280,720,921600,tree_of_shapes,4/8,ref5_original,1,1,1313.708917,110412,110412,110412,proposed,10673,1276,10450,10509,0,0,196,8625840373316379787,769.971209,9.027458,UNCHECKED
720p,56,val_056.png,1280,720,921600,tree_of_shapes,4/8,ref5_original,2,0,1350.350125,110412,110412,110412,proposed,10673,1276,10450,10509,0,0,196,8625840373316379787,769.971209,9.027458,UNCHECKED
720p,56,val_056.png,1280,720,921600,tree_of_shapes,4/8,proposed,2,1,98.112041,110412,110412,110412,proposed,0,0,0,0,0,0,0,16401316203971891934,769.971209,9.027458,UNCHECKED
720p,57,val_057.png,1280,720,921600,max_tree,8,proposed,0,0,91.966209,61292,61292,61292,proposed,0,0,0,0,0,0,0,17713913930667647104,158.740084,14.865875,UNCHECKED
720p,57,val_057.png,1280,720,921600,max_tree,8,ref6,0,1,85.345208,61292,61292,61292,proposed,0,0,0,0,0,0,0,17713913930667647104,158.740084,14.865875,UNCHECKED
720p,57,val_057.png,1280,720,921600,max_tree,8,ref6,1,0,82.915209,61292,61292,61292,proposed,0,0,0,0,0,0,0,17713913930667647104,158.740084,14.865875,UNCHECKED
720p,57,val_057.png,1280,720,921600,max_tree,8,proposed,1,1,92.953334,61292,61292,61292,proposed,0,0,0,0,0,0,0,17713913930667647104,158.740084,14.865875,UNCHECKED
720p,57,val_057.png,1280,720,921600,max_tree,8,proposed,2,0,92.382667,61292,61292,61292,proposed,0,0,0,0,0,0,0,17713913930667647104,158.740084,14.865875,UNCHECKED
720p,57,val_057.png,1280,720,921600,max_tree,8,ref6,2,1,85.671125,61292,61292,61292,proposed,0,0,0,0,0,0,0,17713913930667647104,158.740084,14.865875,UNCHECKED
720p,57,val_057.png,1280,720,921600,min_tree,8,ref6,0,0,86.709041,56365,56365,56365,proposed,0,0,0,0,0,0,0,675540190246508160,151.867542,16.842042,UNCHECKED
720p,57,val_057.png,1280,720,921600,min_tree,8,proposed,0,1,101.116667,56365,56365,56365,proposed,0,0,0,0,0,0,0,675540190246508160,151.867542,16.842042,UNCHECKED
720p,57,val_057.png,1280,720,921600,min_tree,8,proposed,1,0,102.124625,56365,56365,56365,proposed,0,0,0,0,0,0,0,675540190246508160,151.867542,16.842042,UNCHECKED
720p,57,val_057.png,1280,720,921600,min_tree,8,ref6,1,1,87.519792,56365,56365,56365,proposed,0,0,0,0,0,0,0,675540190246508160,151.867542,16.842042,UNCHECKED
720p,57,val_057.png,1280,720,921600,min_tree,8,ref6,2,0,85.655958,56365,56365,56365,proposed,0,0,0,0,0,0,0,675540190246508160,151.867542,16.842042,UNCHECKED
720p,57,val_057.png,1280,720,921600,min_tree,8,proposed,2,1,91.632791,56365,56365,56365,proposed,0,0,0,0,0,0,0,675540190246508160,151.867542,16.842042,UNCHECKED
720p,57,val_057.png,1280,720,921600,tree_of_shapes,4/8,proposed,0,0,98.616750,129221,129221,129221,proposed,0,0,0,0,0,0,0,17241401268436307985,780.895334,10.532875,UNCHECKED
720p,57,val_057.png,1280,720,921600,tree_of_shapes,4/8,ref5_original,0,1,1327.244750,129221,129221,129221,proposed,15683,1790,15391,15462,0,0,237,15101564795600614848,780.895334,10.532875,UNCHECKED
720p,57,val_057.png,1280,720,921600,tree_of_shapes,4/8,ref5_original,1,0,1291.747875,129221,129221,129221,proposed,15683,1790,15391,15462,0,0,237,15101564795600614848,780.895334,10.532875,UNCHECKED
720p,57,val_057.png,1280,720,921600,tree_of_shapes,4/8,proposed,1,1,101.895208,129221,129221,129221,proposed,0,0,0,0,0,0,0,17241401268436307985,780.895334,10.532875,UNCHECKED
720p,57,val_057.png,1280,720,921600,tree_of_shapes,4/8,proposed,2,0,98.847917,129221,129221,129221,proposed,0,0,0,0,0,0,0,17241401268436307985,780.895334,10.532875,UNCHECKED
720p,57,val_057.png,1280,720,921600,tree_of_shapes,4/8,ref5_original,2,1,1327.340667,129221,129221,129221,proposed,15683,1790,15391,15462,0,0,237,15101564795600614848,780.895334,10.532875,UNCHECKED
720p,58,val_058.png,1280,720,921600,max_tree,8,ref6,0,0,90.561458,152396,152396,152396,proposed,0,0,0,0,0,0,0,9166580577735737568,178.210334,9.480583,UNCHECKED
720p,58,val_058.png,1280,720,921600,max_tree,8,proposed,0,1,106.463458,152396,152396,152396,proposed,0,0,0,0,0,0,0,9166580577735737568,178.210334,9.480583,UNCHECKED
720p,58,val_058.png,1280,720,921600,max_tree,8,proposed,1,0,107.128166,152396,152396,152396,proposed,0,0,0,0,0,0,0,9166580577735737568,178.210334,9.480583,UNCHECKED
720p,58,val_058.png,1280,720,921600,max_tree,8,ref6,1,1,88.713500,152396,152396,152396,proposed,0,0,0,0,0,0,0,9166580577735737568,178.210334,9.480583,UNCHECKED
720p,58,val_058.png,1280,720,921600,max_tree,8,ref6,2,0,91.422458,152396,152396,152396,proposed,0,0,0,0,0,0,0,9166580577735737568,178.210334,9.480583,UNCHECKED
720p,58,val_058.png,1280,720,921600,max_tree,8,proposed,2,1,107.871541,152396,152396,152396,proposed,0,0,0,0,0,0,0,9166580577735737568,178.210334,9.480583,UNCHECKED
720p,58,val_058.png,1280,720,921600,min_tree,8,proposed,0,0,101.016792,108648,108648,108648,proposed,0,0,0,0,0,0,0,12789814477123970396,183.764333,8.237250,UNCHECKED
720p,58,val_058.png,1280,720,921600,min_tree,8,ref6,0,1,86.995291,108648,108648,108648,proposed,0,0,0,0,0,0,0,12789814477123970396,183.764333,8.237250,UNCHECKED
720p,58,val_058.png,1280,720,921600,min_tree,8,ref6,1,0,84.249375,108648,108648,108648,proposed,0,0,0,0,0,0,0,12789814477123970396,183.764333,8.237250,UNCHECKED
720p,58,val_058.png,1280,720,921600,min_tree,8,proposed,1,1,102.785334,108648,108648,108648,proposed,0,0,0,0,0,0,0,12789814477123970396,183.764333,8.237250,UNCHECKED
720p,58,val_058.png,1280,720,921600,min_tree,8,proposed,2,0,105.841125,108648,108648,108648,proposed,0,0,0,0,0,0,0,12789814477123970396,183.764333,8.237250,UNCHECKED
720p,58,val_058.png,1280,720,921600,min_tree,8,ref6,2,1,85.798292,108648,108648,108648,proposed,0,0,0,0,0,0,0,12789814477123970396,183.764333,8.237250,UNCHECKED
720p,58,val_058.png,1280,720,921600,tree_of_shapes,4/8,ref5_original,0,0,1447.469958,279100,279100,279100,proposed,33965,3838,33424,33484,0,0,363,13630896471551212377,916.886875,14.883625,UNCHECKED
720p,58,val_058.png,1280,720,921600,tree_of_shapes,4/8,proposed,0,1,143.350625,279100,279100,279100,proposed,0,0,0,0,0,0,0,10434146348787481073,916.886875,14.883625,UNCHECKED
720p,58,val_058.png,1280,720,921600,tree_of_shapes,4/8,proposed,1,0,143.887916,279100,279100,279100,proposed,0,0,0,0,0,0,0,10434146348787481073,916.886875,14.883625,UNCHECKED
720p,58,val_058.png,1280,720,921600,tree_of_shapes,4/8,ref5_original,1,1,1453.480000,279100,279100,279100,proposed,33965,3838,33424,33484,0,0,363,13630896471551212377,916.886875,14.883625,UNCHECKED
720p,58,val_058.png,1280,720,921600,tree_of_shapes,4/8,ref5_original,2,0,1445.516208,279100,279100,279100,proposed,33965,3838,33424,33484,0,0,363,13630896471551212377,916.886875,14.883625,UNCHECKED
720p,58,val_058.png,1280,720,921600,tree_of_shapes,4/8,proposed,2,1,146.430625,279100,279100,279100,proposed,0,0,0,0,0,0,0,10434146348787481073,916.886875,14.883625,UNCHECKED
720p,59,val_059.png,1280,720,921600,max_tree,8,proposed,0,0,86.199042,27591,27591,27591,proposed,0,0,0,0,0,0,0,7818810473667597657,151.480333,25.495333,UNCHECKED
720p,59,val_059.png,1280,720,921600,max_tree,8,ref6,0,1,85.732125,27591,27591,27591,proposed,0,0,0,0,0,0,0,7818810473667597657,151.480333,25.495333,UNCHECKED
720p,59,val_059.png,1280,720,921600,max_tree,8,ref6,1,0,85.205334,27591,27591,27591,proposed,0,0,0,0,0,0,0,7818810473667597657,151.480333,25.495333,UNCHECKED
720p,59,val_059.png,1280,720,921600,max_tree,8,proposed,1,1,87.454417,27591,27591,27591,proposed,0,0,0,0,0,0,0,7818810473667597657,151.480333,25.495333,UNCHECKED
720p,59,val_059.png,1280,720,921600,max_tree,8,proposed,2,0,85.352875,27591,27591,27591,proposed,0,0,0,0,0,0,0,7818810473667597657,151.480333,25.495333,UNCHECKED
720p,59,val_059.png,1280,720,921600,max_tree,8,ref6,2,1,82.821292,27591,27591,27591,proposed,0,0,0,0,0,0,0,7818810473667597657,151.480333,25.495333,UNCHECKED
720p,59,val_059.png,1280,720,921600,min_tree,8,ref6,0,0,88.950084,31239,31239,31239,proposed,0,0,0,0,0,0,0,12813095147036347801,149.378042,26.966292,UNCHECKED
720p,59,val_059.png,1280,720,921600,min_tree,8,proposed,0,1,95.833083,31239,31239,31239,proposed,0,0,0,0,0,0,0,12813095147036347801,149.378042,26.966292,UNCHECKED
720p,59,val_059.png,1280,720,921600,min_tree,8,proposed,1,0,95.815084,31239,31239,31239,proposed,0,0,0,0,0,0,0,12813095147036347801,149.378042,26.966292,UNCHECKED
720p,59,val_059.png,1280,720,921600,min_tree,8,ref6,1,1,86.892125,31239,31239,31239,proposed,0,0,0,0,0,0,0,12813095147036347801,149.378042,26.966292,UNCHECKED
720p,59,val_059.png,1280,720,921600,min_tree,8,ref6,2,0,87.437750,31239,31239,31239,proposed,0,0,0,0,0,0,0,12813095147036347801,149.378042,26.966292,UNCHECKED
720p,59,val_059.png,1280,720,921600,min_tree,8,proposed,2,1,86.755917,31239,31239,31239,proposed,0,0,0,0,0,0,0,12813095147036347801,149.378042,26.966292,UNCHECKED
720p,59,val_059.png,1280,720,921600,tree_of_shapes,4/8,proposed,0,0,83.483667,63565,63565,63565,proposed,0,0,0,0,0,0,0,2072812004456211806,753.288875,13.880083,UNCHECKED
720p,59,val_059.png,1280,720,921600,tree_of_shapes,4/8,ref5_original,0,1,1292.890167,63565,63565,63565,proposed,7933,744,7808,7845,0,0,107,14605096966893810445,753.288875,13.880083,UNCHECKED
720p,59,val_059.png,1280,720,921600,tree_of_shapes,4/8,ref5_original,1,0,1293.411333,63565,63565,63565,proposed,7933,744,7808,7845,0,0,107,14605096966893810445,753.288875,13.880083,UNCHECKED
720p,59,val_059.png,1280,720,921600,tree_of_shapes,4/8,proposed,1,1,84.151291,63565,63565,63565,proposed,0,0,0,0,0,0,0,2072812004456211806,753.288875,13.880083,UNCHECKED
720p,59,val_059.png,1280,720,921600,tree_of_shapes,4/8,proposed,2,0,82.860083,63565,63565,63565,proposed,0,0,0,0,0,0,0,2072812004456211806,753.288875,13.880083,UNCHECKED
720p,59,val_059.png,1280,720,921600,tree_of_shapes,4/8,ref5_original,2,1,1266.184125,63565,63565,63565,proposed,7933,744,7808,7845,0,0,107,14605096966893810445,753.288875,13.880083,UNCHECKED
720p,60,val_060.png,1280,720,921600,max_tree,8,ref6,0,0,85.620958,76145,76145,76145,proposed,0,0,0,0,0,0,0,9263462501386504354,158.625459,16.489958,UNCHECKED
720p,60,val_060.png,1280,720,921600,max_tree,8,proposed,0,1,104.552625,76145,76145,76145,proposed,0,0,0,0,0,0,0,9263462501386504354,158.625459,16.489958,UNCHECKED
720p,60,val_060.png,1280,720,921600,max_tree,8,proposed,1,0,104.646708,76145,76145,76145,proposed,0,0,0,0,0,0,0,9263462501386504354,158.625459,16.489958,UNCHECKED
720p,60,val_060.png,1280,720,921600,max_tree,8,ref6,1,1,85.114417,76145,76145,76145,proposed,0,0,0,0,0,0,0,9263462501386504354,158.625459,16.489958,UNCHECKED
720p,60,val_060.png,1280,720,921600,max_tree,8,ref6,2,0,87.373166,76145,76145,76145,proposed,0,0,0,0,0,0,0,9263462501386504354,158.625459,16.489958,UNCHECKED
720p,60,val_060.png,1280,720,921600,max_tree,8,proposed,2,1,105.477083,76145,76145,76145,proposed,0,0,0,0,0,0,0,9263462501386504354,158.625459,16.489958,UNCHECKED
720p,60,val_060.png,1280,720,921600,min_tree,8,proposed,0,0,97.894542,55193,55193,55193,proposed,0,0,0,0,0,0,0,14063027487499863199,154.717584,25.244625,UNCHECKED
720p,60,val_060.png,1280,720,921600,min_tree,8,ref6,0,1,84.791958,55193,55193,55193,proposed,0,0,0,0,0,0,0,14063027487499863199,154.717584,25.244625,UNCHECKED
720p,60,val_060.png,1280,720,921600,min_tree,8,ref6,1,0,85.338250,55193,55193,55193,proposed,0,0,0,0,0,0,0,14063027487499863199,154.717584,25.244625,UNCHECKED
720p,60,val_060.png,1280,720,921600,min_tree,8,proposed,1,1,98.328416,55193,55193,55193,proposed,0,0,0,0,0,0,0,14063027487499863199,154.717584,25.244625,UNCHECKED
720p,60,val_060.png,1280,720,921600,min_tree,8,proposed,2,0,97.994417,55193,55193,55193,proposed,0,0,0,0,0,0,0,14063027487499863199,154.717584,25.244625,UNCHECKED
720p,60,val_060.png,1280,720,921600,min_tree,8,ref6,2,1,84.423541,55193,55193,55193,proposed,0,0,0,0,0,0,0,14063027487499863199,154.717584,25.244625,UNCHECKED
720p,60,val_060.png,1280,720,921600,tree_of_shapes,4/8,ref5_original,0,0,1353.883291,140191,140191,140191,proposed,12896,1265,12659,12729,0,0,233,13191301402351599334,795.340750,9.488750,UNCHECKED
720p,60,val_060.png,1280,720,921600,tree_of_shapes,4/8,proposed,0,1,108.229334,140191,140191,140191,proposed,0,0,0,0,0,0,0,5569852955587430050,795.340750,9.488750,UNCHECKED
720p,60,val_060.png,1280,720,921600,tree_of_shapes,4/8,proposed,1,0,104.601667,140191,140191,140191,proposed,0,0,0,0,0,0,0,5569852955587430050,795.340750,9.488750,UNCHECKED
720p,60,val_060.png,1280,720,921600,tree_of_shapes,4/8,ref5_original,1,1,1350.932167,140191,140191,140191,proposed,12896,1265,12659,12729,0,0,233,13191301402351599334,795.340750,9.488750,UNCHECKED
720p,60,val_060.png,1280,720,921600,tree_of_shapes,4/8,ref5_original,2,0,1351.799375,140191,140191,140191,proposed,12896,1265,12659,12729,0,0,233,13191301402351599334,795.340750,9.488750,UNCHECKED
720p,60,val_060.png,1280,720,921600,tree_of_shapes,4/8,proposed,2,1,109.061000,140191,140191,140191,proposed,0,0,0,0,0,0,0,5569852955587430050,795.340750,9.488750,UNCHECKED
720p,61,val_061.png,1280,720,921600,max_tree,8,proposed,0,0,98.357042,74912,74912,74912,proposed,0,0,0,0,0,0,0,5648457881218899317,165.060542,8.509583,UNCHECKED
720p,61,val_061.png,1280,720,921600,max_tree,8,ref6,0,1,86.781375,74912,74912,74912,proposed,0,0,0,0,0,0,0,5648457881218899317,165.060542,8.509583,UNCHECKED
720p,61,val_061.png,1280,720,921600,max_tree,8,ref6,1,0,91.093000,74912,74912,74912,proposed,0,0,0,0,0,0,0,5648457881218899317,165.060542,8.509583,UNCHECKED
720p,61,val_061.png,1280,720,921600,max_tree,8,proposed,1,1,104.891208,74912,74912,74912,proposed,0,0,0,0,0,0,0,5648457881218899317,165.060542,8.509583,UNCHECKED
720p,61,val_061.png,1280,720,921600,max_tree,8,proposed,2,0,103.379500,74912,74912,74912,proposed,0,0,0,0,0,0,0,5648457881218899317,165.060542,8.509583,UNCHECKED
720p,61,val_061.png,1280,720,921600,max_tree,8,ref6,2,1,90.198834,74912,74912,74912,proposed,0,0,0,0,0,0,0,5648457881218899317,165.060542,8.509583,UNCHECKED
720p,61,val_061.png,1280,720,921600,min_tree,8,ref6,0,0,90.439875,67990,67990,67990,proposed,0,0,0,0,0,0,0,16582278641719267450,163.133958,11.318458,UNCHECKED
720p,61,val_061.png,1280,720,921600,min_tree,8,proposed,0,1,96.835916,67990,67990,67990,proposed,0,0,0,0,0,0,0,16582278641719267450,163.133958,11.318458,UNCHECKED
720p,61,val_061.png,1280,720,921600,min_tree,8,proposed,1,0,97.937750,67990,67990,67990,proposed,0,0,0,0,0,0,0,16582278641719267450,163.133958,11.318458,UNCHECKED
720p,61,val_061.png,1280,720,921600,min_tree,8,ref6,1,1,86.984209,67990,67990,67990,proposed,0,0,0,0,0,0,0,16582278641719267450,163.133958,11.318458,UNCHECKED
720p,61,val_061.png,1280,720,921600,min_tree,8,ref6,2,0,87.342250,67990,67990,67990,proposed,0,0,0,0,0,0,0,16582278641719267450,163.133958,11.318458,UNCHECKED
720p,61,val_061.png,1280,720,921600,min_tree,8,proposed,2,1,98.898125,67990,67990,67990,proposed,0,0,0,0,0,0,0,16582278641719267450,163.133958,11.318458,UNCHECKED
720p,61,val_061.png,1280,720,921600,tree_of_shapes,4/8,proposed,0,0,109.945209,156292,156292,156292,proposed,0,0,0,0,0,0,0,6237926801835643438,814.290167,9.385458,UNCHECKED
720p,61,val_061.png,1280,720,921600,tree_of_shapes,4/8,ref5_original,0,1,1402.777834,156292,156292,156292,proposed,16982,1984,16645,16693,0,0,200,10128238272076109397,814.290167,9.385458,UNCHECKED
720p,61,val_061.png,1280,720,921600,tree_of_shapes,4/8,ref5_original,1,0,1377.515458,156292,156292,156292,proposed,16982,1984,16645,16693,0,0,200,10128238272076109397,814.290167,9.385458,UNCHECKED
720p,61,val_061.png,1280,720,921600,tree_of_shapes,4/8,proposed,1,1,112.170125,156292,156292,156292,proposed,0,0,0,0,0,0,0,6237926801835643438,814.290167,9.385458,UNCHECKED
720p,61,val_061.png,1280,720,921600,tree_of_shapes,4/8,proposed,2,0,110.747084,156292,156292,156292,proposed,0,0,0,0,0,0,0,6237926801835643438,814.290167,9.385458,UNCHECKED
720p,61,val_061.png,1280,720,921600,tree_of_shapes,4/8,ref5_original,2,1,1367.490166,156292,156292,156292,proposed,16982,1984,16645,16693,0,0,200,10128238272076109397,814.290167,9.385458,UNCHECKED
720p,62,val_062.png,1280,720,921600,max_tree,8,ref6,0,0,85.279417,69917,69917,69917,proposed,0,0,0,0,0,0,0,2240543757056958485,160.436041,13.231250,UNCHECKED
720p,62,val_062.png,1280,720,921600,max_tree,8,proposed,0,1,98.039167,69917,69917,69917,proposed,0,0,0,0,0,0,0,2240543757056958485,160.436041,13.231250,UNCHECKED
720p,62,val_062.png,1280,720,921600,max_tree,8,proposed,1,0,98.846083,69917,69917,69917,proposed,0,0,0,0,0,0,0,2240543757056958485,160.436041,13.231250,UNCHECKED
720p,62,val_062.png,1280,720,921600,max_tree,8,ref6,1,1,91.600583,69917,69917,69917,proposed,0,0,0,0,0,0,0,2240543757056958485,160.436041,13.231250,UNCHECKED
720p,62,val_062.png,1280,720,921600,max_tree,8,ref6,2,0,89.407000,69917,69917,69917,proposed,0,0,0,0,0,0,0,2240543757056958485,160.436041,13.231250,UNCHECKED
720p,62,val_062.png,1280,720,921600,max_tree,8,proposed,2,1,96.638333,69917,69917,69917,proposed,0,0,0,0,0,0,0,2240543757056958485,160.436041,13.231250,UNCHECKED
720p,62,val_062.png,1280,720,921600,min_tree,8,proposed,0,0,95.580125,60008,60008,60008,proposed,0,0,0,0,0,0,0,4199119500651482808,158.378917,15.979917,UNCHECKED
720p,62,val_062.png,1280,720,921600,min_tree,8,ref6,0,1,83.761708,60008,60008,60008,proposed,0,0,0,0,0,0,0,4199119500651482808,158.378917,15.979917,UNCHECKED
720p,62,val_062.png,1280,720,921600,min_tree,8,ref6,1,0,86.154250,60008,60008,60008,proposed,0,0,0,0,0,0,0,4199119500651482808,158.378917,15.979917,UNCHECKED
720p,62,val_062.png,1280,720,921600,min_tree,8,proposed,1,1,95.157750,60008,60008,60008,proposed,0,0,0,0,0,0,0,4199119500651482808,158.378917,15.979917,UNCHECKED
720p,62,val_062.png,1280,720,921600,min_tree,8,proposed,2,0,96.204834,60008,60008,60008,proposed,0,0,0,0,0,0,0,4199119500651482808,158.378917,15.979917,UNCHECKED
720p,62,val_062.png,1280,720,921600,min_tree,8,ref6,2,1,85.885000,60008,60008,60008,proposed,0,0,0,0,0,0,0,4199119500651482808,158.378917,15.979917,UNCHECKED
720p,62,val_062.png,1280,720,921600,tree_of_shapes,4/8,ref5_original,0,0,1364.448416,138674,138674,138674,proposed,14896,1400,14672,14716,0,0,213,9204343042788428560,799.458750,9.253875,UNCHECKED
720p,62,val_062.png,1280,720,921600,tree_of_shapes,4/8,proposed,0,1,107.154167,138674,138674,138674,proposed,0,0,0,0,0,0,0,10731018518890342262,799.458750,9.253875,UNCHECKED
720p,62,val_062.png,1280,720,921600,tree_of_shapes,4/8,proposed,1,0,105.583958,138674,138674,138674,proposed,0,0,0,0,0,0,0,10731018518890342262,799.458750,9.253875,UNCHECKED
720p,62,val_062.png,1280,720,921600,tree_of_shapes,4/8,ref5_original,1,1,1348.721041,138674,138674,138674,proposed,14896,1400,14672,14716,0,0,213,9204343042788428560,799.458750,9.253875,UNCHECKED
720p,62,val_062.png,1280,720,921600,tree_of_shapes,4/8,ref5_original,2,0,1357.252875,138674,138674,138674,proposed,14896,1400,14672,14716,0,0,213,9204343042788428560,799.458750,9.253875,UNCHECKED
720p,62,val_062.png,1280,720,921600,tree_of_shapes,4/8,proposed,2,1,106.654083,138674,138674,138674,proposed,0,0,0,0,0,0,0,10731018518890342262,799.458750,9.253875,UNCHECKED
720p,63,val_063.png,1280,720,921600,max_tree,8,proposed,0,0,90.751625,66758,66758,66758,proposed,0,0,0,0,0,0,0,959467416356814799,157.118542,19.534417,UNCHECKED
720p,63,val_063.png,1280,720,921600,max_tree,8,ref6,0,1,84.356417,66758,66758,66758,proposed,0,0,0,0,0,0,0,959467416356814799,157.118542,19.534417,UNCHECKED
720p,63,val_063.png,1280,720,921600,max_tree,8,ref6,1,0,86.073375,66758,66758,66758,proposed,0,0,0,0,0,0,0,959467416356814799,157.118542,19.534417,UNCHECKED
720p,63,val_063.png,1280,720,921600,max_tree,8,proposed,1,1,91.696042,66758,66758,66758,proposed,0,0,0,0,0,0,0,959467416356814799,157.118542,19.534417,UNCHECKED
720p,63,val_063.png,1280,720,921600,max_tree,8,proposed,2,0,92.148416,66758,66758,66758,proposed,0,0,0,0,0,0,0,959467416356814799,157.118542,19.534417,UNCHECKED
720p,63,val_063.png,1280,720,921600,max_tree,8,ref6,2,1,86.999958,66758,66758,66758,proposed,0,0,0,0,0,0,0,959467416356814799,157.118542,19.534417,UNCHECKED
720p,63,val_063.png,1280,720,921600,min_tree,8,ref6,0,0,87.116584,56761,56761,56761,proposed,0,0,0,0,0,0,0,1336195949169245736,156.934000,20.031708,UNCHECKED
720p,63,val_063.png,1280,720,921600,min_tree,8,proposed,0,1,90.334625,56761,56761,56761,proposed,0,0,0,0,0,0,0,1336195949169245736,156.934000,20.031708,UNCHECKED
720p,63,val_063.png,1280,720,921600,min_tree,8,proposed,1,0,91.040000,56761,56761,56761,proposed,0,0,0,0,0,0,0,1336195949169245736,156.934000,20.031708,UNCHECKED
720p,63,val_063.png,1280,720,921600,min_tree,8,ref6,1,1,88.001667,56761,56761,56761,proposed,0,0,0,0,0,0,0,1336195949169245736,156.934000,20.031708,UNCHECKED
720p,63,val_063.png,1280,720,921600,min_tree,8,ref6,2,0,87.896625,56761,56761,56761,proposed,0,0,0,0,0,0,0,1336195949169245736,156.934000,20.031708,UNCHECKED
720p,63,val_063.png,1280,720,921600,min_tree,8,proposed,2,1,97.307500,56761,56761,56761,proposed,0,0,0,0,0,0,0,1336195949169245736,156.934000,20.031708,UNCHECKED
720p,63,val_063.png,1280,720,921600,tree_of_shapes,4/8,proposed,0,0,97.169375,132471,132471,132471,proposed,0,0,0,0,0,0,0,9274201104670307267,789.877375,13.308541,UNCHECKED
720p,63,val_063.png,1280,720,921600,tree_of_shapes,4/8,ref5_original,0,1,1344.196958,132471,132471,132471,proposed,14489,1598,14261,14310,0,0,264,1338278214072319254,789.877375,13.308541,UNCHECKED
720p,63,val_063.png,1280,720,921600,tree_of_shapes,4/8,ref5_original,1,0,1338.290250,132471,132471,132471,proposed,14489,1598,14261,14310,0,0,264,1338278214072319254,789.877375,13.308541,UNCHECKED
720p,63,val_063.png,1280,720,921600,tree_of_shapes,4/8,proposed,1,1,100.624000,132471,132471,132471,proposed,0,0,0,0,0,0,0,9274201104670307267,789.877375,13.308541,UNCHECKED
720p,63,val_063.png,1280,720,921600,tree_of_shapes,4/8,proposed,2,0,96.801625,132471,132471,132471,proposed,0,0,0,0,0,0,0,9274201104670307267,789.877375,13.308541,UNCHECKED
720p,63,val_063.png,1280,720,921600,tree_of_shapes,4/8,ref5_original,2,1,1331.599000,132471,132471,132471,proposed,14489,1598,14261,14310,0,0,264,1338278214072319254,789.877375,13.308541,UNCHECKED
720p,64,val_064.png,1280,720,921600,max_tree,8,ref6,0,0,82.489708,78828,78828,78828,proposed,0,0,0,0,0,0,0,1804299362284711689,162.907375,14.538667,UNCHECKED
720p,64,val_064.png,1280,720,921600,max_tree,8,proposed,0,1,101.480584,78828,78828,78828,proposed,0,0,0,0,0,0,0,1804299362284711689,162.907375,14.538667,UNCHECKED
720p,64,val_064.png,1280,720,921600,max_tree,8,proposed,1,0,105.860667,78828,78828,78828,proposed,0,0,0,0,0,0,0,1804299362284711689,162.907375,14.538667,UNCHECKED
720p,64,val_064.png,1280,720,921600,max_tree,8,ref6,1,1,90.060375,78828,78828,78828,proposed,0,0,0,0,0,0,0,1804299362284711689,162.907375,14.538667,UNCHECKED
720p,64,val_064.png,1280,720,921600,max_tree,8,ref6,2,0,83.485250,78828,78828,78828,proposed,0,0,0,0,0,0,0,1804299362284711689,162.907375,14.538667,UNCHECKED
720p,64,val_064.png,1280,720,921600,max_tree,8,proposed,2,1,98.393875,78828,78828,78828,proposed,0,0,0,0,0,0,0,1804299362284711689,162.907375,14.538667,UNCHECKED
720p,64,val_064.png,1280,720,921600,min_tree,8,proposed,0,0,97.502583,67598,67598,67598,proposed,0,0,0,0,0,0,0,4409959779201092236,163.468208,17.626750,UNCHECKED
720p,64,val_064.png,1280,720,921600,min_tree,8,ref6,0,1,82.872041,67598,67598,67598,proposed,0,0,0,0,0,0,0,4409959779201092236,163.468208,17.626750,UNCHECKED
720p,64,val_064.png,1280,720,921600,min_tree,8,ref6,1,0,83.722166,67598,67598,67598,proposed,0,0,0,0,0,0,0,4409959779201092236,163.468208,17.626750,UNCHECKED
720p,64,val_064.png,1280,720,921600,min_tree,8,proposed,1,1,97.799625,67598,67598,67598,proposed,0,0,0,0,0,0,0,4409959779201092236,163.468208,17.626750,UNCHECKED
720p,64,val_064.png,1280,720,921600,min_tree,8,proposed,2,0,97.717959,67598,67598,67598,proposed,0,0,0,0,0,0,0,4409959779201092236,163.468208,17.626750,UNCHECKED
720p,64,val_064.png,1280,720,921600,min_tree,8,ref6,2,1,83.092416,67598,67598,67598,proposed,0,0,0,0,0,0,0,4409959779201092236,163.468208,17.626750,UNCHECKED
720p,64,val_064.png,1280,720,921600,tree_of_shapes,4/8,ref5_original,0,0,1351.274792,155282,155282,155282,proposed,18074,1900,17768,17831,0,0,210,14814177193554095354,795.536125,11.062750,UNCHECKED
720p,64,val_064.png,1280,720,921600,tree_of_shapes,4/8,proposed,0,1,110.994500,155282,155282,155282,proposed,0,0,0,0,0,0,0,18328405410888138437,795.536125,11.062750,UNCHECKED
720p,64,val_064.png,1280,720,921600,tree_of_shapes,4/8,proposed,1,0,109.320417,155282,155282,155282,proposed,0,0,0,0,0,0,0,18328405410888138437,795.536125,11.062750,UNCHECKED
720p,64,val_064.png,1280,720,921600,tree_of_shapes,4/8,ref5_original,1,1,1351.345500,155282,155282,155282,proposed,18074,1900,17768,17831,0,0,210,14814177193554095354,795.536125,11.062750,UNCHECKED
720p,64,val_064.png,1280,720,921600,tree_of_shapes,4/8,ref5_original,2,0,1356.015417,155282,155282,155282,proposed,18074,1900,17768,17831,0,0,210,14814177193554095354,795.536125,11.062750,UNCHECKED
720p,64,val_064.png,1280,720,921600,tree_of_shapes,4/8,proposed,2,1,111.416042,155282,155282,155282,proposed,0,0,0,0,0,0,0,18328405410888138437,795.536125,11.062750,UNCHECKED
720p,65,val_065.png,1280,720,921600,max_tree,8,proposed,0,0,96.805833,73362,73362,73362,proposed,0,0,0,0,0,0,0,2652875529026787763,157.753875,19.251375,UNCHECKED
720p,65,val_065.png,1280,720,921600,max_tree,8,ref6,0,1,91.840292,73362,73362,73362,proposed,0,0,0,0,0,0,0,2652875529026787763,157.753875,19.251375,UNCHECKED
720p,65,val_065.png,1280,720,921600,max_tree,8,ref6,1,0,89.622208,73362,73362,73362,proposed,0,0,0,0,0,0,0,2652875529026787763,157.753875,19.251375,UNCHECKED
720p,65,val_065.png,1280,720,921600,max_tree,8,proposed,1,1,103.693584,73362,73362,73362,proposed,0,0,0,0,0,0,0,2652875529026787763,157.753875,19.251375,UNCHECKED
720p,65,val_065.png,1280,720,921600,max_tree,8,proposed,2,0,104.770458,73362,73362,73362,proposed,0,0,0,0,0,0,0,2652875529026787763,157.753875,19.251375,UNCHECKED
720p,65,val_065.png,1280,720,921600,max_tree,8,ref6,2,1,94.951125,73362,73362,73362,proposed,0,0,0,0,0,0,0,2652875529026787763,157.753875,19.251375,UNCHECKED
720p,65,val_065.png,1280,720,921600,min_tree,8,ref6,0,0,92.795000,47286,47286,47286,proposed,0,0,0,0,0,0,0,7822330125918636756,162.125625,27.707250,UNCHECKED
720p,65,val_065.png,1280,720,921600,min_tree,8,proposed,0,1,100.993959,47286,47286,47286,proposed,0,0,0,0,0,0,0,7822330125918636756,162.125625,27.707250,UNCHECKED
720p,65,val_065.png,1280,720,921600,min_tree,8,proposed,1,0,101.746708,47286,47286,47286,proposed,0,0,0,0,0,0,0,7822330125918636756,162.125625,27.707250,UNCHECKED
720p,65,val_065.png,1280,720,921600,min_tree,8,ref6,1,1,91.574541,47286,47286,47286,proposed,0,0,0,0,0,0,0,7822330125918636756,162.125625,27.707250,UNCHECKED
720p,65,val_065.png,1280,720,921600,min_tree,8,ref6,2,0,90.960833,47286,47286,47286,proposed,0,0,0,0,0,0,0,7822330125918636756,162.125625,27.707250,UNCHECKED
720p,65,val_065.png,1280,720,921600,min_tree,8,proposed,2,1,98.620708,47286,47286,47286,proposed,0,0,0,0,0,0,0,7822330125918636756,162.125625,27.707250,UNCHECKED
720p,65,val_065.png,1280,720,921600,tree_of_shapes,4/8,proposed,0,0,98.407666,129842,129842,129842,proposed,0,0,0,0,0,0,0,10158987529083644725,790.977333,10.954792,UNCHECKED
720p,65,val_065.png,1280,720,921600,tree_of_shapes,4/8,ref5_original,0,1,1334.714417,129842,129842,129842,proposed,11550,916,11361,11436,0,0,282,4481882361760889130,790.977333,10.954792,UNCHECKED
720p,65,val_065.png,1280,720,921600,tree_of_shapes,4/8,ref5_original,1,0,1316.530875,129842,129842,129842,proposed,11550,916,11361,11436,0,0,282,4481882361760889130,790.977333,10.954792,UNCHECKED
720p,65,val_065.png,1280,720,921600,tree_of_shapes,4/8,proposed,1,1,100.304667,129842,129842,129842,proposed,0,0,0,0,0,0,0,10158987529083644725,790.977333,10.954792,UNCHECKED
720p,65,val_065.png,1280,720,921600,tree_of_shapes,4/8,proposed,2,0,96.696833,129842,129842,129842,proposed,0,0,0,0,0,0,0,10158987529083644725,790.977333,10.954792,UNCHECKED
720p,65,val_065.png,1280,720,921600,tree_of_shapes,4/8,ref5_original,2,1,1320.771166,129842,129842,129842,proposed,11550,916,11361,11436,0,0,282,4481882361760889130,790.977333,10.954792,UNCHECKED
720p,66,val_066.png,1280,720,921600,max_tree,8,ref6,0,0,87.222708,58042,58042,58042,proposed,0,0,0,0,0,0,0,16758515561981666050,149.120166,22.575250,UNCHECKED
720p,66,val_066.png,1280,720,921600,max_tree,8,proposed,0,1,95.522000,58042,58042,58042,proposed,0,0,0,0,0,0,0,16758515561981666050,149.120166,22.575250,UNCHECKED
720p,66,val_066.png,1280,720,921600,max_tree,8,proposed,1,0,92.990958,58042,58042,58042,proposed,0,0,0,0,0,0,0,16758515561981666050,149.120166,22.575250,UNCHECKED
720p,66,val_066.png,1280,720,921600,max_tree,8,ref6,1,1,82.505417,58042,58042,58042,proposed,0,0,0,0,0,0,0,16758515561981666050,149.120166,22.575250,UNCHECKED
720p,66,val_066.png,1280,720,921600,max_tree,8,ref6,2,0,82.883875,58042,58042,58042,proposed,0,0,0,0,0,0,0,16758515561981666050,149.120166,22.575250,UNCHECKED
720p,66,val_066.png,1280,720,921600,max_tree,8,proposed,2,1,95.005834,58042,58042,58042,proposed,0,0,0,0,0,0,0,16758515561981666050,149.120166,22.575250,UNCHECKED
720p,66,val_066.png,1280,720,921600,min_tree,8,proposed,0,0,86.985708,46865,46865,46865,proposed,0,0,0,0,0,0,0,17259259335386823411,150.288916,27.651209,UNCHECKED
720p,66,val_066.png,1280,720,921600,min_tree,8,ref6,0,1,81.448125,46865,46865,46865,proposed,0,0,0,0,0,0,0,17259259335386823411,150.288916,27.651209,UNCHECKED
720p,66,val_066.png,1280,720,921600,min_tree,8,ref6,1,0,80.840125,46865,46865,46865,proposed,0,0,0,0,0,0,0,17259259335386823411,150.288916,27.651209,UNCHECKED
720p,66,val_066.png,1280,720,921600,min_tree,8,proposed,1,1,88.232625,46865,46865,46865,proposed,0,0,0,0,0,0,0,17259259335386823411,150.288916,27.651209,UNCHECKED
720p,66,val_066.png,1280,720,921600,min_tree,8,proposed,2,0,87.599250,46865,46865,46865,proposed,0,0,0,0,0,0,0,17259259335386823411,150.288916,27.651209,UNCHECKED
720p,66,val_066.png,1280,720,921600,min_tree,8,ref6,2,1,80.806834,46865,46865,46865,proposed,0,0,0,0,0,0,0,17259259335386823411,150.288916,27.651209,UNCHECKED
720p,66,val_066.png,1280,720,921600,tree_of_shapes,4/8,ref5_original,0,0,1302.614625,113380,113380,113380,proposed,11469,840,11315,11373,0,0,235,6646690649475656494,741.161167,16.005666,UNCHECKED
720p,66,val_066.png,1280,720,921600,tree_of_shapes,4/8,proposed,0,1,91.010459,113380,113380,113380,proposed,0,0,0,0,0,0,0,12831405347792236154,741.161167,16.005666,UNCHECKED
720p,66,val_066.png,1280,720,921600,tree_of_shapes,4/8,proposed,1,0,88.121791,113380,113380,113380,proposed,0,0,0,0,0,0,0,12831405347792236154,741.161167,16.005666,UNCHECKED
720p,66,val_066.png,1280,720,921600,tree_of_shapes,4/8,ref5_original,1,1,1303.207917,113380,113380,113380,proposed,11469,840,11315,11373,0,0,235,6646690649475656494,741.161167,16.005666,UNCHECKED
720p,66,val_066.png,1280,720,921600,tree_of_shapes,4/8,ref5_original,2,0,1274.800000,113380,113380,113380,proposed,11469,840,11315,11373,0,0,235,6646690649475656494,741.161167,16.005666,UNCHECKED
720p,66,val_066.png,1280,720,921600,tree_of_shapes,4/8,proposed,2,1,91.239750,113380,113380,113380,proposed,0,0,0,0,0,0,0,12831405347792236154,741.161167,16.005666,UNCHECKED
720p,67,val_067.png,1280,720,921600,max_tree,8,proposed,0,0,92.178833,63451,63451,63451,proposed,0,0,0,0,0,0,0,13568164711029394798,171.082542,15.601667,UNCHECKED
720p,67,val_067.png,1280,720,921600,max_tree,8,ref6,0,1,97.731334,63451,63451,63451,proposed,0,0,0,0,0,0,0,13568164711029394798,171.082542,15.601667,UNCHECKED
720p,67,val_067.png,1280,720,921600,max_tree,8,ref6,1,0,84.190709,63451,63451,63451,proposed,0,0,0,0,0,0,0,13568164711029394798,171.082542,15.601667,UNCHECKED
720p,67,val_067.png,1280,720,921600,max_tree,8,proposed,1,1,93.186125,63451,63451,63451,proposed,0,0,0,0,0,0,0,13568164711029394798,171.082542,15.601667,UNCHECKED
720p,67,val_067.png,1280,720,921600,max_tree,8,proposed,2,0,94.288083,63451,63451,63451,proposed,0,0,0,0,0,0,0,13568164711029394798,171.082542,15.601667,UNCHECKED
720p,67,val_067.png,1280,720,921600,max_tree,8,ref6,2,1,87.090958,63451,63451,63451,proposed,0,0,0,0,0,0,0,13568164711029394798,171.082542,15.601667,UNCHECKED
720p,67,val_067.png,1280,720,921600,min_tree,8,ref6,0,0,89.401542,51222,51222,51222,proposed,0,0,0,0,0,0,0,18079269329339602506,158.669542,21.395834,UNCHECKED
720p,67,val_067.png,1280,720,921600,min_tree,8,proposed,0,1,100.266458,51222,51222,51222,proposed,0,0,0,0,0,0,0,18079269329339602506,158.669542,21.395834,UNCHECKED
720p,67,val_067.png,1280,720,921600,min_tree,8,proposed,1,0,100.224500,51222,51222,51222,proposed,0,0,0,0,0,0,0,18079269329339602506,158.669542,21.395834,UNCHECKED
720p,67,val_067.png,1280,720,921600,min_tree,8,ref6,1,1,89.125542,51222,51222,51222,proposed,0,0,0,0,0,0,0,18079269329339602506,158.669542,21.395834,UNCHECKED
720p,67,val_067.png,1280,720,921600,min_tree,8,ref6,2,0,83.230041,51222,51222,51222,proposed,0,0,0,0,0,0,0,18079269329339602506,158.669542,21.395834,UNCHECKED
720p,67,val_067.png,1280,720,921600,min_tree,8,proposed,2,1,101.449625,51222,51222,51222,proposed,0,0,0,0,0,0,0,18079269329339602506,158.669542,21.395834,UNCHECKED
720p,67,val_067.png,1280,720,921600,tree_of_shapes,4/8,proposed,0,0,98.671042,123310,123310,123310,proposed,0,0,0,0,0,0,0,16591173722242906574,780.699042,10.268500,UNCHECKED
720p,67,val_067.png,1280,720,921600,tree_of_shapes,4/8,ref5_original,0,1,1340.088541,123310,123310,123310,proposed,13913,1516,13652,13703,0,0,160,11959885995021560498,780.699042,10.268500,UNCHECKED
720p,67,val_067.png,1280,720,921600,tree_of_shapes,4/8,ref5_original,1,0,1330.637042,123310,123310,123310,proposed,13913,1516,13652,13703,0,0,160,11959885995021560498,780.699042,10.268500,UNCHECKED
720p,67,val_067.png,1280,720,921600,tree_of_shapes,4/8,proposed,1,1,101.678250,123310,123310,123310,proposed,0,0,0,0,0,0,0,16591173722242906574,780.699042,10.268500,UNCHECKED
720p,67,val_067.png,1280,720,921600,tree_of_shapes,4/8,proposed,2,0,97.194416,123310,123310,123310,proposed,0,0,0,0,0,0,0,16591173722242906574,780.699042,10.268500,UNCHECKED
720p,67,val_067.png,1280,720,921600,tree_of_shapes,4/8,ref5_original,2,1,1313.481917,123310,123310,123310,proposed,13913,1516,13652,13703,0,0,160,11959885995021560498,780.699042,10.268500,UNCHECKED
720p,68,val_068.png,1280,720,921600,max_tree,8,ref6,0,0,85.990167,62236,62236,62236,proposed,0,0,0,0,0,0,0,18094753851006995379,154.780167,19.979541,UNCHECKED
720p,68,val_068.png,1280,720,921600,max_tree,8,proposed,0,1,90.304500,62236,62236,62236,proposed,0,0,0,0,0,0,0,18094753851006995379,154.780167,19.979541,UNCHECKED
720p,68,val_068.png,1280,720,921600,max_tree,8,proposed,1,0,89.421958,62236,62236,62236,proposed,0,0,0,0,0,0,0,18094753851006995379,154.780167,19.979541,UNCHECKED
720p,68,val_068.png,1280,720,921600,max_tree,8,ref6,1,1,83.743125,62236,62236,62236,proposed,0,0,0,0,0,0,0,18094753851006995379,154.780167,19.979541,UNCHECKED
720p,68,val_068.png,1280,720,921600,max_tree,8,ref6,2,0,83.306417,62236,62236,62236,proposed,0,0,0,0,0,0,0,18094753851006995379,154.780167,19.979541,UNCHECKED
720p,68,val_068.png,1280,720,921600,max_tree,8,proposed,2,1,91.149667,62236,62236,62236,proposed,0,0,0,0,0,0,0,18094753851006995379,154.780167,19.979541,UNCHECKED
720p,68,val_068.png,1280,720,921600,min_tree,8,proposed,0,0,90.175583,54197,54197,54197,proposed,0,0,0,0,0,0,0,14053890630339706896,153.520500,21.719958,UNCHECKED
720p,68,val_068.png,1280,720,921600,min_tree,8,ref6,0,1,86.848583,54197,54197,54197,proposed,0,0,0,0,0,0,0,14053890630339706896,153.520500,21.719958,UNCHECKED
720p,68,val_068.png,1280,720,921600,min_tree,8,ref6,1,0,88.672417,54197,54197,54197,proposed,0,0,0,0,0,0,0,14053890630339706896,153.520500,21.719958,UNCHECKED
720p,68,val_068.png,1280,720,921600,min_tree,8,proposed,1,1,89.759833,54197,54197,54197,proposed,0,0,0,0,0,0,0,14053890630339706896,153.520500,21.719958,UNCHECKED
720p,68,val_068.png,1280,720,921600,min_tree,8,proposed,2,0,90.102542,54197,54197,54197,proposed,0,0,0,0,0,0,0,14053890630339706896,153.520500,21.719958,UNCHECKED
720p,68,val_068.png,1280,720,921600,min_tree,8,ref6,2,1,86.190958,54197,54197,54197,proposed,0,0,0,0,0,0,0,14053890630339706896,153.520500,21.719958,UNCHECKED
720p,68,val_068.png,1280,720,921600,tree_of_shapes,4/8,ref5_original,0,0,1326.369542,125908,125908,125908,proposed,12870,1569,12618,12611,0,0,303,9372478677981665852,779.963500,14.894708,UNCHECKED
720p,68,val_068.png,1280,720,921600,tree_of_shapes,4/8,proposed,0,1,98.330709,125908,125908,125908,proposed,0,0,0,0,0,0,0,11225308657004512860,779.963500,14.894708,UNCHECKED
720p,68,val_068.png,1280,720,921600,tree_of_shapes,4/8,proposed,1,0,96.980542,125908,125908,125908,proposed,0,0,0,0,0,0,0,11225308657004512860,779.963500,14.894708,UNCHECKED
720p,68,val_068.png,1280,720,921600,tree_of_shapes,4/8,ref5_original,1,1,1329.576250,125908,125908,125908,proposed,12870,1569,12618,12611,0,0,303,9372478677981665852,779.963500,14.894708,UNCHECKED
720p,68,val_068.png,1280,720,921600,tree_of_shapes,4/8,ref5_original,2,0,1323.367084,125908,125908,125908,proposed,12870,1569,12618,12611,0,0,303,9372478677981665852,779.963500,14.894708,UNCHECKED
720p,68,val_068.png,1280,720,921600,tree_of_shapes,4/8,proposed,2,1,98.057000,125908,125908,125908,proposed,0,0,0,0,0,0,0,11225308657004512860,779.963500,14.894708,UNCHECKED
720p,69,val_069.png,1280,720,921600,max_tree,8,proposed,0,0,91.737500,47262,47262,47262,proposed,0,0,0,0,0,0,0,17837742560584237882,150.317125,23.274000,UNCHECKED
720p,69,val_069.png,1280,720,921600,max_tree,8,ref6,0,1,85.316125,47262,47262,47262,proposed,0,0,0,0,0,0,0,17837742560584237882,150.317125,23.274000,UNCHECKED
720p,69,val_069.png,1280,720,921600,max_tree,8,ref6,1,0,86.919333,47262,47262,47262,proposed,0,0,0,0,0,0,0,17837742560584237882,150.317125,23.274000,UNCHECKED
720p,69,val_069.png,1280,720,921600,max_tree,8,proposed,1,1,82.758500,47262,47262,47262,proposed,0,0,0,0,0,0,0,17837742560584237882,150.317125,23.274000,UNCHECKED
720p,69,val_069.png,1280,720,921600,max_tree,8,proposed,2,0,83.470416,47262,47262,47262,proposed,0,0,0,0,0,0,0,17837742560584237882,150.317125,23.274000,UNCHECKED
720p,69,val_069.png,1280,720,921600,max_tree,8,ref6,2,1,85.829959,47262,47262,47262,proposed,0,0,0,0,0,0,0,17837742560584237882,150.317125,23.274000,UNCHECKED
720p,69,val_069.png,1280,720,921600,min_tree,8,ref6,0,0,86.436500,35126,35126,35126,proposed,0,0,0,0,0,0,0,6511717299794034551,145.353250,27.433333,UNCHECKED
720p,69,val_069.png,1280,720,921600,min_tree,8,proposed,0,1,83.255416,35126,35126,35126,proposed,0,0,0,0,0,0,0,6511717299794034551,145.353250,27.433333,UNCHECKED
720p,69,val_069.png,1280,720,921600,min_tree,8,proposed,1,0,83.773041,35126,35126,35126,proposed,0,0,0,0,0,0,0,6511717299794034551,145.353250,27.433333,UNCHECKED
720p,69,val_069.png,1280,720,921600,min_tree,8,ref6,1,1,83.798542,35126,35126,35126,proposed,0,0,0,0,0,0,0,6511717299794034551,145.353250,27.433333,UNCHECKED
720p,69,val_069.png,1280,720,921600,min_tree,8,ref6,2,0,83.679791,35126,35126,35126,proposed,0,0,0,0,0,0,0,6511717299794034551,145.353250,27.433333,UNCHECKED
720p,69,val_069.png,1280,720,921600,min_tree,8,proposed,2,1,84.534084,35126,35126,35126,proposed,0,0,0,0,0,0,0,6511717299794034551,145.353250,27.433333,UNCHECKED
720p,69,val_069.png,1280,720,921600,tree_of_shapes,4/8,proposed,0,0,84.006166,88272,88272,88272,proposed,0,0,0,0,0,0,0,6671987039321517675,758.409209,15.595583,UNCHECKED
720p,69,val_069.png,1280,720,921600,tree_of_shapes,4/8,ref5_original,0,1,1289.827333,88272,88272,88272,proposed,7571,925,7442,7489,0,0,174,6180747609787080377,758.409209,15.595583,UNCHECKED
720p,69,val_069.png,1280,720,921600,tree_of_shapes,4/8,ref5_original,1,0,1298.491542,88272,88272,88272,proposed,7571,925,7442,7489,0,0,174,6180747609787080377,758.409209,15.595583,UNCHECKED
720p,69,val_069.png,1280,720,921600,tree_of_shapes,4/8,proposed,1,1,85.426291,88272,88272,88272,proposed,0,0,0,0,0,0,0,6671987039321517675,758.409209,15.595583,UNCHECKED
720p,69,val_069.png,1280,720,921600,tree_of_shapes,4/8,proposed,2,0,99.587042,88272,88272,88272,proposed,0,0,0,0,0,0,0,6671987039321517675,758.409209,15.595583,UNCHECKED
720p,69,val_069.png,1280,720,921600,tree_of_shapes,4/8,ref5_original,2,1,1299.157583,88272,88272,88272,proposed,7571,925,7442,7489,0,0,174,6180747609787080377,758.409209,15.595583,UNCHECKED
720p,70,val_070.png,1280,720,921600,max_tree,8,ref6,0,0,87.229084,78978,78978,78978,proposed,0,0,0,0,0,0,0,15184915616956262320,159.598708,11.252958,UNCHECKED
720p,70,val_070.png,1280,720,921600,max_tree,8,proposed,0,1,92.877250,78978,78978,78978,proposed,0,0,0,0,0,0,0,15184915616956262320,159.598708,11.252958,UNCHECKED
720p,70,val_070.png,1280,720,921600,max_tree,8,proposed,1,0,92.512250,78978,78978,78978,proposed,0,0,0,0,0,0,0,15184915616956262320,159.598708,11.252958,UNCHECKED
720p,70,val_070.png,1280,720,921600,max_tree,8,ref6,1,1,88.942667,78978,78978,78978,proposed,0,0,0,0,0,0,0,15184915616956262320,159.598708,11.252958,UNCHECKED
720p,70,val_070.png,1280,720,921600,max_tree,8,ref6,2,0,84.261000,78978,78978,78978,proposed,0,0,0,0,0,0,0,15184915616956262320,159.598708,11.252958,UNCHECKED
720p,70,val_070.png,1280,720,921600,max_tree,8,proposed,2,1,93.873042,78978,78978,78978,proposed,0,0,0,0,0,0,0,15184915616956262320,159.598708,11.252958,UNCHECKED
720p,70,val_070.png,1280,720,921600,min_tree,8,proposed,0,0,93.144166,59897,59897,59897,proposed,0,0,0,0,0,0,0,2745874908691504548,155.402167,22.289292,UNCHECKED
720p,70,val_070.png,1280,720,921600,min_tree,8,ref6,0,1,81.598250,59897,59897,59897,proposed,0,0,0,0,0,0,0,2745874908691504548,155.402167,22.289292,UNCHECKED
720p,70,val_070.png,1280,720,921600,min_tree,8,ref6,1,0,81.855209,59897,59897,59897,proposed,0,0,0,0,0,0,0,2745874908691504548,155.402167,22.289292,UNCHECKED
720p,70,val_070.png,1280,720,921600,min_tree,8,proposed,1,1,100.448167,59897,59897,59897,proposed,0,0,0,0,0,0,0,2745874908691504548,155.402167,22.289292,UNCHECKED
720p,70,val_070.png,1280,720,921600,min_tree,8,proposed,2,0,101.846500,59897,59897,59897,proposed,0,0,0,0,0,0,0,2745874908691504548,155.402167,22.289292,UNCHECKED
720p,70,val_070.png,1280,720,921600,min_tree,8,ref6,2,1,83.252916,59897,59897,59897,proposed,0,0,0,0,0,0,0,2745874908691504548,155.402167,22.289292,UNCHECKED
720p,70,val_070.png,1280,720,921600,tree_of_shapes,4/8,ref5_original,0,0,1325.912708,151383,151383,151383,proposed,14124,1345,13936,13952,0,0,241,10038892534181824226,793.433292,9.712208,UNCHECKED
720p,70,val_070.png,1280,720,921600,tree_of_shapes,4/8,proposed,0,1,105.902750,151383,151383,151383,proposed,0,0,0,0,0,0,0,18353020814442737253,793.433292,9.712208,UNCHECKED
720p,70,val_070.png,1280,720,921600,tree_of_shapes,4/8,proposed,1,0,103.085291,151383,151383,151383,proposed,0,0,0,0,0,0,0,18353020814442737253,793.433292,9.712208,UNCHECKED
720p,70,val_070.png,1280,720,921600,tree_of_shapes,4/8,ref5_original,1,1,1332.918583,151383,151383,151383,proposed,14124,1345,13936,13952,0,0,241,10038892534181824226,793.433292,9.712208,UNCHECKED
720p,70,val_070.png,1280,720,921600,tree_of_shapes,4/8,ref5_original,2,0,1324.986708,151383,151383,151383,proposed,14124,1345,13936,13952,0,0,241,10038892534181824226,793.433292,9.712208,UNCHECKED
720p,70,val_070.png,1280,720,921600,tree_of_shapes,4/8,proposed,2,1,106.136708,151383,151383,151383,proposed,0,0,0,0,0,0,0,18353020814442737253,793.433292,9.712208,UNCHECKED
720p,71,val_071.png,1280,720,921600,max_tree,8,proposed,0,0,98.205083,129644,129644,129644,proposed,0,0,0,0,0,0,0,7174837839141890223,166.710833,10.789916,UNCHECKED
720p,71,val_071.png,1280,720,921600,max_tree,8,ref6,0,1,84.444375,129644,129644,129644,proposed,0,0,0,0,0,0,0,7174837839141890223,166.710833,10.789916,UNCHECKED
720p,71,val_071.png,1280,720,921600,max_tree,8,ref6,1,0,82.375417,129644,129644,129644,proposed,0,0,0,0,0,0,0,7174837839141890223,166.710833,10.789916,UNCHECKED
720p,71,val_071.png,1280,720,921600,max_tree,8,proposed,1,1,98.169667,129644,129644,129644,proposed,0,0,0,0,0,0,0,7174837839141890223,166.710833,10.789916,UNCHECKED
720p,71,val_071.png,1280,720,921600,max_tree,8,proposed,2,0,96.540042,129644,129644,129644,proposed,0,0,0,0,0,0,0,7174837839141890223,166.710833,10.789916,UNCHECKED
720p,71,val_071.png,1280,720,921600,max_tree,8,ref6,2,1,87.621000,129644,129644,129644,proposed,0,0,0,0,0,0,0,7174837839141890223,166.710833,10.789916,UNCHECKED
720p,71,val_071.png,1280,720,921600,min_tree,8,ref6,0,0,85.130125,99269,99269,99269,proposed,0,0,0,0,0,0,0,5158758687151981417,168.635417,13.577125,UNCHECKED
720p,71,val_071.png,1280,720,921600,min_tree,8,proposed,0,1,97.249792,99269,99269,99269,proposed,0,0,0,0,0,0,0,5158758687151981417,168.635417,13.577125,UNCHECKED
720p,71,val_071.png,1280,720,921600,min_tree,8,proposed,1,0,98.428875,99269,99269,99269,proposed,0,0,0,0,0,0,0,5158758687151981417,168.635417,13.577125,UNCHECKED
720p,71,val_071.png,1280,720,921600,min_tree,8,ref6,1,1,93.149583,99269,99269,99269,proposed,0,0,0,0,0,0,0,5158758687151981417,168.635417,13.577125,UNCHECKED
720p,71,val_071.png,1280,720,921600,min_tree,8,ref6,2,0,96.416875,99269,99269,99269,proposed,0,0,0,0,0,0,0,5158758687151981417,168.635417,13.577125,UNCHECKED
720p,71,val_071.png,1280,720,921600,min_tree,8,proposed,2,1,102.046375,99269,99269,99269,proposed,0,0,0,0,0,0,0,5158758687151981417,168.635417,13.577125,UNCHECKED
720p,71,val_071.png,1280,720,921600,tree_of_shapes,4/8,proposed,0,0,129.552500,246268,246268,246268,proposed,0,0,0,0,0,0,0,14088644997084204962,871.550292,13.818167,UNCHECKED
720p,71,val_071.png,1280,720,921600,tree_of_shapes,4/8,ref5_original,0,1,1393.386875,246268,246268,246268,proposed,30434,3720,30026,29962,0,0,388,17689804964905244438,871.550292,13.818167,UNCHECKED
720p,71,val_071.png,1280,720,921600,tree_of_shapes,4/8,ref5_original,1,0,1396.629708,246268,246268,246268,proposed,30434,3720,30026,29962,0,0,388,17689804964905244438,871.550292,13.818167,UNCHECKED
720p,71,val_071.png,1280,720,921600,tree_of_shapes,4/8,proposed,1,1,128.542375,246268,246268,246268,proposed,0,0,0,0,0,0,0,14088644997084204962,871.550292,13.818167,UNCHECKED
720p,71,val_071.png,1280,720,921600,tree_of_shapes,4/8,proposed,2,0,129.857958,246268,246268,246268,proposed,0,0,0,0,0,0,0,14088644997084204962,871.550292,13.818167,UNCHECKED
720p,71,val_071.png,1280,720,921600,tree_of_shapes,4/8,ref5_original,2,1,1400.365125,246268,246268,246268,proposed,30434,3720,30026,29962,0,0,388,17689804964905244438,871.550292,13.818167,UNCHECKED
720p,72,val_072.png,1280,720,921600,max_tree,8,ref6,0,0,85.033625,89605,89605,89605,proposed,0,0,0,0,0,0,0,6017611040927301680,162.134000,15.646250,UNCHECKED
720p,72,val_072.png,1280,720,921600,max_tree,8,proposed,0,1,101.090792,89605,89605,89605,proposed,0,0,0,0,0,0,0,6017611040927301680,162.134000,15.646250,UNCHECKED
720p,72,val_072.png,1280,720,921600,max_tree,8,proposed,1,0,101.701625,89605,89605,89605,proposed,0,0,0,0,0,0,0,6017611040927301680,162.134000,15.646250,UNCHECKED
720p,72,val_072.png,1280,720,921600,max_tree,8,ref6,1,1,84.926958,89605,89605,89605,proposed,0,0,0,0,0,0,0,6017611040927301680,162.134000,15.646250,UNCHECKED
720p,72,val_072.png,1280,720,921600,max_tree,8,ref6,2,0,84.942542,89605,89605,89605,proposed,0,0,0,0,0,0,0,6017611040927301680,162.134000,15.646250,UNCHECKED
720p,72,val_072.png,1280,720,921600,max_tree,8,proposed,2,1,104.044167,89605,89605,89605,proposed,0,0,0,0,0,0,0,6017611040927301680,162.134000,15.646250,UNCHECKED
720p,72,val_072.png,1280,720,921600,min_tree,8,proposed,0,0,100.509542,63517,63517,63517,proposed,0,0,0,0,0,0,0,17675684658316246149,166.278958,19.828750,UNCHECKED
720p,72,val_072.png,1280,720,921600,min_tree,8,ref6,0,1,89.863750,63517,63517,63517,proposed,0,0,0,0,0,0,0,17675684658316246149,166.278958,19.828750,UNCHECKED
720p,72,val_072.png,1280,720,921600,min_tree,8,ref6,1,0,87.883958,63517,63517,63517,proposed,0,0,0,0,0,0,0,17675684658316246149,166.278958,19.828750,UNCHECKED
720p,72,val_072.png,1280,720,921600,min_tree,8,proposed,1,1,98.840875,63517,63517,63517,proposed,0,0,0,0,0,0,0,17675684658316246149,166.278958,19.828750,UNCHECKED
720p,72,val_072.png,1280,720,921600,min_tree,8,proposed,2,0,99.720875,63517,63517,63517,proposed,0,0,0,0,0,0,0,17675684658316246149,166.278958,19.828750,UNCHECKED
720p,72,val_072.png,1280,720,921600,min_tree,8,ref6,2,1,89.407083,63517,63517,63517,proposed,0,0,0,0,0,0,0,17675684658316246149,166.278958,19.828750,UNCHECKED
720p,72,val_072.png,1280,720,921600,tree_of_shapes,4/8,ref5_original,0,0,1383.242292,165348,165348,165348,proposed,13993,1482,13689,13771,0,0,319,9395472497924243965,859.409000,11.540250,UNCHECKED
720p,72,val_072.png,1280,720,921600,tree_of_shapes,4/8,proposed,0,1,119.377083,165348,165348,165348,proposed,0,0,0,0,0,0,0,15375725724642360327,859.409000,11.540250,UNCHECKED
720p,72,val_072.png,1280,720,921600,tree_of_shapes,4/8,proposed,1,0,119.930250,165348,165348,165348,proposed,0,0,0,0,0,0,0,15375725724642360327,859.409000,11.540250,UNCHECKED
720p,72,val_072.png,1280,720,921600,tree_of_shapes,4/8,ref5_original,1,1,1389.253041,165348,165348,165348,proposed,13993,1482,13689,13771,0,0,319,9395472497924243965,859.409000,11.540250,UNCHECKED
720p,72,val_072.png,1280,720,921600,tree_of_shapes,4/8,ref5_original,2,0,1374.724292,165348,165348,165348,proposed,13993,1482,13689,13771,0,0,319,9395472497924243965,859.409000,11.540250,UNCHECKED
720p,72,val_072.png,1280,720,921600,tree_of_shapes,4/8,proposed,2,1,117.876583,165348,165348,165348,proposed,0,0,0,0,0,0,0,15375725724642360327,859.409000,11.540250,UNCHECKED
720p,73,val_073.png,1280,720,921600,max_tree,8,proposed,0,0,99.846000,82327,82327,82327,proposed,0,0,0,0,0,0,0,7004157302610433775,161.253292,11.983750,UNCHECKED
720p,73,val_073.png,1280,720,921600,max_tree,8,ref6,0,1,84.977292,82327,82327,82327,proposed,0,0,0,0,0,0,0,7004157302610433775,161.253292,11.983750,UNCHECKED
720p,73,val_073.png,1280,720,921600,max_tree,8,ref6,1,0,82.862875,82327,82327,82327,proposed,0,0,0,0,0,0,0,7004157302610433775,161.253292,11.983750,UNCHECKED
720p,73,val_073.png,1280,720,921600,max_tree,8,proposed,1,1,102.155750,82327,82327,82327,proposed,0,0,0,0,0,0,0,7004157302610433775,161.253292,11.983750,UNCHECKED
720p,73,val_073.png,1280,720,921600,max_tree,8,proposed,2,0,106.269375,82327,82327,82327,proposed,0,0,0,0,0,0,0,7004157302610433775,161.253292,11.983750,UNCHECKED
720p,73,val_073.png,1280,720,921600,max_tree,8,ref6,2,1,85.405375,82327,82327,82327,proposed,0,0,0,0,0,0,0,7004157302610433775,161.253292,11.983750,UNCHECKED
720p,73,val_073.png,1280,720,921600,min_tree,8,ref6,0,0,83.283542,70179,70179,70179,proposed,0,0,0,0,0,0,0,9257160630327428428,159.627667,11.406666,UNCHECKED
720p,73,val_073.png,1280,720,921600,min_tree,8,proposed,0,1,98.193417,70179,70179,70179,proposed,0,0,0,0,0,0,0,9257160630327428428,159.627667,11.406666,UNCHECKED
720p,73,val_073.png,1280,720,921600,min_tree,8,proposed,1,0,98.400792,70179,70179,70179,proposed,0,0,0,0,0,0,0,9257160630327428428,159.627667,11.406666,UNCHECKED
720p,73,val_073.png,1280,720,921600,min_tree,8,ref6,1,1,83.537417,70179,70179,70179,proposed,0,0,0,0,0,0,0,9257160630327428428,159.627667,11.406666,UNCHECKED
720p,73,val_073.png,1280,720,921600,min_tree,8,ref6,2,0,83.075042,70179,70179,70179,proposed,0,0,0,0,0,0,0,9257160630327428428,159.627667,11.406666,UNCHECKED
720p,73,val_073.png,1280,720,921600,min_tree,8,proposed,2,1,99.352625,70179,70179,70179,proposed,0,0,0,0,0,0,0,9257160630327428428,159.627667,11.406666,UNCHECKED
720p,73,val_073.png,1280,720,921600,tree_of_shapes,4/8,proposed,0,0,109.732458,162546,162546,162546,proposed,0,0,0,0,0,0,0,3121603366555573567,829.794333,10.621333,UNCHECKED
720p,73,val_073.png,1280,720,921600,tree_of_shapes,4/8,ref5_original,0,1,1359.376459,162546,162546,162546,proposed,18540,2196,18141,18226,0,0,325,7541436384101376890,829.794333,10.621333,UNCHECKED
720p,73,val_073.png,1280,720,921600,tree_of_shapes,4/8,ref5_original,1,0,1356.993750,162546,162546,162546,proposed,18540,2196,18141,18226,0,0,325,7541436384101376890,829.794333,10.621333,UNCHECKED
720p,73,val_073.png,1280,720,921600,tree_of_shapes,4/8,proposed,1,1,112.512541,162546,162546,162546,proposed,0,0,0,0,0,0,0,3121603366555573567,829.794333,10.621333,UNCHECKED
720p,73,val_073.png,1280,720,921600,tree_of_shapes,4/8,proposed,2,0,112.337792,162546,162546,162546,proposed,0,0,0,0,0,0,0,3121603366555573567,829.794333,10.621333,UNCHECKED
720p,73,val_073.png,1280,720,921600,tree_of_shapes,4/8,ref5_original,2,1,1371.046542,162546,162546,162546,proposed,18540,2196,18141,18226,0,0,325,7541436384101376890,829.794333,10.621333,UNCHECKED
720p,74,val_074.png,1280,720,921600,max_tree,8,ref6,0,0,85.048500,70326,70326,70326,proposed,0,0,0,0,0,0,0,13436442397783919656,155.172125,18.728209,UNCHECKED
720p,74,val_074.png,1280,720,921600,max_tree,8,proposed,0,1,92.948792,70326,70326,70326,proposed,0,0,0,0,0,0,0,13436442397783919656,155.172125,18.728209,UNCHECKED
720p,74,val_074.png,1280,720,921600,max_tree,8,proposed,1,0,94.202166,70326,70326,70326,proposed,0,0,0,0,0,0,0,13436442397783919656,155.172125,18.728209,UNCHECKED
720p,74,val_074.png,1280,720,921600,max_tree,8,ref6,1,1,88.635000,70326,70326,70326,proposed,0,0,0,0,0,0,0,13436442397783919656,155.172125,18.728209,UNCHECKED
720p,74,val_074.png,1280,720,921600,max_tree,8,ref6,2,0,83.397042,70326,70326,70326,proposed,0,0,0,0,0,0,0,13436442397783919656,155.172125,18.728209,UNCHECKED
720p,74,val_074.png,1280,720,921600,max_tree,8,proposed,2,1,94.519459,70326,70326,70326,proposed,0,0,0,0,0,0,0,13436442397783919656,155.172125,18.728209,UNCHECKED
720p,74,val_074.png,1280,720,921600,min_tree,8,proposed,0,0,93.450542,58140,58140,58140,proposed,0,0,0,0,0,0,0,3520488826362548132,153.748541,21.071333,UNCHECKED
720p,74,val_074.png,1280,720,921600,min_tree,8,ref6,0,1,86.566042,58140,58140,58140,proposed,0,0,0,0,0,0,0,3520488826362548132,153.748541,21.071333,UNCHECKED
720p,74,val_074.png,1280,720,921600,min_tree,8,ref6,1,0,86.245959,58140,58140,58140,proposed,0,0,0,0,0,0,0,3520488826362548132,153.748541,21.071333,UNCHECKED
720p,74,val_074.png,1280,720,921600,min_tree,8,proposed,1,1,93.920209,58140,58140,58140,proposed,0,0,0,0,0,0,0,3520488826362548132,153.748541,21.071333,UNCHECKED
720p,74,val_074.png,1280,720,921600,min_tree,8,proposed,2,0,95.904250,58140,58140,58140,proposed,0,0,0,0,0,0,0,3520488826362548132,153.748541,21.071333,UNCHECKED
720p,74,val_074.png,1280,720,921600,min_tree,8,ref6,2,1,86.624834,58140,58140,58140,proposed,0,0,0,0,0,0,0,3520488826362548132,153.748541,21.071333,UNCHECKED
720p,74,val_074.png,1280,720,921600,tree_of_shapes,4/8,ref5_original,0,0,1333.962834,137920,137920,137920,proposed,14272,1497,14023,14066,0,0,311,17593652436849438882,777.646166,13.291417,UNCHECKED
720p,74,val_074.png,1280,720,921600,tree_of_shapes,4/8,proposed,0,1,106.172000,137920,137920,137920,proposed,0,0,0,0,0,0,0,3389456861800044340,777.646166,13.291417,UNCHECKED
720p,74,val_074.png,1280,720,921600,tree_of_shapes,4/8,proposed,1,0,103.021125,137920,137920,137920,proposed,0,0,0,0,0,0,0,3389456861800044340,777.646166,13.291417,UNCHECKED
720p,74,val_074.png,1280,720,921600,tree_of_shapes,4/8,ref5_original,1,1,1338.754250,137920,137920,137920,proposed,14272,1497,14023,14066,0,0,311,17593652436849438882,777.646166,13.291417,UNCHECKED
720p,74,val_074.png,1280,720,921600,tree_of_shapes,4/8,ref5_original,2,0,1347.527000,137920,137920,137920,proposed,14272,1497,14023,14066,0,0,311,17593652436849438882,777.646166,13.291417,UNCHECKED
720p,74,val_074.png,1280,720,921600,tree_of_shapes,4/8,proposed,2,1,103.983416,137920,137920,137920,proposed,0,0,0,0,0,0,0,3389456861800044340,777.646166,13.291417,UNCHECKED
720p,75,val_075.png,1280,720,921600,max_tree,8,proposed,0,0,97.694583,91756,91756,91756,proposed,0,0,0,0,0,0,0,12070882746114228637,161.876500,11.300458,UNCHECKED
720p,75,val_075.png,1280,720,921600,max_tree,8,ref6,0,1,89.381083,91756,91756,91756,proposed,0,0,0,0,0,0,0,12070882746114228637,161.876500,11.300458,UNCHECKED
720p,75,val_075.png,1280,720,921600,max_tree,8,ref6,1,0,88.776875,91756,91756,91756,proposed,0,0,0,0,0,0,0,12070882746114228637,161.876500,11.300458,UNCHECKED
720p,75,val_075.png,1280,720,921600,max_tree,8,proposed,1,1,98.144666,91756,91756,91756,proposed,0,0,0,0,0,0,0,12070882746114228637,161.876500,11.300458,UNCHECKED
720p,75,val_075.png,1280,720,921600,max_tree,8,proposed,2,0,98.129625,91756,91756,91756,proposed,0,0,0,0,0,0,0,12070882746114228637,161.876500,11.300458,UNCHECKED
720p,75,val_075.png,1280,720,921600,max_tree,8,ref6,2,1,89.324917,91756,91756,91756,proposed,0,0,0,0,0,0,0,12070882746114228637,161.876500,11.300458,UNCHECKED
720p,75,val_075.png,1280,720,921600,min_tree,8,ref6,0,0,87.101584,71750,71750,71750,proposed,0,0,0,0,0,0,0,10661470426369827863,161.152750,14.021334,UNCHECKED
720p,75,val_075.png,1280,720,921600,min_tree,8,proposed,0,1,95.536250,71750,71750,71750,proposed,0,0,0,0,0,0,0,10661470426369827863,161.152750,14.021334,UNCHECKED
720p,75,val_075.png,1280,720,921600,min_tree,8,proposed,1,0,96.586709,71750,71750,71750,proposed,0,0,0,0,0,0,0,10661470426369827863,161.152750,14.021334,UNCHECKED
720p,75,val_075.png,1280,720,921600,min_tree,8,ref6,1,1,84.645333,71750,71750,71750,proposed,0,0,0,0,0,0,0,10661470426369827863,161.152750,14.021334,UNCHECKED
720p,75,val_075.png,1280,720,921600,min_tree,8,ref6,2,0,85.897208,71750,71750,71750,proposed,0,0,0,0,0,0,0,10661470426369827863,161.152750,14.021334,UNCHECKED
720p,75,val_075.png,1280,720,921600,min_tree,8,proposed,2,1,96.061125,71750,71750,71750,proposed,0,0,0,0,0,0,0,10661470426369827863,161.152750,14.021334,UNCHECKED
720p,75,val_075.png,1280,720,921600,tree_of_shapes,4/8,proposed,0,0,111.127125,174373,174373,174373,proposed,0,0,0,0,0,0,0,9317263351864236773,815.840750,10.501917,UNCHECKED
720p,75,val_075.png,1280,720,921600,tree_of_shapes,4/8,ref5_original,0,1,1367.722417,174373,174373,174373,proposed,19810,2001,19534,19534,0,0,342,8837865981474377096,815.840750,10.501917,UNCHECKED
720p,75,val_075.png,1280,720,921600,tree_of_shapes,4/8,ref5_original,1,0,1368.299042,174373,174373,174373,proposed,19810,2001,19534,19534,0,0,342,8837865981474377096,815.840750,10.501917,UNCHECKED
720p,75,val_075.png,1280,720,921600,tree_of_shapes,4/8,proposed,1,1,116.901583,174373,174373,174373,proposed,0,0,0,0,0,0,0,9317263351864236773,815.840750,10.501917,UNCHECKED
720p,75,val_075.png,1280,720,921600,tree_of_shapes,4/8,proposed,2,0,112.509333,174373,174373,174373,proposed,0,0,0,0,0,0,0,9317263351864236773,815.840750,10.501917,UNCHECKED
720p,75,val_075.png,1280,720,921600,tree_of_shapes,4/8,ref5_original,2,1,1361.862500,174373,174373,174373,proposed,19810,2001,19534,19534,0,0,342,8837865981474377096,815.840750,10.501917,UNCHECKED
720p,76,val_076.png,1280,720,921600,max_tree,8,ref6,0,0,85.359208,46750,46750,46750,proposed,0,0,0,0,0,0,0,13410063691615983012,144.831333,27.447750,UNCHECKED
720p,76,val_076.png,1280,720,921600,max_tree,8,proposed,0,1,91.604833,46750,46750,46750,proposed,0,0,0,0,0,0,0,13410063691615983012,144.831333,27.447750,UNCHECKED
720p,76,val_076.png,1280,720,921600,max_tree,8,proposed,1,0,92.075667,46750,46750,46750,proposed,0,0,0,0,0,0,0,13410063691615983012,144.831333,27.447750,UNCHECKED
720p,76,val_076.png,1280,720,921600,max_tree,8,ref6,1,1,78.866541,46750,46750,46750,proposed,0,0,0,0,0,0,0,13410063691615983012,144.831333,27.447750,UNCHECKED
720p,76,val_076.png,1280,720,921600,max_tree,8,ref6,2,0,78.797500,46750,46750,46750,proposed,0,0,0,0,0,0,0,13410063691615983012,144.831333,27.447750,UNCHECKED
720p,76,val_076.png,1280,720,921600,max_tree,8,proposed,2,1,92.485333,46750,46750,46750,proposed,0,0,0,0,0,0,0,13410063691615983012,144.831333,27.447750,UNCHECKED
720p,76,val_076.png,1280,720,921600,min_tree,8,proposed,0,0,84.608958,42282,42282,42282,proposed,0,0,0,0,0,0,0,13593107556265183107,143.111417,27.837541,UNCHECKED
720p,76,val_076.png,1280,720,921600,min_tree,8,ref6,0,1,81.187875,42282,42282,42282,proposed,0,0,0,0,0,0,0,13593107556265183107,143.111417,27.837541,UNCHECKED
720p,76,val_076.png,1280,720,921600,min_tree,8,ref6,1,0,78.877375,42282,42282,42282,proposed,0,0,0,0,0,0,0,13593107556265183107,143.111417,27.837541,UNCHECKED
720p,76,val_076.png,1280,720,921600,min_tree,8,proposed,1,1,85.325625,42282,42282,42282,proposed,0,0,0,0,0,0,0,13593107556265183107,143.111417,27.837541,UNCHECKED
720p,76,val_076.png,1280,720,921600,min_tree,8,proposed,2,0,85.389417,42282,42282,42282,proposed,0,0,0,0,0,0,0,13593107556265183107,143.111417,27.837541,UNCHECKED
720p,76,val_076.png,1280,720,921600,min_tree,8,ref6,2,1,79.863250,42282,42282,42282,proposed,0,0,0,0,0,0,0,13593107556265183107,143.111417,27.837541,UNCHECKED
720p,76,val_076.png,1280,720,921600,tree_of_shapes,4/8,ref5_original,0,0,1290.330250,96271,96271,96271,proposed,8648,760,8532,8562,0,0,257,17781612439689563205,764.092042,17.901459,UNCHECKED
720p,76,val_076.png,1280,720,921600,tree_of_shapes,4/8,proposed,0,1,86.441750,96271,96271,96271,proposed,0,0,0,0,0,0,0,2234361806683109090,764.092042,17.901459,UNCHECKED
720p,76,val_076.png,1280,720,921600,tree_of_shapes,4/8,proposed,1,0,83.350042,96271,96271,96271,proposed,0,0,0,0,0,0,0,2234361806683109090,764.092042,17.901459,UNCHECKED
720p,76,val_076.png,1280,720,921600,tree_of_shapes,4/8,ref5_original,1,1,1290.842041,96271,96271,96271,proposed,8648,760,8532,8562,0,0,257,17781612439689563205,764.092042,17.901459,UNCHECKED
720p,76,val_076.png,1280,720,921600,tree_of_shapes,4/8,ref5_original,2,0,1281.906000,96271,96271,96271,proposed,8648,760,8532,8562,0,0,257,17781612439689563205,764.092042,17.901459,UNCHECKED
720p,76,val_076.png,1280,720,921600,tree_of_shapes,4/8,proposed,2,1,88.448000,96271,96271,96271,proposed,0,0,0,0,0,0,0,2234361806683109090,764.092042,17.901459,UNCHECKED
720p,77,val_077.png,1280,720,921600,max_tree,8,proposed,0,0,97.882583,57538,57538,57538,proposed,0,0,0,0,0,0,0,16324937775440053,151.338000,14.807209,UNCHECKED
720p,77,val_077.png,1280,720,921600,max_tree,8,ref6,0,1,81.931166,57538,57538,57538,proposed,0,0,0,0,0,0,0,16324937775440053,151.338000,14.807209,UNCHECKED
720p,77,val_077.png,1280,720,921600,max_tree,8,ref6,1,0,81.552000,57538,57538,57538,proposed,0,0,0,0,0,0,0,16324937775440053,151.338000,14.807209,UNCHECKED
720p,77,val_077.png,1280,720,921600,max_tree,8,proposed,1,1,101.058542,57538,57538,57538,proposed,0,0,0,0,0,0,0,16324937775440053,151.338000,14.807209,UNCHECKED
720p,77,val_077.png,1280,720,921600,max_tree,8,proposed,2,0,100.968750,57538,57538,57538,proposed,0,0,0,0,0,0,0,16324937775440053,151.338000,14.807209,UNCHECKED
720p,77,val_077.png,1280,720,921600,max_tree,8,ref6,2,1,90.053375,57538,57538,57538,proposed,0,0,0,0,0,0,0,16324937775440053,151.338000,14.807209,UNCHECKED
720p,77,val_077.png,1280,720,921600,min_tree,8,ref6,0,0,87.186708,51982,51982,51982,proposed,0,0,0,0,0,0,0,12181591719317022619,157.386458,16.205292,UNCHECKED
720p,77,val_077.png,1280,720,921600,min_tree,8,proposed,0,1,91.999834,51982,51982,51982,proposed,0,0,0,0,0,0,0,12181591719317022619,157.386458,16.205292,UNCHECKED
720p,77,val_077.png,1280,720,921600,min_tree,8,proposed,1,0,92.429083,51982,51982,51982,proposed,0,0,0,0,0,0,0,12181591719317022619,157.386458,16.205292,UNCHECKED
720p,77,val_077.png,1280,720,921600,min_tree,8,ref6,1,1,86.563209,51982,51982,51982,proposed,0,0,0,0,0,0,0,12181591719317022619,157.386458,16.205292,UNCHECKED
720p,77,val_077.png,1280,720,921600,min_tree,8,ref6,2,0,88.451333,51982,51982,51982,proposed,0,0,0,0,0,0,0,12181591719317022619,157.386458,16.205292,UNCHECKED
720p,77,val_077.png,1280,720,921600,min_tree,8,proposed,2,1,93.610167,51982,51982,51982,proposed,0,0,0,0,0,0,0,12181591719317022619,157.386458,16.205292,UNCHECKED
720p,77,val_077.png,1280,720,921600,tree_of_shapes,4/8,proposed,0,0,98.041167,120737,120737,120737,proposed,0,0,0,0,0,0,0,1810824113980986007,805.931125,11.825500,UNCHECKED
720p,77,val_077.png,1280,720,921600,tree_of_shapes,4/8,ref5_original,0,1,1339.989875,120737,120737,120737,proposed,14221,1562,13907,13985,0,0,180,11700697120457776341,805.931125,11.825500,UNCHECKED
720p,77,val_077.png,1280,720,921600,tree_of_shapes,4/8,ref5_original,1,0,1331.660542,120737,120737,120737,proposed,14221,1562,13907,13985,0,0,180,11700697120457776341,805.931125,11.825500,UNCHECKED
720p,77,val_077.png,1280,720,921600,tree_of_shapes,4/8,proposed,1,1,102.277750,120737,120737,120737,proposed,0,0,0,0,0,0,0,1810824113980986007,805.931125,11.825500,UNCHECKED
720p,77,val_077.png,1280,720,921600,tree_of_shapes,4/8,proposed,2,0,97.735792,120737,120737,120737,proposed,0,0,0,0,0,0,0,1810824113980986007,805.931125,11.825500,UNCHECKED
720p,77,val_077.png,1280,720,921600,tree_of_shapes,4/8,ref5_original,2,1,1346.840500,120737,120737,120737,proposed,14221,1562,13907,13985,0,0,180,11700697120457776341,805.931125,11.825500,UNCHECKED
720p,78,val_078.png,1280,720,921600,max_tree,8,ref6,0,0,88.793583,48334,48334,48334,proposed,0,0,0,0,0,0,0,15719291031837602316,153.033667,21.403791,UNCHECKED
720p,78,val_078.png,1280,720,921600,max_tree,8,proposed,0,1,85.148833,48334,48334,48334,proposed,0,0,0,0,0,0,0,15719291031837602316,153.033667,21.403791,UNCHECKED
720p,78,val_078.png,1280,720,921600,max_tree,8,proposed,1,0,85.735875,48334,48334,48334,proposed,0,0,0,0,0,0,0,15719291031837602316,153.033667,21.403791,UNCHECKED
720p,78,val_078.png,1280,720,921600,max_tree,8,ref6,1,1,84.283584,48334,48334,48334,proposed,0,0,0,0,0,0,0,15719291031837602316,153.033667,21.403791,UNCHECKED
720p,78,val_078.png,1280,720,921600,max_tree,8,ref6,2,0,86.009625,48334,48334,48334,proposed,0,0,0,0,0,0,0,15719291031837602316,153.033667,21.403791,UNCHECKED
720p,78,val_078.png,1280,720,921600,max_tree,8,proposed,2,1,86.850833,48334,48334,48334,proposed,0,0,0,0,0,0,0,15719291031837602316,153.033667,21.403791,UNCHECKED
720p,78,val_078.png,1280,720,921600,min_tree,8,proposed,0,0,84.289708,42479,42479,42479,proposed,0,0,0,0,0,0,0,183884512605212665,152.973542,22.644000,UNCHECKED
720p,78,val_078.png,1280,720,921600,min_tree,8,ref6,0,1,88.702125,42479,42479,42479,proposed,0,0,0,0,0,0,0,183884512605212665,152.973542,22.644000,UNCHECKED
720p,78,val_078.png,1280,720,921600,min_tree,8,ref6,1,0,88.296833,42479,42479,42479,proposed,0,0,0,0,0,0,0,183884512605212665,152.973542,22.644000,UNCHECKED
720p,78,val_078.png,1280,720,921600,min_tree,8,proposed,1,1,85.920791,42479,42479,42479,proposed,0,0,0,0,0,0,0,183884512605212665,152.973542,22.644000,UNCHECKED
720p,78,val_078.png,1280,720,921600,min_tree,8,proposed,2,0,86.043250,42479,42479,42479,proposed,0,0,0,0,0,0,0,183884512605212665,152.973542,22.644000,UNCHECKED
720p,78,val_078.png,1280,720,921600,min_tree,8,ref6,2,1,83.270125,42479,42479,42479,proposed,0,0,0,0,0,0,0,183884512605212665,152.973542,22.644000,UNCHECKED
720p,78,val_078.png,1280,720,921600,tree_of_shapes,4/8,ref5_original,0,0,1302.982541,95917,95917,95917,proposed,10525,1129,10346,10392,0,0,231,6650080105564419556,772.933167,16.262500,UNCHECKED
720p,78,val_078.png,1280,720,921600,tree_of_shapes,4/8,proposed,0,1,88.667875,95917,95917,95917,proposed,0,0,0,0,0,0,0,3376323433726264224,772.933167,16.262500,UNCHECKED
720p,78,val_078.png,1280,720,921600,tree_of_shapes,4/8,proposed,1,0,86.728041,95917,95917,95917,proposed,0,0,0,0,0,0,0,3376323433726264224,772.933167,16.262500,UNCHECKED
720p,78,val_078.png,1280,720,921600,tree_of_shapes,4/8,ref5_original,1,1,1310.547541,95917,95917,95917,proposed,10525,1129,10346,10392,0,0,231,6650080105564419556,772.933167,16.262500,UNCHECKED
720p,78,val_078.png,1280,720,921600,tree_of_shapes,4/8,ref5_original,2,0,1310.974833,95917,95917,95917,proposed,10525,1129,10346,10392,0,0,231,6650080105564419556,772.933167,16.262500,UNCHECKED
720p,78,val_078.png,1280,720,921600,tree_of_shapes,4/8,proposed,2,1,88.722292,95917,95917,95917,proposed,0,0,0,0,0,0,0,3376323433726264224,772.933167,16.262500,UNCHECKED
720p,79,val_079.png,1280,720,921600,max_tree,8,proposed,0,0,90.741584,67815,67815,67815,proposed,0,0,0,0,0,0,0,18031784278649132719,154.980334,16.961542,UNCHECKED
720p,79,val_079.png,1280,720,921600,max_tree,8,ref6,0,1,89.256000,67815,67815,67815,proposed,0,0,0,0,0,0,0,18031784278649132719,154.980334,16.961542,UNCHECKED
720p,79,val_079.png,1280,720,921600,max_tree,8,ref6,1,0,86.701666,67815,67815,67815,proposed,0,0,0,0,0,0,0,18031784278649132719,154.980334,16.961542,UNCHECKED
720p,79,val_079.png,1280,720,921600,max_tree,8,proposed,1,1,89.654041,67815,67815,67815,proposed,0,0,0,0,0,0,0,18031784278649132719,154.980334,16.961542,UNCHECKED
720p,79,val_079.png,1280,720,921600,max_tree,8,proposed,2,0,90.396292,67815,67815,67815,proposed,0,0,0,0,0,0,0,18031784278649132719,154.980334,16.961542,UNCHECKED
720p,79,val_079.png,1280,720,921600,max_tree,8,ref6,2,1,87.826459,67815,67815,67815,proposed,0,0,0,0,0,0,0,18031784278649132719,154.980334,16.961542,UNCHECKED
720p,79,val_079.png,1280,720,921600,min_tree,8,ref6,0,0,86.516375,42494,42494,42494,proposed,0,0,0,0,0,0,0,6489625910202370876,153.230042,26.641417,UNCHECKED
720p,79,val_079.png,1280,720,921600,min_tree,8,proposed,0,1,99.874833,42494,42494,42494,proposed,0,0,0,0,0,0,0,6489625910202370876,153.230042,26.641417,UNCHECKED
720p,79,val_079.png,1280,720,921600,min_tree,8,proposed,1,0,99.583541,42494,42494,42494,proposed,0,0,0,0,0,0,0,6489625910202370876,153.230042,26.641417,UNCHECKED
720p,79,val_079.png,1280,720,921600,min_tree,8,ref6,1,1,86.403209,42494,42494,42494,proposed,0,0,0,0,0,0,0,6489625910202370876,153.230042,26.641417,UNCHECKED
720p,79,val_079.png,1280,720,921600,min_tree,8,ref6,2,0,82.990916,42494,42494,42494,proposed,0,0,0,0,0,0,0,6489625910202370876,153.230042,26.641417,UNCHECKED
720p,79,val_079.png,1280,720,921600,min_tree,8,proposed,2,1,91.194583,42494,42494,42494,proposed,0,0,0,0,0,0,0,6489625910202370876,153.230042,26.641417,UNCHECKED
720p,79,val_079.png,1280,720,921600,tree_of_shapes,4/8,proposed,0,0,96.312708,118843,118843,118843,proposed,0,0,0,0,0,0,0,18072653550122454415,789.777958,9.671625,UNCHECKED
720p,79,val_079.png,1280,720,921600,tree_of_shapes,4/8,ref5_original,0,1,1337.991625,118843,118843,118843,proposed,8607,773,8472,8489,0,0,256,11849716674761887101,789.777958,9.671625,UNCHECKED
720p,79,val_079.png,1280,720,921600,tree_of_shapes,4/8,ref5_original,1,0,1332.899458,118843,118843,118843,proposed,8607,773,8472,8489,0,0,256,11849716674761887101,789.777958,9.671625,UNCHECKED
720p,79,val_079.png,1280,720,921600,tree_of_shapes,4/8,proposed,1,1,97.294250,118843,118843,118843,proposed,0,0,0,0,0,0,0,18072653550122454415,789.777958,9.671625,UNCHECKED
720p,79,val_079.png,1280,720,921600,tree_of_shapes,4/8,proposed,2,0,93.831625,118843,118843,118843,proposed,0,0,0,0,0,0,0,18072653550122454415,789.777958,9.671625,UNCHECKED
720p,79,val_079.png,1280,720,921600,tree_of_shapes,4/8,ref5_original,2,1,1341.568417,118843,118843,118843,proposed,8607,773,8472,8489,0,0,256,11849716674761887101,789.777958,9.671625,UNCHECKED
720p,80,val_080.png,1280,720,921600,max_tree,8,ref6,0,0,87.084625,52885,52885,52885,proposed,0,0,0,0,0,0,0,13855803051114583815,150.901125,19.701583,UNCHECKED
720p,80,val_080.png,1280,720,921600,max_tree,8,proposed,0,1,94.584333,52885,52885,52885,proposed,0,0,0,0,0,0,0,13855803051114583815,150.901125,19.701583,UNCHECKED
720p,80,val_080.png,1280,720,921600,max_tree,8,proposed,1,0,97.667709,52885,52885,52885,proposed,0,0,0,0,0,0,0,13855803051114583815,150.901125,19.701583,UNCHECKED
720p,80,val_080.png,1280,720,921600,max_tree,8,ref6,1,1,88.529417,52885,52885,52885,proposed,0,0,0,0,0,0,0,13855803051114583815,150.901125,19.701583,UNCHECKED
720p,80,val_080.png,1280,720,921600,max_tree,8,ref6,2,0,86.180375,52885,52885,52885,proposed,0,0,0,0,0,0,0,13855803051114583815,150.901125,19.701583,UNCHECKED
720p,80,val_080.png,1280,720,921600,max_tree,8,proposed,2,1,84.200917,52885,52885,52885,proposed,0,0,0,0,0,0,0,13855803051114583815,150.901125,19.701583,UNCHECKED
720p,80,val_080.png,1280,720,921600,min_tree,8,proposed,0,0,90.603583,43537,43537,43537,proposed,0,0,0,0,0,0,0,14643434196024313180,152.684417,25.516666,UNCHECKED
720p,80,val_080.png,1280,720,921600,min_tree,8,ref6,0,1,83.838542,43537,43537,43537,proposed,0,0,0,0,0,0,0,14643434196024313180,152.684417,25.516666,UNCHECKED
720p,80,val_080.png,1280,720,921600,min_tree,8,ref6,1,0,86.479250,43537,43537,43537,proposed,0,0,0,0,0,0,0,14643434196024313180,152.684417,25.516666,UNCHECKED
720p,80,val_080.png,1280,720,921600,min_tree,8,proposed,1,1,84.449625,43537,43537,43537,proposed,0,0,0,0,0,0,0,14643434196024313180,152.684417,25.516666,UNCHECKED
720p,80,val_080.png,1280,720,921600,min_tree,8,proposed,2,0,93.623833,43537,43537,43537,proposed,0,0,0,0,0,0,0,14643434196024313180,152.684417,25.516666,UNCHECKED
720p,80,val_080.png,1280,720,921600,min_tree,8,ref6,2,1,82.152208,43537,43537,43537,proposed,0,0,0,0,0,0,0,14643434196024313180,152.684417,25.516666,UNCHECKED
720p,80,val_080.png,1280,720,921600,tree_of_shapes,4/8,ref5_original,0,0,1299.611500,104672,104672,104672,proposed,10116,1034,9937,9999,0,0,247,11193399101150158444,771.244792,11.193417,UNCHECKED
720p,80,val_080.png,1280,720,921600,tree_of_shapes,4/8,proposed,0,1,89.003291,104672,104672,104672,proposed,0,0,0,0,0,0,0,13517104279839928637,771.244792,11.193417,UNCHECKED
720p,80,val_080.png,1280,720,921600,tree_of_shapes,4/8,proposed,1,0,87.000209,104672,104672,104672,proposed,0,0,0,0,0,0,0,13517104279839928637,771.244792,11.193417,UNCHECKED
720p,80,val_080.png,1280,720,921600,tree_of_shapes,4/8,ref5_original,1,1,1324.445333,104672,104672,104672,proposed,10116,1034,9937,9999,0,0,247,11193399101150158444,771.244792,11.193417,UNCHECKED
720p,80,val_080.png,1280,720,921600,tree_of_shapes,4/8,ref5_original,2,0,1294.407208,104672,104672,104672,proposed,10116,1034,9937,9999,0,0,247,11193399101150158444,771.244792,11.193417,UNCHECKED
720p,80,val_080.png,1280,720,921600,tree_of_shapes,4/8,proposed,2,1,89.332459,104672,104672,104672,proposed,0,0,0,0,0,0,0,13517104279839928637,771.244792,11.193417,UNCHECKED
720p,81,val_081.png,1280,720,921600,max_tree,8,proposed,0,0,96.654292,54335,54335,54335,proposed,0,0,0,0,0,0,0,731601778425936724,159.704042,18.499875,UNCHECKED
720p,81,val_081.png,1280,720,921600,max_tree,8,ref6,0,1,84.302333,54335,54335,54335,proposed,0,0,0,0,0,0,0,731601778425936724,159.704042,18.499875,UNCHECKED
720p,81,val_081.png,1280,720,921600,max_tree,8,ref6,1,0,86.979916,54335,54335,54335,proposed,0,0,0,0,0,0,0,731601778425936724,159.704042,18.499875,UNCHECKED
720p,81,val_081.png,1280,720,921600,max_tree,8,proposed,1,1,96.935084,54335,54335,54335,proposed,0,0,0,0,0,0,0,731601778425936724,159.704042,18.499875,UNCHECKED
720p,81,val_081.png,1280,720,921600,max_tree,8,proposed,2,0,96.534959,54335,54335,54335,proposed,0,0,0,0,0,0,0,731601778425936724,159.704042,18.499875,UNCHECKED
720p,81,val_081.png,1280,720,921600,max_tree,8,ref6,2,1,91.622458,54335,54335,54335,proposed,0,0,0,0,0,0,0,731601778425936724,159.704042,18.499875,UNCHECKED
720p,81,val_081.png,1280,720,921600,min_tree,8,ref6,0,0,85.844208,46713,46713,46713,proposed,0,0,0,0,0,0,0,16207729918835710458,156.070125,22.696000,UNCHECKED
720p,81,val_081.png,1280,720,921600,min_tree,8,proposed,0,1,95.800209,46713,46713,46713,proposed,0,0,0,0,0,0,0,16207729918835710458,156.070125,22.696000,UNCHECKED
720p,81,val_081.png,1280,720,921600,min_tree,8,proposed,1,0,97.362084,46713,46713,46713,proposed,0,0,0,0,0,0,0,16207729918835710458,156.070125,22.696000,UNCHECKED
720p,81,val_081.png,1280,720,921600,min_tree,8,ref6,1,1,89.035666,46713,46713,46713,proposed,0,0,0,0,0,0,0,16207729918835710458,156.070125,22.696000,UNCHECKED
720p,81,val_081.png,1280,720,921600,min_tree,8,ref6,2,0,89.525583,46713,46713,46713,proposed,0,0,0,0,0,0,0,16207729918835710458,156.070125,22.696000,UNCHECKED
720p,81,val_081.png,1280,720,921600,min_tree,8,proposed,2,1,100.291083,46713,46713,46713,proposed,0,0,0,0,0,0,0,16207729918835710458,156.070125,22.696000,UNCHECKED
720p,81,val_081.png,1280,720,921600,tree_of_shapes,4/8,proposed,0,0,100.062750,109538,109538,109538,proposed,0,0,0,0,0,0,0,9090234721405672744,810.324042,8.862125,UNCHECKED
720p,81,val_081.png,1280,720,921600,tree_of_shapes,4/8,ref5_original,0,1,1353.051250,109538,109538,109538,proposed,10345,1182,10157,10186,0,0,275,3160562845524499992,810.324042,8.862125,UNCHECKED
720p,81,val_081.png,1280,720,921600,tree_of_shapes,4/8,ref5_original,1,0,1300.471583,109538,109538,109538,proposed,10345,1182,10157,10186,0,0,275,3160562845524499992,810.324042,8.862125,UNCHECKED
720p,81,val_081.png,1280,720,921600,tree_of_shapes,4/8,proposed,1,1,102.345375,109538,109538,109538,proposed,0,0,0,0,0,0,0,9090234721405672744,810.324042,8.862125,UNCHECKED
720p,81,val_081.png,1280,720,921600,tree_of_shapes,4/8,proposed,2,0,99.467958,109538,109538,109538,proposed,0,0,0,0,0,0,0,9090234721405672744,810.324042,8.862125,UNCHECKED
720p,81,val_081.png,1280,720,921600,tree_of_shapes,4/8,ref5_original,2,1,1318.248958,109538,109538,109538,proposed,10345,1182,10157,10186,0,0,275,3160562845524499992,810.324042,8.862125,UNCHECKED
720p,82,val_082.png,1280,720,921600,max_tree,8,ref6,0,0,81.099917,57065,57065,57065,proposed,0,0,0,0,0,0,0,1112204905718923937,148.713500,18.420000,UNCHECKED
720p,82,val_082.png,1280,720,921600,max_tree,8,proposed,0,1,86.592250,57065,57065,57065,proposed,0,0,0,0,0,0,0,1112204905718923937,148.713500,18.420000,UNCHECKED
720p,82,val_082.png,1280,720,921600,max_tree,8,proposed,1,0,94.288959,57065,57065,57065,proposed,0,0,0,0,0,0,0,1112204905718923937,148.713500,18.420000,UNCHECKED
720p,82,val_082.png,1280,720,921600,max_tree,8,ref6,1,1,82.126042,57065,57065,57065,proposed,0,0,0,0,0,0,0,1112204905718923937,148.713500,18.420000,UNCHECKED
720p,82,val_082.png,1280,720,921600,max_tree,8,ref6,2,0,80.738833,57065,57065,57065,proposed,0,0,0,0,0,0,0,1112204905718923937,148.713500,18.420000,UNCHECKED
720p,82,val_082.png,1280,720,921600,max_tree,8,proposed,2,1,96.487125,57065,57065,57065,proposed,0,0,0,0,0,0,0,1112204905718923937,148.713500,18.420000,UNCHECKED
720p,82,val_082.png,1280,720,921600,min_tree,8,proposed,0,0,86.680417,47597,47597,47597,proposed,0,0,0,0,0,0,0,10096637277122144471,151.998542,19.618167,UNCHECKED
720p,82,val_082.png,1280,720,921600,min_tree,8,ref6,0,1,81.663292,47597,47597,47597,proposed,0,0,0,0,0,0,0,10096637277122144471,151.998542,19.618167,UNCHECKED
720p,82,val_082.png,1280,720,921600,min_tree,8,ref6,1,0,81.731084,47597,47597,47597,proposed,0,0,0,0,0,0,0,10096637277122144471,151.998542,19.618167,UNCHECKED
720p,82,val_082.png,1280,720,921600,min_tree,8,proposed,1,1,87.944959,47597,47597,47597,proposed,0,0,0,0,0,0,0,10096637277122144471,151.998542,19.618167,UNCHECKED
720p,82,val_082.png,1280,720,921600,min_tree,8,proposed,2,0,87.466000,47597,47597,47597,proposed,0,0,0,0,0,0,0,10096637277122144471,151.998542,19.618167,UNCHECKED
720p,82,val_082.png,1280,720,921600,min_tree,8,ref6,2,1,79.256625,47597,47597,47597,proposed,0,0,0,0,0,0,0,10096637277122144471,151.998542,19.618167,UNCHECKED
720p,82,val_082.png,1280,720,921600,tree_of_shapes,4/8,ref5_original,0,0,1280.091666,110281,110281,110281,proposed,14348,1033,14213,14221,0,0,121,16200120391495357758,738.221291,13.541209,UNCHECKED
720p,82,val_082.png,1280,720,921600,tree_of_shapes,4/8,proposed,0,1,89.440208,110281,110281,110281,proposed,0,0,0,0,0,0,0,5653453548345932574,738.221291,13.541209,UNCHECKED
720p,82,val_082.png,1280,720,921600,tree_of_shapes,4/8,proposed,1,0,87.539708,110281,110281,110281,proposed,0,0,0,0,0,0,0,5653453548345932574,738.221291,13.541209,UNCHECKED
720p,82,val_082.png,1280,720,921600,tree_of_shapes,4/8,ref5_original,1,1,1286.898125,110281,110281,110281,proposed,14348,1033,14213,14221,0,0,121,16200120391495357758,738.221291,13.541209,UNCHECKED
720p,82,val_082.png,1280,720,921600,tree_of_shapes,4/8,ref5_original,2,0,1291.651792,110281,110281,110281,proposed,14348,1033,14213,14221,0,0,121,16200120391495357758,738.221291,13.541209,UNCHECKED
720p,82,val_082.png,1280,720,921600,tree_of_shapes,4/8,proposed,2,1,91.364000,110281,110281,110281,proposed,0,0,0,0,0,0,0,5653453548345932574,738.221291,13.541209,UNCHECKED
720p,83,val_083.png,1280,720,921600,max_tree,8,proposed,0,0,110.407375,112428,112428,112428,proposed,0,0,0,0,0,0,0,10264847876383088091,173.394333,10.926250,UNCHECKED
720p,83,val_083.png,1280,720,921600,max_tree,8,ref6,0,1,89.126625,112428,112428,112428,proposed,0,0,0,0,0,0,0,10264847876383088091,173.394333,10.926250,UNCHECKED
720p,83,val_083.png,1280,720,921600,max_tree,8,ref6,1,0,86.501667,112428,112428,112428,proposed,0,0,0,0,0,0,0,10264847876383088091,173.394333,10.926250,UNCHECKED
720p,83,val_083.png,1280,720,921600,max_tree,8,proposed,1,1,102.002125,112428,112428,112428,proposed,0,0,0,0,0,0,0,10264847876383088091,173.394333,10.926250,UNCHECKED
720p,83,val_083.png,1280,720,921600,max_tree,8,proposed,2,0,110.291209,112428,112428,112428,proposed,0,0,0,0,0,0,0,10264847876383088091,173.394333,10.926250,UNCHECKED
720p,83,val_083.png,1280,720,921600,max_tree,8,ref6,2,1,92.638916,112428,112428,112428,proposed,0,0,0,0,0,0,0,10264847876383088091,173.394333,10.926250,UNCHECKED
720p,83,val_083.png,1280,720,921600,min_tree,8,ref6,0,0,85.974958,95990,95990,95990,proposed,0,0,0,0,0,0,0,7914784536754010707,162.230083,10.915167,UNCHECKED
720p,83,val_083.png,1280,720,921600,min_tree,8,proposed,0,1,100.227959,95990,95990,95990,proposed,0,0,0,0,0,0,0,7914784536754010707,162.230083,10.915167,UNCHECKED
720p,83,val_083.png,1280,720,921600,min_tree,8,proposed,1,0,106.425667,95990,95990,95990,proposed,0,0,0,0,0,0,0,7914784536754010707,162.230083,10.915167,UNCHECKED
720p,83,val_083.png,1280,720,921600,min_tree,8,ref6,1,1,87.635250,95990,95990,95990,proposed,0,0,0,0,0,0,0,7914784536754010707,162.230083,10.915167,UNCHECKED
720p,83,val_083.png,1280,720,921600,min_tree,8,ref6,2,0,86.811500,95990,95990,95990,proposed,0,0,0,0,0,0,0,7914784536754010707,162.230083,10.915167,UNCHECKED
720p,83,val_083.png,1280,720,921600,min_tree,8,proposed,2,1,106.365250,95990,95990,95990,proposed,0,0,0,0,0,0,0,7914784536754010707,162.230083,10.915167,UNCHECKED
720p,83,val_083.png,1280,720,921600,tree_of_shapes,4/8,proposed,0,0,127.493125,224376,224376,224376,proposed,0,0,0,0,0,0,0,14759003848800453795,840.583709,13.345000,UNCHECKED
720p,83,val_083.png,1280,720,921600,tree_of_shapes,4/8,ref5_original,0,1,1390.929458,224376,224376,224376,proposed,29816,3331,29307,29330,0,0,241,13783325361687496142,840.583709,13.345000,UNCHECKED
720p,83,val_083.png,1280,720,921600,tree_of_shapes,4/8,ref5_original,1,0,1384.573750,224376,224376,224376,proposed,29816,3331,29307,29330,0,0,241,13783325361687496142,840.583709,13.345000,UNCHECKED
720p,83,val_083.png,1280,720,921600,tree_of_shapes,4/8,proposed,1,1,130.824791,224376,224376,224376,proposed,0,0,0,0,0,0,0,14759003848800453795,840.583709,13.345000,UNCHECKED
720p,83,val_083.png,1280,720,921600,tree_of_shapes,4/8,proposed,2,0,127.556291,224376,224376,224376,proposed,0,0,0,0,0,0,0,14759003848800453795,840.583709,13.345000,UNCHECKED
720p,83,val_083.png,1280,720,921600,tree_of_shapes,4/8,ref5_original,2,1,1380.077708,224376,224376,224376,proposed,29816,3331,29307,29330,0,0,241,13783325361687496142,840.583709,13.345000,UNCHECKED
720p,84,val_084.png,1280,720,921600,max_tree,8,ref6,0,0,78.355750,32567,32567,32567,proposed,0,0,0,0,0,0,0,17292696483802861396,139.592584,26.820083,UNCHECKED
720p,84,val_084.png,1280,720,921600,max_tree,8,proposed,0,1,78.845500,32567,32567,32567,proposed,0,0,0,0,0,0,0,17292696483802861396,139.592584,26.820083,UNCHECKED
720p,84,val_084.png,1280,720,921600,max_tree,8,proposed,1,0,85.821625,32567,32567,32567,proposed,0,0,0,0,0,0,0,17292696483802861396,139.592584,26.820083,UNCHECKED
720p,84,val_084.png,1280,720,921600,max_tree,8,ref6,1,1,84.794167,32567,32567,32567,proposed,0,0,0,0,0,0,0,17292696483802861396,139.592584,26.820083,UNCHECKED
720p,84,val_084.png,1280,720,921600,max_tree,8,ref6,2,0,81.661458,32567,32567,32567,proposed,0,0,0,0,0,0,0,17292696483802861396,139.592584,26.820083,UNCHECKED
720p,84,val_084.png,1280,720,921600,max_tree,8,proposed,2,1,78.271166,32567,32567,32567,proposed,0,0,0,0,0,0,0,17292696483802861396,139.592584,26.820083,UNCHECKED
720p,84,val_084.png,1280,720,921600,min_tree,8,proposed,0,0,77.167750,22122,22122,22122,proposed,0,0,0,0,0,0,0,1956905317031969308,139.406958,31.192125,UNCHECKED
720p,84,val_084.png,1280,720,921600,min_tree,8,ref6,0,1,78.458000,22122,22122,22122,proposed,0,0,0,0,0,0,0,1956905317031969308,139.406958,31.192125,UNCHECKED
720p,84,val_084.png,1280,720,921600,min_tree,8,ref6,1,0,78.814875,22122,22122,22122,proposed,0,0,0,0,0,0,0,1956905317031969308,139.406958,31.192125,UNCHECKED
720p,84,val_084.png,1280,720,921600,min_tree,8,proposed,1,1,77.617500,22122,22122,22122,proposed,0,0,0,0,0,0,0,1956905317031969308,139.406958,31.192125,UNCHECKED
720p,84,val_084.png,1280,720,921600,min_tree,8,proposed,2,0,77.548375,22122,22122,22122,proposed,0,0,0,0,0,0,0,1956905317031969308,139.406958,31.192125,UNCHECKED
720p,84,val_084.png,1280,720,921600,min_tree,8,ref6,2,1,78.759917,22122,22122,22122,proposed,0,0,0,0,0,0,0,1956905317031969308,139.406958,31.192125,UNCHECKED
720p,84,val_084.png,1280,720,921600,tree_of_shapes,4/8,ref5_original,0,0,1237.461792,60439,60439,60439,proposed,4285,722,4183,4185,0,0,196,15536121380154517842,735.352417,19.156500,UNCHECKED
720p,84,val_084.png,1280,720,921600,tree_of_shapes,4/8,proposed,0,1,75.374458,60439,60439,60439,proposed,0,0,0,0,0,0,0,4476785692519938602,735.352417,19.156500,UNCHECKED
720p,84,val_084.png,1280,720,921600,tree_of_shapes,4/8,proposed,1,0,73.277708,60439,60439,60439,proposed,0,0,0,0,0,0,0,4476785692519938602,735.352417,19.156500,UNCHECKED
720p,84,val_084.png,1280,720,921600,tree_of_shapes,4/8,ref5_original,1,1,1244.824875,60439,60439,60439,proposed,4285,722,4183,4185,0,0,196,15536121380154517842,735.352417,19.156500,UNCHECKED
720p,84,val_084.png,1280,720,921600,tree_of_shapes,4/8,ref5_original,2,0,1241.952000,60439,60439,60439,proposed,4285,722,4183,4185,0,0,196,15536121380154517842,735.352417,19.156500,UNCHECKED
720p,84,val_084.png,1280,720,921600,tree_of_shapes,4/8,proposed,2,1,75.491375,60439,60439,60439,proposed,0,0,0,0,0,0,0,4476785692519938602,735.352417,19.156500,UNCHECKED
720p,85,val_085.png,1280,720,921600,max_tree,8,proposed,0,0,92.810250,57348,57348,57348,proposed,0,0,0,0,0,0,0,10936636363408544774,149.011375,19.261500,UNCHECKED
720p,85,val_085.png,1280,720,921600,max_tree,8,ref6,0,1,83.158500,57348,57348,57348,proposed,0,0,0,0,0,0,0,10936636363408544774,149.011375,19.261500,UNCHECKED
720p,85,val_085.png,1280,720,921600,max_tree,8,ref6,1,0,81.568959,57348,57348,57348,proposed,0,0,0,0,0,0,0,10936636363408544774,149.011375,19.261500,UNCHECKED
720p,85,val_085.png,1280,720,921600,max_tree,8,proposed,1,1,95.337541,57348,57348,57348,proposed,0,0,0,0,0,0,0,10936636363408544774,149.011375,19.261500,UNCHECKED
720p,85,val_085.png,1280,720,921600,max_tree,8,proposed,2,0,99.022208,57348,57348,57348,proposed,0,0,0,0,0,0,0,10936636363408544774,149.011375,19.261500,UNCHECKED
720p,85,val_085.png,1280,720,921600,max_tree,8,ref6,2,1,83.742250,57348,57348,57348,proposed,0,0,0,0,0,0,0,10936636363408544774,149.011375,19.261500,UNCHECKED
720p,85,val_085.png,1280,720,921600,min_tree,8,ref6,0,0,81.568541,46377,46377,46377,proposed,0,0,0,0,0,0,0,6051736350465093782,150.323416,24.684542,UNCHECKED
720p,85,val_085.png,1280,720,921600,min_tree,8,proposed,0,1,92.949958,46377,46377,46377,proposed,0,0,0,0,0,0,0,6051736350465093782,150.323416,24.684542,UNCHECKED
720p,85,val_085.png,1280,720,921600,min_tree,8,proposed,1,0,93.515292,46377,46377,46377,proposed,0,0,0,0,0,0,0,6051736350465093782,150.323416,24.684542,UNCHECKED
720p,85,val_085.png,1280,720,921600,min_tree,8,ref6,1,1,83.463208,46377,46377,46377,proposed,0,0,0,0,0,0,0,6051736350465093782,150.323416,24.684542,UNCHECKED
720p,85,val_085.png,1280,720,921600,min_tree,8,ref6,2,0,82.156750,46377,46377,46377,proposed,0,0,0,0,0,0,0,6051736350465093782,150.323416,24.684542,UNCHECKED
720p,85,val_085.png,1280,720,921600,min_tree,8,proposed,2,1,93.277792,46377,46377,46377,proposed,0,0,0,0,0,0,0,6051736350465093782,150.323416,24.684542,UNCHECKED
720p,85,val_085.png,1280,720,921600,tree_of_shapes,4/8,proposed,0,0,96.157375,113139,113139,113139,proposed,0,0,0,0,0,0,0,13722356689566812378,779.030292,11.280167,UNCHECKED
720p,85,val_085.png,1280,720,921600,tree_of_shapes,4/8,ref5_original,0,1,1328.349459,113139,113139,113139,proposed,9191,1079,9010,9056,0,0,275,4638713832633388009,779.030292,11.280167,UNCHECKED
720p,85,val_085.png,1280,720,921600,tree_of_shapes,4/8,ref5_original,1,0,1308.974916,113139,113139,113139,proposed,9191,1079,9010,9056,0,0,275,4638713832633388009,779.030292,11.280167,UNCHECKED
720p,85,val_085.png,1280,720,921600,tree_of_shapes,4/8,proposed,1,1,100.209958,113139,113139,113139,proposed,0,0,0,0,0,0,0,13722356689566812378,779.030292,11.280167,UNCHECKED
720p,85,val_085.png,1280,720,921600,tree_of_shapes,4/8,proposed,2,0,97.743750,113139,113139,113139,proposed,0,0,0,0,0,0,0,13722356689566812378,779.030292,11.280167,UNCHECKED
720p,85,val_085.png,1280,720,921600,tree_of_shapes,4/8,ref5_original,2,1,1301.966625,113139,113139,113139,proposed,9191,1079,9010,9056,0,0,275,4638713832633388009,779.030292,11.280167,UNCHECKED
720p,86,val_086.png,1280,720,921600,max_tree,8,ref6,0,0,91.436417,77938,77938,77938,proposed,0,0,0,0,0,0,0,6416539274933415491,157.001000,12.270583,UNCHECKED
720p,86,val_086.png,1280,720,921600,max_tree,8,proposed,0,1,94.626500,77938,77938,77938,proposed,0,0,0,0,0,0,0,6416539274933415491,157.001000,12.270583,UNCHECKED
720p,86,val_086.png,1280,720,921600,max_tree,8,proposed,1,0,101.004000,77938,77938,77938,proposed,0,0,0,0,0,0,0,6416539274933415491,157.001000,12.270583,UNCHECKED
720p,86,val_086.png,1280,720,921600,max_tree,8,ref6,1,1,88.468125,77938,77938,77938,proposed,0,0,0,0,0,0,0,6416539274933415491,157.001000,12.270583,UNCHECKED
720p,86,val_086.png,1280,720,921600,max_tree,8,ref6,2,0,81.826875,77938,77938,77938,proposed,0,0,0,0,0,0,0,6416539274933415491,157.001000,12.270583,UNCHECKED
720p,86,val_086.png,1280,720,921600,max_tree,8,proposed,2,1,100.693667,77938,77938,77938,proposed,0,0,0,0,0,0,0,6416539274933415491,157.001000,12.270583,UNCHECKED
720p,86,val_086.png,1280,720,921600,min_tree,8,proposed,0,0,93.673000,68050,68050,68050,proposed,0,0,0,0,0,0,0,5798914325888544732,156.703542,14.158083,UNCHECKED
720p,86,val_086.png,1280,720,921600,min_tree,8,ref6,0,1,82.356125,68050,68050,68050,proposed,0,0,0,0,0,0,0,5798914325888544732,156.703542,14.158083,UNCHECKED
720p,86,val_086.png,1280,720,921600,min_tree,8,ref6,1,0,82.247166,68050,68050,68050,proposed,0,0,0,0,0,0,0,5798914325888544732,156.703542,14.158083,UNCHECKED
720p,86,val_086.png,1280,720,921600,min_tree,8,proposed,1,1,93.994958,68050,68050,68050,proposed,0,0,0,0,0,0,0,5798914325888544732,156.703542,14.158083,UNCHECKED
720p,86,val_086.png,1280,720,921600,min_tree,8,proposed,2,0,93.879334,68050,68050,68050,proposed,0,0,0,0,0,0,0,5798914325888544732,156.703542,14.158083,UNCHECKED
720p,86,val_086.png,1280,720,921600,min_tree,8,ref6,2,1,81.920792,68050,68050,68050,proposed,0,0,0,0,0,0,0,5798914325888544732,156.703542,14.158083,UNCHECKED
720p,86,val_086.png,1280,720,921600,tree_of_shapes,4/8,ref5_original,0,0,1356.554833,156783,156783,156783,proposed,19528,2648,19053,19145,0,0,342,16743071299543213457,796.535875,11.801958,UNCHECKED
720p,86,val_086.png,1280,720,921600,tree_of_shapes,4/8,proposed,0,1,111.079000,156783,156783,156783,proposed,0,0,0,0,0,0,0,14003527926597279173,796.535875,11.801958,UNCHECKED
720p,86,val_086.png,1280,720,921600,tree_of_shapes,4/8,proposed,1,0,110.969125,156783,156783,156783,proposed,0,0,0,0,0,0,0,14003527926597279173,796.535875,11.801958,UNCHECKED
720p,86,val_086.png,1280,720,921600,tree_of_shapes,4/8,ref5_original,1,1,1355.590959,156783,156783,156783,proposed,19528,2648,19053,19145,0,0,342,16743071299543213457,796.535875,11.801958,UNCHECKED
720p,86,val_086.png,1280,720,921600,tree_of_shapes,4/8,ref5_original,2,0,1331.036167,156783,156783,156783,proposed,19528,2648,19053,19145,0,0,342,16743071299543213457,796.535875,11.801958,UNCHECKED
720p,86,val_086.png,1280,720,921600,tree_of_shapes,4/8,proposed,2,1,107.001917,156783,156783,156783,proposed,0,0,0,0,0,0,0,14003527926597279173,796.535875,11.801958,UNCHECKED
720p,87,val_087.png,1280,720,921600,max_tree,8,proposed,0,0,89.229083,83404,83404,83404,proposed,0,0,0,0,0,0,0,13852853411645345245,152.530292,19.343917,UNCHECKED
720p,87,val_087.png,1280,720,921600,max_tree,8,ref6,0,1,88.743125,83404,83404,83404,proposed,0,0,0,0,0,0,0,13852853411645345245,152.530292,19.343917,UNCHECKED
720p,87,val_087.png,1280,720,921600,max_tree,8,ref6,1,0,86.020583,83404,83404,83404,proposed,0,0,0,0,0,0,0,13852853411645345245,152.530292,19.343917,UNCHECKED
720p,87,val_087.png,1280,720,921600,max_tree,8,proposed,1,1,89.269125,83404,83404,83404,proposed,0,0,0,0,0,0,0,13852853411645345245,152.530292,19.343917,UNCHECKED
720p,87,val_087.png,1280,720,921600,max_tree,8,proposed,2,0,89.937958,83404,83404,83404,proposed,0,0,0,0,0,0,0,13852853411645345245,152.530292,19.343917,UNCHECKED
720p,87,val_087.png,1280,720,921600,max_tree,8,ref6,2,1,86.689625,83404,83404,83404,proposed,0,0,0,0,0,0,0,13852853411645345245,152.530292,19.343917,UNCHECKED
720p,87,val_087.png,1280,720,921600,min_tree,8,ref6,0,0,85.250917,52099,52099,52099,proposed,0,0,0,0,0,0,0,17071148278644683115,151.433875,26.646458,UNCHECKED
720p,87,val_087.png,1280,720,921600,min_tree,8,proposed,0,1,93.061584,52099,52099,52099,proposed,0,0,0,0,0,0,0,17071148278644683115,151.433875,26.646458,UNCHECKED
720p,87,val_087.png,1280,720,921600,min_tree,8,proposed,1,0,93.210584,52099,52099,52099,proposed,0,0,0,0,0,0,0,17071148278644683115,151.433875,26.646458,UNCHECKED
720p,87,val_087.png,1280,720,921600,min_tree,8,ref6,1,1,86.134500,52099,52099,52099,proposed,0,0,0,0,0,0,0,17071148278644683115,151.433875,26.646458,UNCHECKED
720p,87,val_087.png,1280,720,921600,min_tree,8,ref6,2,0,86.933458,52099,52099,52099,proposed,0,0,0,0,0,0,0,17071148278644683115,151.433875,26.646458,UNCHECKED
720p,87,val_087.png,1280,720,921600,min_tree,8,proposed,2,1,89.908834,52099,52099,52099,proposed,0,0,0,0,0,0,0,17071148278644683115,151.433875,26.646458,UNCHECKED
720p,87,val_087.png,1280,720,921600,tree_of_shapes,4/8,proposed,0,0,96.951209,146859,146859,146859,proposed,0,0,0,0,0,0,0,9122300624560904425,798.668584,13.298333,UNCHECKED
720p,87,val_087.png,1280,720,921600,tree_of_shapes,4/8,ref5_original,0,1,1322.224292,146859,146859,146859,proposed,13423,1401,13177,13202,0,0,314,1974182216326270485,798.668584,13.298333,UNCHECKED
720p,87,val_087.png,1280,720,921600,tree_of_shapes,4/8,ref5_original,1,0,1326.295833,146859,146859,146859,proposed,13423,1401,13177,13202,0,0,314,1974182216326270485,798.668584,13.298333,UNCHECKED
720p,87,val_087.png,1280,720,921600,tree_of_shapes,4/8,proposed,1,1,98.933041,146859,146859,146859,proposed,0,0,0,0,0,0,0,9122300624560904425,798.668584,13.298333,UNCHECKED
720p,87,val_087.png,1280,720,921600,tree_of_shapes,4/8,proposed,2,0,96.208834,146859,146859,146859,proposed,0,0,0,0,0,0,0,9122300624560904425,798.668584,13.298333,UNCHECKED
720p,87,val_087.png,1280,720,921600,tree_of_shapes,4/8,ref5_original,2,1,1354.198666,146859,146859,146859,proposed,13423,1401,13177,13202,0,0,314,1974182216326270485,798.668584,13.298333,UNCHECKED
720p,88,val_088.png,1280,720,921600,max_tree,8,ref6,0,0,90.632208,32636,32636,32636,proposed,0,0,0,0,0,0,0,2944369946759982472,151.157083,30.526209,UNCHECKED
720p,88,val_088.png,1280,720,921600,max_tree,8,proposed,0,1,94.992000,32636,32636,32636,proposed,0,0,0,0,0,0,0,2944369946759982472,151.157083,30.526209,UNCHECKED
720p,88,val_088.png,1280,720,921600,max_tree,8,proposed,1,0,93.548542,32636,32636,32636,proposed,0,0,0,0,0,0,0,2944369946759982472,151.157083,30.526209,UNCHECKED
720p,88,val_088.png,1280,720,921600,max_tree,8,ref6,1,1,84.163833,32636,32636,32636,proposed,0,0,0,0,0,0,0,2944369946759982472,151.157083,30.526209,UNCHECKED
720p,88,val_088.png,1280,720,921600,max_tree,8,ref6,2,0,86.568125,32636,32636,32636,proposed,0,0,0,0,0,0,0,2944369946759982472,151.157083,30.526209,UNCHECKED
720p,88,val_088.png,1280,720,921600,max_tree,8,proposed,2,1,85.104250,32636,32636,32636,proposed,0,0,0,0,0,0,0,2944369946759982472,151.157083,30.526209,UNCHECKED
720p,88,val_088.png,1280,720,921600,min_tree,8,proposed,0,0,85.558959,24426,24426,24426,proposed,0,0,0,0,0,0,0,16741627557800372978,151.264333,33.771000,UNCHECKED
720p,88,val_088.png,1280,720,921600,min_tree,8,ref6,0,1,89.136625,24426,24426,24426,proposed,0,0,0,0,0,0,0,16741627557800372978,151.264333,33.771000,UNCHECKED
720p,88,val_088.png,1280,720,921600,min_tree,8,ref6,1,0,89.341375,24426,24426,24426,proposed,0,0,0,0,0,0,0,16741627557800372978,151.264333,33.771000,UNCHECKED
720p,88,val_088.png,1280,720,921600,min_tree,8,proposed,1,1,93.076166,24426,24426,24426,proposed,0,0,0,0,0,0,0,16741627557800372978,151.264333,33.771000,UNCHECKED
720p,88,val_088.png,1280,720,921600,min_tree,8,proposed,2,0,91.745500,24426,24426,24426,proposed,0,0,0,0,0,0,0,16741627557800372978,151.264333,33.771000,UNCHECKED
720p,88,val_088.png,1280,720,921600,min_tree,8,ref6,2,1,90.458125,24426,24426,24426,proposed,0,0,0,0,0,0,0,16741627557800372978,151.264333,33.771000,UNCHECKED
720p,88,val_088.png,1280,720,921600,tree_of_shapes,4/8,ref5_original,0,0,1341.882958,61818,61818,61818,proposed,4860,494,4764,4808,0,0,194,11170772295728458906,790.800250,20.869709,UNCHECKED
720p,88,val_088.png,1280,720,921600,tree_of_shapes,4/8,proposed,0,1,83.494166,61818,61818,61818,proposed,0,0,0,0,0,0,0,6331177746720167240,790.800250,20.869709,UNCHECKED
720p,88,val_088.png,1280,720,921600,tree_of_shapes,4/8,proposed,1,0,80.770250,61818,61818,61818,proposed,0,0,0,0,0,0,0,6331177746720167240,790.800250,20.869709,UNCHECKED
720p,88,val_088.png,1280,720,921600,tree_of_shapes,4/8,ref5_original,1,1,1297.772667,61818,61818,61818,proposed,4860,494,4764,4808,0,0,194,11170772295728458906,790.800250,20.869709,UNCHECKED
720p,88,val_088.png,1280,720,921600,tree_of_shapes,4/8,ref5_original,2,0,1295.112667,61818,61818,61818,proposed,4860,494,4764,4808,0,0,194,11170772295728458906,790.800250,20.869709,UNCHECKED
720p,88,val_088.png,1280,720,921600,tree_of_shapes,4/8,proposed,2,1,83.266334,61818,61818,61818,proposed,0,0,0,0,0,0,0,6331177746720167240,790.800250,20.869709,UNCHECKED
720p,89,val_089.png,1280,720,921600,max_tree,8,proposed,0,0,98.050833,98181,98181,98181,proposed,0,0,0,0,0,0,0,14795851581187326808,170.831209,13.561958,UNCHECKED
720p,89,val_089.png,1280,720,921600,max_tree,8,ref6,0,1,92.816917,98181,98181,98181,proposed,0,0,0,0,0,0,0,14795851581187326808,170.831209,13.561958,UNCHECKED
720p,89,val_089.png,1280,720,921600,max_tree,8,ref6,1,0,93.020542,98181,98181,98181,proposed,0,0,0,0,0,0,0,14795851581187326808,170.831209,13.561958,UNCHECKED
720p,89,val_089.png,1280,720,921600,max_tree,8,proposed,1,1,101.169583,98181,98181,98181,proposed,0,0,0,0,0,0,0,14795851581187326808,170.831209,13.561958,UNCHECKED
720p,89,val_089.png,1280,720,921600,max_tree,8,proposed,2,0,105.868375,98181,98181,98181,proposed,0,0,0,0,0,0,0,14795851581187326808,170.831209,13.561958,UNCHECKED
720p,89,val_089.png,1280,720,921600,max_tree,8,ref6,2,1,84.250625,98181,98181,98181,proposed,0,0,0,0,0,0,0,14795851581187326808,170.831209,13.561958,UNCHECKED
720p,89,val_089.png,1280,720,921600,min_tree,8,ref6,0,0,90.732458,70780,70780,70780,proposed,0,0,0,0,0,0,0,9158653366801811262,161.936583,19.265750,UNCHECKED
720p,89,val_089.png,1280,720,921600,min_tree,8,proposed,0,1,99.581833,70780,70780,70780,proposed,0,0,0,0,0,0,0,9158653366801811262,161.936583,19.265750,UNCHECKED
720p,89,val_089.png,1280,720,921600,min_tree,8,proposed,1,0,103.951208,70780,70780,70780,proposed,0,0,0,0,0,0,0,9158653366801811262,161.936583,19.265750,UNCHECKED
720p,89,val_089.png,1280,720,921600,min_tree,8,ref6,1,1,100.918083,70780,70780,70780,proposed,0,0,0,0,0,0,0,9158653366801811262,161.936583,19.265750,UNCHECKED
720p,89,val_089.png,1280,720,921600,min_tree,8,ref6,2,0,92.217125,70780,70780,70780,proposed,0,0,0,0,0,0,0,9158653366801811262,161.936583,19.265750,UNCHECKED
720p,89,val_089.png,1280,720,921600,min_tree,8,proposed,2,1,98.650125,70780,70780,70780,proposed,0,0,0,0,0,0,0,9158653366801811262,161.936583,19.265750,UNCHECKED
720p,89,val_089.png,1280,720,921600,tree_of_shapes,4/8,proposed,0,0,117.657833,185074,185074,185074,proposed,0,0,0,0,0,0,0,9211195704396671853,830.728666,12.492375,UNCHECKED
720p,89,val_089.png,1280,720,921600,tree_of_shapes,4/8,ref5_original,0,1,1389.516583,185074,185074,185074,proposed,19960,1926,19670,19624,0,0,227,18290329292952408730,830.728666,12.492375,UNCHECKED
720p,89,val_089.png,1280,720,921600,tree_of_shapes,4/8,ref5_original,1,0,1365.043625,185074,185074,185074,proposed,19960,1926,19670,19624,0,0,227,18290329292952408730,830.728666,12.492375,UNCHECKED
720p,89,val_089.png,1280,720,921600,tree_of_shapes,4/8,proposed,1,1,126.374041,185074,185074,185074,proposed,0,0,0,0,0,0,0,9211195704396671853,830.728666,12.492375,UNCHECKED
720p,89,val_089.png,1280,720,921600,tree_of_shapes,4/8,proposed,2,0,121.255375,185074,185074,185074,proposed,0,0,0,0,0,0,0,9211195704396671853,830.728666,12.492375,UNCHECKED
720p,89,val_089.png,1280,720,921600,tree_of_shapes,4/8,ref5_original,2,1,1374.954834,185074,185074,185074,proposed,19960,1926,19670,19624,0,0,227,18290329292952408730,830.728666,12.492375,UNCHECKED
720p,90,val_090.png,1280,720,921600,max_tree,8,ref6,0,0,96.162083,70733,70733,70733,proposed,0,0,0,0,0,0,0,4588655335963643290,155.542250,18.729792,UNCHECKED
720p,90,val_090.png,1280,720,921600,max_tree,8,proposed,0,1,88.508209,70733,70733,70733,proposed,0,0,0,0,0,0,0,4588655335963643290,155.542250,18.729792,UNCHECKED
720p,90,val_090.png,1280,720,921600,max_tree,8,proposed,1,0,89.462542,70733,70733,70733,proposed,0,0,0,0,0,0,0,4588655335963643290,155.542250,18.729792,UNCHECKED
720p,90,val_090.png,1280,720,921600,max_tree,8,ref6,1,1,87.303792,70733,70733,70733,proposed,0,0,0,0,0,0,0,4588655335963643290,155.542250,18.729792,UNCHECKED
720p,90,val_090.png,1280,720,921600,max_tree,8,ref6,2,0,88.196042,70733,70733,70733,proposed,0,0,0,0,0,0,0,4588655335963643290,155.542250,18.729792,UNCHECKED
720p,90,val_090.png,1280,720,921600,max_tree,8,proposed,2,1,90.268250,70733,70733,70733,proposed,0,0,0,0,0,0,0,4588655335963643290,155.542250,18.729792,UNCHECKED
720p,90,val_090.png,1280,720,921600,min_tree,8,proposed,0,0,89.068375,58370,58370,58370,proposed,0,0,0,0,0,0,0,14813487297976902169,155.599458,19.507125,UNCHECKED
720p,90,val_090.png,1280,720,921600,min_tree,8,ref6,0,1,82.565417,58370,58370,58370,proposed,0,0,0,0,0,0,0,14813487297976902169,155.599458,19.507125,UNCHECKED
720p,90,val_090.png,1280,720,921600,min_tree,8,ref6,1,0,82.932250,58370,58370,58370,proposed,0,0,0,0,0,0,0,14813487297976902169,155.599458,19.507125,UNCHECKED
720p,90,val_090.png,1280,720,921600,min_tree,8,proposed,1,1,96.156333,58370,58370,58370,proposed,0,0,0,0,0,0,0,14813487297976902169,155.599458,19.507125,UNCHECKED
720p,90,val_090.png,1280,720,921600,min_tree,8,proposed,2,0,97.613167,58370,58370,58370,proposed,0,0,0,0,0,0,0,14813487297976902169,155.599458,19.507125,UNCHECKED
720p,90,val_090.png,1280,720,921600,min_tree,8,ref6,2,1,86.194958,58370,58370,58370,proposed,0,0,0,0,0,0,0,14813487297976902169,155.599458,19.507125,UNCHECKED
720p,90,val_090.png,1280,720,921600,tree_of_shapes,4/8,ref5_original,0,0,1318.854000,135576,135576,135576,proposed,15854,1383,15686,15661,0,0,193,14225536489995370896,790.762416,15.830584,UNCHECKED
720p,90,val_090.png,1280,720,921600,tree_of_shapes,4/8,proposed,0,1,96.979833,135576,135576,135576,proposed,0,0,0,0,0,0,0,16335145727075218012,790.762416,15.830584,UNCHECKED
720p,90,val_090.png,1280,720,921600,tree_of_shapes,4/8,proposed,1,0,94.216250,135576,135576,135576,proposed,0,0,0,0,0,0,0,16335145727075218012,790.762416,15.830584,UNCHECKED
720p,90,val_090.png,1280,720,921600,tree_of_shapes,4/8,ref5_original,1,1,1321.146125,135576,135576,135576,proposed,15854,1383,15686,15661,0,0,193,14225536489995370896,790.762416,15.830584,UNCHECKED
720p,90,val_090.png,1280,720,921600,tree_of_shapes,4/8,ref5_original,2,0,1328.687250,135576,135576,135576,proposed,15854,1383,15686,15661,0,0,193,14225536489995370896,790.762416,15.830584,UNCHECKED
720p,90,val_090.png,1280,720,921600,tree_of_shapes,4/8,proposed,2,1,96.593291,135576,135576,135576,proposed,0,0,0,0,0,0,0,16335145727075218012,790.762416,15.830584,UNCHECKED
720p,91,val_091.png,1280,720,921600,max_tree,8,proposed,0,0,105.819583,76076,76076,76076,proposed,0,0,0,0,0,0,0,7778639557850416490,156.906625,13.630375,UNCHECKED
720p,91,val_091.png,1280,720,921600,max_tree,8,ref6,0,1,85.969833,76076,76076,76076,proposed,0,0,0,0,0,0,0,7778639557850416490,156.906625,13.630375,UNCHECKED
720p,91,val_091.png,1280,720,921600,max_tree,8,ref6,1,0,84.525417,76076,76076,76076,proposed,0,0,0,0,0,0,0,7778639557850416490,156.906625,13.630375,UNCHECKED
720p,91,val_091.png,1280,720,921600,max_tree,8,proposed,1,1,106.121000,76076,76076,76076,proposed,0,0,0,0,0,0,0,7778639557850416490,156.906625,13.630375,UNCHECKED
720p,91,val_091.png,1280,720,921600,max_tree,8,proposed,2,0,105.637042,76076,76076,76076,proposed,0,0,0,0,0,0,0,7778639557850416490,156.906625,13.630375,UNCHECKED
720p,91,val_091.png,1280,720,921600,max_tree,8,ref6,2,1,85.321708,76076,76076,76076,proposed,0,0,0,0,0,0,0,7778639557850416490,156.906625,13.630375,UNCHECKED
720p,91,val_091.png,1280,720,921600,min_tree,8,ref6,0,0,83.954000,51538,51538,51538,proposed,0,0,0,0,0,0,0,3623574382860193649,157.608125,19.605042,UNCHECKED
720p,91,val_091.png,1280,720,921600,min_tree,8,proposed,0,1,105.365541,51538,51538,51538,proposed,0,0,0,0,0,0,0,3623574382860193649,157.608125,19.605042,UNCHECKED
720p,91,val_091.png,1280,720,921600,min_tree,8,proposed,1,0,105.183375,51538,51538,51538,proposed,0,0,0,0,0,0,0,3623574382860193649,157.608125,19.605042,UNCHECKED
720p,91,val_091.png,1280,720,921600,min_tree,8,ref6,1,1,86.400000,51538,51538,51538,proposed,0,0,0,0,0,0,0,3623574382860193649,157.608125,19.605042,UNCHECKED
720p,91,val_091.png,1280,720,921600,min_tree,8,ref6,2,0,88.784500,51538,51538,51538,proposed,0,0,0,0,0,0,0,3623574382860193649,157.608125,19.605042,UNCHECKED
720p,91,val_091.png,1280,720,921600,min_tree,8,proposed,2,1,104.031667,51538,51538,51538,proposed,0,0,0,0,0,0,0,3623574382860193649,157.608125,19.605042,UNCHECKED
720p,91,val_091.png,1280,720,921600,tree_of_shapes,4/8,proposed,0,0,105.471875,137463,137463,137463,proposed,0,0,0,0,0,0,0,2745353924400277200,805.956084,9.863500,UNCHECKED
720p,91,val_091.png,1280,720,921600,tree_of_shapes,4/8,ref5_original,0,1,1340.615500,137463,137463,137463,proposed,12223,1163,12039,12100,0,0,246,3049395390363659548,805.956084,9.863500,UNCHECKED
720p,91,val_091.png,1280,720,921600,tree_of_shapes,4/8,ref5_original,1,0,1349.227584,137463,137463,137463,proposed,12223,1163,12039,12100,0,0,246,3049395390363659548,805.956084,9.863500,UNCHECKED
720p,91,val_091.png,1280,720,921600,tree_of_shapes,4/8,proposed,1,1,109.423500,137463,137463,137463,proposed,0,0,0,0,0,0,0,2745353924400277200,805.956084,9.863500,UNCHECKED
720p,91,val_091.png,1280,720,921600,tree_of_shapes,4/8,proposed,2,0,106.270334,137463,137463,137463,proposed,0,0,0,0,0,0,0,2745353924400277200,805.956084,9.863500,UNCHECKED
720p,91,val_091.png,1280,720,921600,tree_of_shapes,4/8,ref5_original,2,1,1360.727584,137463,137463,137463,proposed,12223,1163,12039,12100,0,0,246,3049395390363659548,805.956084,9.863500,UNCHECKED
720p,92,val_092.png,1280,720,921600,max_tree,8,ref6,0,0,90.044625,64820,64820,64820,proposed,0,0,0,0,0,0,0,5031277220713190796,163.803916,12.127917,UNCHECKED
720p,92,val_092.png,1280,720,921600,max_tree,8,proposed,0,1,93.248750,64820,64820,64820,proposed,0,0,0,0,0,0,0,5031277220713190796,163.803916,12.127917,UNCHECKED
720p,92,val_092.png,1280,720,921600,max_tree,8,proposed,1,0,95.318083,64820,64820,64820,proposed,0,0,0,0,0,0,0,5031277220713190796,163.803916,12.127917,UNCHECKED
720p,92,val_092.png,1280,720,921600,max_tree,8,ref6,1,1,89.331833,64820,64820,64820,proposed,0,0,0,0,0,0,0,5031277220713190796,163.803916,12.127917,UNCHECKED
720p,92,val_092.png,1280,720,921600,max_tree,8,ref6,2,0,88.871041,64820,64820,64820,proposed,0,0,0,0,0,0,0,5031277220713190796,163.803916,12.127917,UNCHECKED
720p,92,val_092.png,1280,720,921600,max_tree,8,proposed,2,1,92.719166,64820,64820,64820,proposed,0,0,0,0,0,0,0,5031277220713190796,163.803916,12.127917,UNCHECKED
720p,92,val_092.png,1280,720,921600,min_tree,8,proposed,0,0,91.690291,69595,69595,69595,proposed,0,0,0,0,0,0,0,13959446962733282381,166.223917,15.274000,UNCHECKED
720p,92,val_092.png,1280,720,921600,min_tree,8,ref6,0,1,87.139167,69595,69595,69595,proposed,0,0,0,0,0,0,0,13959446962733282381,166.223917,15.274000,UNCHECKED
720p,92,val_092.png,1280,720,921600,min_tree,8,ref6,1,0,85.458541,69595,69595,69595,proposed,0,0,0,0,0,0,0,13959446962733282381,166.223917,15.274000,UNCHECKED
720p,92,val_092.png,1280,720,921600,min_tree,8,proposed,1,1,92.545084,69595,69595,69595,proposed,0,0,0,0,0,0,0,13959446962733282381,166.223917,15.274000,UNCHECKED
720p,92,val_092.png,1280,720,921600,min_tree,8,proposed,2,0,92.851125,69595,69595,69595,proposed,0,0,0,0,0,0,0,13959446962733282381,166.223917,15.274000,UNCHECKED
720p,92,val_092.png,1280,720,921600,min_tree,8,ref6,2,1,86.257958,69595,69595,69595,proposed,0,0,0,0,0,0,0,13959446962733282381,166.223917,15.274000,UNCHECKED
720p,92,val_092.png,1280,720,921600,tree_of_shapes,4/8,ref5_original,0,0,1362.019083,142134,142134,142134,proposed,18964,1880,18645,18686,0,0,108,9057622159229809968,783.105083,10.577458,UNCHECKED
720p,92,val_092.png,1280,720,921600,tree_of_shapes,4/8,proposed,0,1,113.351125,142134,142134,142134,proposed,0,0,0,0,0,0,0,12012305101458483213,783.105083,10.577458,UNCHECKED
720p,92,val_092.png,1280,720,921600,tree_of_shapes,4/8,proposed,1,0,105.252333,142134,142134,142134,proposed,0,0,0,0,0,0,0,12012305101458483213,783.105083,10.577458,UNCHECKED
720p,92,val_092.png,1280,720,921600,tree_of_shapes,4/8,ref5_original,1,1,1352.914084,142134,142134,142134,proposed,18964,1880,18645,18686,0,0,108,9057622159229809968,783.105083,10.577458,UNCHECKED
720p,92,val_092.png,1280,720,921600,tree_of_shapes,4/8,ref5_original,2,0,1343.262834,142134,142134,142134,proposed,18964,1880,18645,18686,0,0,108,9057622159229809968,783.105083,10.577458,UNCHECKED
720p,92,val_092.png,1280,720,921600,tree_of_shapes,4/8,proposed,2,1,103.797083,142134,142134,142134,proposed,0,0,0,0,0,0,0,12012305101458483213,783.105083,10.577458,UNCHECKED
720p,93,val_093.png,1280,720,921600,max_tree,8,proposed,0,0,108.592792,93237,93237,93237,proposed,0,0,0,0,0,0,0,7578025103360995491,167.566875,14.652375,UNCHECKED
720p,93,val_093.png,1280,720,921600,max_tree,8,ref6,0,1,91.080417,93237,93237,93237,proposed,0,0,0,0,0,0,0,7578025103360995491,167.566875,14.652375,UNCHECKED
720p,93,val_093.png,1280,720,921600,max_tree,8,ref6,1,0,89.601250,93237,93237,93237,proposed,0,0,0,0,0,0,0,7578025103360995491,167.566875,14.652375,UNCHECKED
720p,93,val_093.png,1280,720,921600,max_tree,8,proposed,1,1,104.072000,93237,93237,93237,proposed,0,0,0,0,0,0,0,7578025103360995491,167.566875,14.652375,UNCHECKED
720p,93,val_093.png,1280,720,921600,max_tree,8,proposed,2,0,100.615416,93237,93237,93237,proposed,0,0,0,0,0,0,0,7578025103360995491,167.566875,14.652375,UNCHECKED
720p,93,val_093.png,1280,720,921600,max_tree,8,ref6,2,1,89.945625,93237,93237,93237,proposed,0,0,0,0,0,0,0,7578025103360995491,167.566875,14.652375,UNCHECKED
720p,93,val_093.png,1280,720,921600,min_tree,8,ref6,0,0,92.309583,67579,67579,67579,proposed,0,0,0,0,0,0,0,11615941661001708442,162.847791,17.295000,UNCHECKED
720p,93,val_093.png,1280,720,921600,min_tree,8,proposed,0,1,100.414084,67579,67579,67579,proposed,0,0,0,0,0,0,0,11615941661001708442,162.847791,17.295000,UNCHECKED
720p,93,val_093.png,1280,720,921600,min_tree,8,proposed,1,0,100.124959,67579,67579,67579,proposed,0,0,0,0,0,0,0,11615941661001708442,162.847791,17.295000,UNCHECKED
720p,93,val_093.png,1280,720,921600,min_tree,8,ref6,1,1,88.718708,67579,67579,67579,proposed,0,0,0,0,0,0,0,11615941661001708442,162.847791,17.295000,UNCHECKED
720p,93,val_093.png,1280,720,921600,min_tree,8,ref6,2,0,88.170542,67579,67579,67579,proposed,0,0,0,0,0,0,0,11615941661001708442,162.847791,17.295000,UNCHECKED
720p,93,val_093.png,1280,720,921600,min_tree,8,proposed,2,1,99.050000,67579,67579,67579,proposed,0,0,0,0,0,0,0,11615941661001708442,162.847791,17.295000,UNCHECKED
720p,93,val_093.png,1280,720,921600,tree_of_shapes,4/8,proposed,0,0,116.878500,172203,172203,172203,proposed,0,0,0,0,0,0,0,2567252422767004517,854.964166,10.468709,UNCHECKED
720p,93,val_093.png,1280,720,921600,tree_of_shapes,4/8,ref5_original,0,1,1366.701292,172203,172203,172203,proposed,16916,1419,16676,16717,0,0,244,12607082019170595749,854.964166,10.468709,UNCHECKED
720p,93,val_093.png,1280,720,921600,tree_of_shapes,4/8,ref5_original,1,0,1358.487750,172203,172203,172203,proposed,16916,1419,16676,16717,0,0,244,12607082019170595749,854.964166,10.468709,UNCHECKED
720p,93,val_093.png,1280,720,921600,tree_of_shapes,4/8,proposed,1,1,119.805375,172203,172203,172203,proposed,0,0,0,0,0,0,0,2567252422767004517,854.964166,10.468709,UNCHECKED
720p,93,val_093.png,1280,720,921600,tree_of_shapes,4/8,proposed,2,0,124.231458,172203,172203,172203,proposed,0,0,0,0,0,0,0,2567252422767004517,854.964166,10.468709,UNCHECKED
720p,93,val_093.png,1280,720,921600,tree_of_shapes,4/8,ref5_original,2,1,1379.694541,172203,172203,172203,proposed,16916,1419,16676,16717,0,0,244,12607082019170595749,854.964166,10.468709,UNCHECKED
720p,94,val_094.png,1280,720,921600,max_tree,8,ref6,0,0,89.253208,72367,72367,72367,proposed,0,0,0,0,0,0,0,8521768527504621278,160.609041,21.864625,UNCHECKED
720p,94,val_094.png,1280,720,921600,max_tree,8,proposed,0,1,102.542042,72367,72367,72367,proposed,0,0,0,0,0,0,0,8521768527504621278,160.609041,21.864625,UNCHECKED
720p,94,val_094.png,1280,720,921600,max_tree,8,proposed,1,0,103.507125,72367,72367,72367,proposed,0,0,0,0,0,0,0,8521768527504621278,160.609041,21.864625,UNCHECKED
720p,94,val_094.png,1280,720,921600,max_tree,8,ref6,1,1,87.222834,72367,72367,72367,proposed,0,0,0,0,0,0,0,8521768527504621278,160.609041,21.864625,UNCHECKED
720p,94,val_094.png,1280,720,921600,max_tree,8,ref6,2,0,85.181667,72367,72367,72367,proposed,0,0,0,0,0,0,0,8521768527504621278,160.609041,21.864625,UNCHECKED
720p,94,val_094.png,1280,720,921600,max_tree,8,proposed,2,1,103.751875,72367,72367,72367,proposed,0,0,0,0,0,0,0,8521768527504621278,160.609041,21.864625,UNCHECKED
720p,94,val_094.png,1280,720,921600,min_tree,8,proposed,0,0,95.866167,55390,55390,55390,proposed,0,0,0,0,0,0,0,5237108721484422448,153.739041,27.698042,UNCHECKED
720p,94,val_094.png,1280,720,921600,min_tree,8,ref6,0,1,85.317625,55390,55390,55390,proposed,0,0,0,0,0,0,0,5237108721484422448,153.739041,27.698042,UNCHECKED
720p,94,val_094.png,1280,720,921600,min_tree,8,ref6,1,0,85.169292,55390,55390,55390,proposed,0,0,0,0,0,0,0,5237108721484422448,153.739041,27.698042,UNCHECKED
720p,94,val_094.png,1280,720,921600,min_tree,8,proposed,1,1,97.084250,55390,55390,55390,proposed,0,0,0,0,0,0,0,5237108721484422448,153.739041,27.698042,UNCHECKED
720p,94,val_094.png,1280,720,921600,min_tree,8,proposed,2,0,103.528541,55390,55390,55390,proposed,0,0,0,0,0,0,0,5237108721484422448,153.739041,27.698042,UNCHECKED
720p,94,val_094.png,1280,720,921600,min_tree,8,ref6,2,1,88.708667,55390,55390,55390,proposed,0,0,0,0,0,0,0,5237108721484422448,153.739041,27.698042,UNCHECKED
720p,94,val_094.png,1280,720,921600,tree_of_shapes,4/8,ref5_original,0,0,1347.548334,137441,137441,137441,proposed,12777,1280,12590,12600,0,0,239,6028414295142894298,804.295625,13.169375,UNCHECKED
720p,94,val_094.png,1280,720,921600,tree_of_shapes,4/8,proposed,0,1,106.889625,137441,137441,137441,proposed,0,0,0,0,0,0,0,7314859502123247858,804.295625,13.169375,UNCHECKED
720p,94,val_094.png,1280,720,921600,tree_of_shapes,4/8,proposed,1,0,103.878209,137441,137441,137441,proposed,0,0,0,0,0,0,0,7314859502123247858,804.295625,13.169375,UNCHECKED
720p,94,val_094.png,1280,720,921600,tree_of_shapes,4/8,ref5_original,1,1,1344.284375,137441,137441,137441,proposed,12777,1280,12590,12600,0,0,239,6028414295142894298,804.295625,13.169375,UNCHECKED
720p,94,val_094.png,1280,720,921600,tree_of_shapes,4/8,ref5_original,2,0,1346.882916,137441,137441,137441,proposed,12777,1280,12590,12600,0,0,239,6028414295142894298,804.295625,13.169375,UNCHECKED
720p,94,val_094.png,1280,720,921600,tree_of_shapes,4/8,proposed,2,1,105.073625,137441,137441,137441,proposed,0,0,0,0,0,0,0,7314859502123247858,804.295625,13.169375,UNCHECKED
720p,95,val_095.png,1280,720,921600,max_tree,8,proposed,0,0,86.536417,59049,59049,59049,proposed,0,0,0,0,0,0,0,1609866495094259562,155.784125,21.864916,UNCHECKED
720p,95,val_095.png,1280,720,921600,max_tree,8,ref6,0,1,90.974125,59049,59049,59049,proposed,0,0,0,0,0,0,0,1609866495094259562,155.784125,21.864916,UNCHECKED
720p,95,val_095.png,1280,720,921600,max_tree,8,ref6,1,0,84.634583,59049,59049,59049,proposed,0,0,0,0,0,0,0,1609866495094259562,155.784125,21.864916,UNCHECKED
720p,95,val_095.png,1280,720,921600,max_tree,8,proposed,1,1,93.230084,59049,59049,59049,proposed,0,0,0,0,0,0,0,1609866495094259562,155.784125,21.864916,UNCHECKED
720p,95,val_095.png,1280,720,921600,max_tree,8,proposed,2,0,94.368791,59049,59049,59049,proposed,0,0,0,0,0,0,0,1609866495094259562,155.784125,21.864916,UNCHECKED
720p,95,val_095.png,1280,720,921600,max_tree,8,ref6,2,1,86.038000,59049,59049,59049,proposed,0,0,0,0,0,0,0,1609866495094259562,155.784125,21.864916,UNCHECKED
720p,95,val_095.png,1280,720,921600,min_tree,8,ref6,0,0,81.976667,40019,40019,40019,proposed,0,0,0,0,0,0,0,6463777137588801462,148.406666,31.067209,UNCHECKED
720p,95,val_095.png,1280,720,921600,min_tree,8,proposed,0,1,87.386666,40019,40019,40019,proposed,0,0,0,0,0,0,0,6463777137588801462,148.406666,31.067209,UNCHECKED
720p,95,val_095.png,1280,720,921600,min_tree,8,proposed,1,0,87.600000,40019,40019,40019,proposed,0,0,0,0,0,0,0,6463777137588801462,148.406666,31.067209,UNCHECKED
720p,95,val_095.png,1280,720,921600,min_tree,8,ref6,1,1,81.816542,40019,40019,40019,proposed,0,0,0,0,0,0,0,6463777137588801462,148.406666,31.067209,UNCHECKED
720p,95,val_095.png,1280,720,921600,min_tree,8,ref6,2,0,81.370084,40019,40019,40019,proposed,0,0,0,0,0,0,0,6463777137588801462,148.406666,31.067209,UNCHECKED
720p,95,val_095.png,1280,720,921600,min_tree,8,proposed,2,1,87.781959,40019,40019,40019,proposed,0,0,0,0,0,0,0,6463777137588801462,148.406666,31.067209,UNCHECKED
720p,95,val_095.png,1280,720,921600,tree_of_shapes,4/8,proposed,0,0,88.898708,110829,110829,110829,proposed,0,0,0,0,0,0,0,9797554830157244610,773.241916,16.286500,UNCHECKED
720p,95,val_095.png,1280,720,921600,tree_of_shapes,4/8,ref5_original,0,1,1312.876584,110829,110829,110829,proposed,8275,851,8114,8143,0,0,332,5241239939102134210,773.241916,16.286500,UNCHECKED
720p,95,val_095.png,1280,720,921600,tree_of_shapes,4/8,ref5_original,1,0,1307.437042,110829,110829,110829,proposed,8275,851,8114,8143,0,0,332,5241239939102134210,773.241916,16.286500,UNCHECKED
720p,95,val_095.png,1280,720,921600,tree_of_shapes,4/8,proposed,1,1,92.119458,110829,110829,110829,proposed,0,0,0,0,0,0,0,9797554830157244610,773.241916,16.286500,UNCHECKED
720p,95,val_095.png,1280,720,921600,tree_of_shapes,4/8,proposed,2,0,88.598459,110829,110829,110829,proposed,0,0,0,0,0,0,0,9797554830157244610,773.241916,16.286500,UNCHECKED
720p,95,val_095.png,1280,720,921600,tree_of_shapes,4/8,ref5_original,2,1,1307.194375,110829,110829,110829,proposed,8275,851,8114,8143,0,0,332,5241239939102134210,773.241916,16.286500,UNCHECKED
720p,96,val_096.png,1280,720,921600,max_tree,8,ref6,0,0,87.150167,62062,62062,62062,proposed,0,0,0,0,0,0,0,2049388675235001461,161.920167,11.511083,UNCHECKED
720p,96,val_096.png,1280,720,921600,max_tree,8,proposed,0,1,93.129083,62062,62062,62062,proposed,0,0,0,0,0,0,0,2049388675235001461,161.920167,11.511083,UNCHECKED
720p,96,val_096.png,1280,720,921600,max_tree,8,proposed,1,0,93.026584,62062,62062,62062,proposed,0,0,0,0,0,0,0,2049388675235001461,161.920167,11.511083,UNCHECKED
720p,96,val_096.png,1280,720,921600,max_tree,8,ref6,1,1,87.870416,62062,62062,62062,proposed,0,0,0,0,0,0,0,2049388675235001461,161.920167,11.511083,UNCHECKED
720p,96,val_096.png,1280,720,921600,max_tree,8,ref6,2,0,88.532959,62062,62062,62062,proposed,0,0,0,0,0,0,0,2049388675235001461,161.920167,11.511083,UNCHECKED
720p,96,val_096.png,1280,720,921600,max_tree,8,proposed,2,1,101.748750,62062,62062,62062,proposed,0,0,0,0,0,0,0,2049388675235001461,161.920167,11.511083,UNCHECKED
720p,96,val_096.png,1280,720,921600,min_tree,8,proposed,0,0,92.122584,54986,54986,54986,proposed,0,0,0,0,0,0,0,18148435157771013588,160.595917,18.454125,UNCHECKED
720p,96,val_096.png,1280,720,921600,min_tree,8,ref6,0,1,88.771459,54986,54986,54986,proposed,0,0,0,0,0,0,0,18148435157771013588,160.595917,18.454125,UNCHECKED
720p,96,val_096.png,1280,720,921600,min_tree,8,ref6,1,0,87.968917,54986,54986,54986,proposed,0,0,0,0,0,0,0,18148435157771013588,160.595917,18.454125,UNCHECKED
720p,96,val_096.png,1280,720,921600,min_tree,8,proposed,1,1,99.737166,54986,54986,54986,proposed,0,0,0,0,0,0,0,18148435157771013588,160.595917,18.454125,UNCHECKED
720p,96,val_096.png,1280,720,921600,min_tree,8,proposed,2,0,101.493917,54986,54986,54986,proposed,0,0,0,0,0,0,0,18148435157771013588,160.595917,18.454125,UNCHECKED
720p,96,val_096.png,1280,720,921600,min_tree,8,ref6,2,1,82.682042,54986,54986,54986,proposed,0,0,0,0,0,0,0,18148435157771013588,160.595917,18.454125,UNCHECKED
720p,96,val_096.png,1280,720,921600,tree_of_shapes,4/8,ref5_original,0,0,1346.625792,125519,125519,125519,proposed,16291,1550,16033,16092,0,0,283,11851763807602138399,799.348083,9.155500,UNCHECKED
720p,96,val_096.png,1280,720,921600,tree_of_shapes,4/8,proposed,0,1,101.878667,125519,125519,125519,proposed,0,0,0,0,0,0,0,15426031216871263564,799.348083,9.155500,UNCHECKED
720p,96,val_096.png,1280,720,921600,tree_of_shapes,4/8,proposed,1,0,99.607334,125519,125519,125519,proposed,0,0,0,0,0,0,0,15426031216871263564,799.348083,9.155500,UNCHECKED
720p,96,val_096.png,1280,720,921600,tree_of_shapes,4/8,ref5_original,1,1,1354.990916,125519,125519,125519,proposed,16291,1550,16033,16092,0,0,283,11851763807602138399,799.348083,9.155500,UNCHECKED
720p,96,val_096.png,1280,720,921600,tree_of_shapes,4/8,ref5_original,2,0,1352.298958,125519,125519,125519,proposed,16291,1550,16033,16092,0,0,283,11851763807602138399,799.348083,9.155500,UNCHECKED
720p,96,val_096.png,1280,720,921600,tree_of_shapes,4/8,proposed,2,1,101.142625,125519,125519,125519,proposed,0,0,0,0,0,0,0,15426031216871263564,799.348083,9.155500,UNCHECKED
720p,97,val_097.png,1280,720,921600,max_tree,8,proposed,0,0,87.370417,75950,75950,75950,proposed,0,0,0,0,0,0,0,8257380567138366103,154.821083,20.222708,UNCHECKED
720p,97,val_097.png,1280,720,921600,max_tree,8,ref6,0,1,89.372333,75950,75950,75950,proposed,0,0,0,0,0,0,0,8257380567138366103,154.821083,20.222708,UNCHECKED
720p,97,val_097.png,1280,720,921600,max_tree,8,ref6,1,0,89.495542,75950,75950,75950,proposed,0,0,0,0,0,0,0,8257380567138366103,154.821083,20.222708,UNCHECKED
720p,97,val_097.png,1280,720,921600,max_tree,8,proposed,1,1,86.445417,75950,75950,75950,proposed,0,0,0,0,0,0,0,8257380567138366103,154.821083,20.222708,UNCHECKED
720p,97,val_097.png,1280,720,921600,max_tree,8,proposed,2,0,86.556208,75950,75950,75950,proposed,0,0,0,0,0,0,0,8257380567138366103,154.821083,20.222708,UNCHECKED
720p,97,val_097.png,1280,720,921600,max_tree,8,ref6,2,1,89.524250,75950,75950,75950,proposed,0,0,0,0,0,0,0,8257380567138366103,154.821083,20.222708,UNCHECKED
720p,97,val_097.png,1280,720,921600,min_tree,8,ref6,0,0,86.776042,53671,53671,53671,proposed,0,0,0,0,0,0,0,9147450265497990637,159.535500,24.123209,UNCHECKED
720p,97,val_097.png,1280,720,921600,min_tree,8,proposed,0,1,88.683625,53671,53671,53671,proposed,0,0,0,0,0,0,0,9147450265497990637,159.535500,24.123209,UNCHECKED
720p,97,val_097.png,1280,720,921600,min_tree,8,proposed,1,0,87.359542,53671,53671,53671,proposed,0,0,0,0,0,0,0,9147450265497990637,159.535500,24.123209,UNCHECKED
720p,97,val_097.png,1280,720,921600,min_tree,8,ref6,1,1,88.733125,53671,53671,53671,proposed,0,0,0,0,0,0,0,9147450265497990637,159.535500,24.123209,UNCHECKED
720p,97,val_097.png,1280,720,921600,min_tree,8,ref6,2,0,88.928667,53671,53671,53671,proposed,0,0,0,0,0,0,0,9147450265497990637,159.535500,24.123209,UNCHECKED
720p,97,val_097.png,1280,720,921600,min_tree,8,proposed,2,1,87.064584,53671,53671,53671,proposed,0,0,0,0,0,0,0,9147450265497990637,159.535500,24.123209,UNCHECKED
720p,97,val_097.png,1280,720,921600,tree_of_shapes,4/8,proposed,0,0,95.512667,139898,139898,139898,proposed,0,0,0,0,0,0,0,13861570373235722581,827.239916,17.161125,UNCHECKED
720p,97,val_097.png,1280,720,921600,tree_of_shapes,4/8,ref5_original,0,1,1312.489250,139898,139898,139898,proposed,13693,1420,13472,13509,0,0,234,11493842920862665834,827.239916,17.161125,UNCHECKED
720p,97,val_097.png,1280,720,921600,tree_of_shapes,4/8,ref5_original,1,0,1319.887250,139898,139898,139898,proposed,13693,1420,13472,13509,0,0,234,11493842920862665834,827.239916,17.161125,UNCHECKED
720p,97,val_097.png,1280,720,921600,tree_of_shapes,4/8,proposed,1,1,104.821666,139898,139898,139898,proposed,0,0,0,0,0,0,0,13861570373235722581,827.239916,17.161125,UNCHECKED
720p,97,val_097.png,1280,720,921600,tree_of_shapes,4/8,proposed,2,0,105.151292,139898,139898,139898,proposed,0,0,0,0,0,0,0,13861570373235722581,827.239916,17.161125,UNCHECKED
720p,97,val_097.png,1280,720,921600,tree_of_shapes,4/8,ref5_original,2,1,1321.525416,139898,139898,139898,proposed,13693,1420,13472,13509,0,0,234,11493842920862665834,827.239916,17.161125,UNCHECKED
720p,98,val_098.png,1280,720,921600,max_tree,8,ref6,0,0,87.184208,80898,80898,80898,proposed,0,0,0,0,0,0,0,3178843730418873601,159.071167,13.442333,UNCHECKED
720p,98,val_098.png,1280,720,921600,max_tree,8,proposed,0,1,95.047042,80898,80898,80898,proposed,0,0,0,0,0,0,0,3178843730418873601,159.071167,13.442333,UNCHECKED
720p,98,val_098.png,1280,720,921600,max_tree,8,proposed,1,0,96.049750,80898,80898,80898,proposed,0,0,0,0,0,0,0,3178843730418873601,159.071167,13.442333,UNCHECKED
720p,98,val_098.png,1280,720,921600,max_tree,8,ref6,1,1,96.101792,80898,80898,80898,proposed,0,0,0,0,0,0,0,3178843730418873601,159.071167,13.442333,UNCHECKED
720p,98,val_098.png,1280,720,921600,max_tree,8,ref6,2,0,98.476250,80898,80898,80898,proposed,0,0,0,0,0,0,0,3178843730418873601,159.071167,13.442333,UNCHECKED
720p,98,val_098.png,1280,720,921600,max_tree,8,proposed,2,1,93.100708,80898,80898,80898,proposed,0,0,0,0,0,0,0,3178843730418873601,159.071167,13.442333,UNCHECKED
720p,98,val_098.png,1280,720,921600,min_tree,8,proposed,0,0,93.874958,66589,66589,66589,proposed,0,0,0,0,0,0,0,17356635776991862942,156.393458,15.252417,UNCHECKED
720p,98,val_098.png,1280,720,921600,min_tree,8,ref6,0,1,86.130041,66589,66589,66589,proposed,0,0,0,0,0,0,0,17356635776991862942,156.393458,15.252417,UNCHECKED
720p,98,val_098.png,1280,720,921600,min_tree,8,ref6,1,0,85.699000,66589,66589,66589,proposed,0,0,0,0,0,0,0,17356635776991862942,156.393458,15.252417,UNCHECKED
720p,98,val_098.png,1280,720,921600,min_tree,8,proposed,1,1,94.604417,66589,66589,66589,proposed,0,0,0,0,0,0,0,17356635776991862942,156.393458,15.252417,UNCHECKED
720p,98,val_098.png,1280,720,921600,min_tree,8,proposed,2,0,98.363542,66589,66589,66589,proposed,0,0,0,0,0,0,0,17356635776991862942,156.393458,15.252417,UNCHECKED
720p,98,val_098.png,1280,720,921600,min_tree,8,ref6,2,1,90.899541,66589,66589,66589,proposed,0,0,0,0,0,0,0,17356635776991862942,156.393458,15.252417,UNCHECKED
720p,98,val_098.png,1280,720,921600,tree_of_shapes,4/8,ref5_original,0,0,1335.075584,160955,160955,160955,proposed,16249,1768,15960,16030,0,0,202,8561926174456739141,821.218042,11.361083,UNCHECKED
720p,98,val_098.png,1280,720,921600,tree_of_shapes,4/8,proposed,0,1,107.534917,160955,160955,160955,proposed,0,0,0,0,0,0,0,6678444809767329734,821.218042,11.361083,UNCHECKED
720p,98,val_098.png,1280,720,921600,tree_of_shapes,4/8,proposed,1,0,106.180667,160955,160955,160955,proposed,0,0,0,0,0,0,0,6678444809767329734,821.218042,11.361083,UNCHECKED
720p,98,val_098.png,1280,720,921600,tree_of_shapes,4/8,ref5_original,1,1,1349.507917,160955,160955,160955,proposed,16249,1768,15960,16030,0,0,202,8561926174456739141,821.218042,11.361083,UNCHECKED
720p,98,val_098.png,1280,720,921600,tree_of_shapes,4/8,ref5_original,2,0,1347.988625,160955,160955,160955,proposed,16249,1768,15960,16030,0,0,202,8561926174456739141,821.218042,11.361083,UNCHECKED
720p,98,val_098.png,1280,720,921600,tree_of_shapes,4/8,proposed,2,1,106.732541,160955,160955,160955,proposed,0,0,0,0,0,0,0,6678444809767329734,821.218042,11.361083,UNCHECKED
720p,99,val_099.png,1280,720,921600,max_tree,8,proposed,0,0,97.775458,79767,79767,79767,proposed,0,0,0,0,0,0,0,15969552028050091731,164.100666,11.705709,UNCHECKED
720p,99,val_099.png,1280,720,921600,max_tree,8,ref6,0,1,85.470291,79767,79767,79767,proposed,0,0,0,0,0,0,0,15969552028050091731,164.100666,11.705709,UNCHECKED
720p,99,val_099.png,1280,720,921600,max_tree,8,ref6,1,0,82.285208,79767,79767,79767,proposed,0,0,0,0,0,0,0,15969552028050091731,164.100666,11.705709,UNCHECKED
720p,99,val_099.png,1280,720,921600,max_tree,8,proposed,1,1,97.585917,79767,79767,79767,proposed,0,0,0,0,0,0,0,15969552028050091731,164.100666,11.705709,UNCHECKED
720p,99,val_099.png,1280,720,921600,max_tree,8,proposed,2,0,98.093542,79767,79767,79767,proposed,0,0,0,0,0,0,0,15969552028050091731,164.100666,11.705709,UNCHECKED
720p,99,val_099.png,1280,720,921600,max_tree,8,ref6,2,1,84.188958,79767,79767,79767,proposed,0,0,0,0,0,0,0,15969552028050091731,164.100666,11.705709,UNCHECKED
720p,99,val_099.png,1280,720,921600,min_tree,8,ref6,0,0,83.388750,75852,75852,75852,proposed,0,0,0,0,0,0,0,15364748249605360780,168.428833,12.217625,UNCHECKED
720p,99,val_099.png,1280,720,921600,min_tree,8,proposed,0,1,95.904583,75852,75852,75852,proposed,0,0,0,0,0,0,0,15364748249605360780,168.428833,12.217625,UNCHECKED
720p,99,val_099.png,1280,720,921600,min_tree,8,proposed,1,0,96.915875,75852,75852,75852,proposed,0,0,0,0,0,0,0,15364748249605360780,168.428833,12.217625,UNCHECKED
720p,99,val_099.png,1280,720,921600,min_tree,8,ref6,1,1,84.646125,75852,75852,75852,proposed,0,0,0,0,0,0,0,15364748249605360780,168.428833,12.217625,UNCHECKED
720p,99,val_099.png,1280,720,921600,min_tree,8,ref6,2,0,83.885292,75852,75852,75852,proposed,0,0,0,0,0,0,0,15364748249605360780,168.428833,12.217625,UNCHECKED
720p,99,val_099.png,1280,720,921600,min_tree,8,proposed,2,1,97.943625,75852,75852,75852,proposed,0,0,0,0,0,0,0,15364748249605360780,168.428833,12.217625,UNCHECKED
720p,99,val_099.png,1280,720,921600,tree_of_shapes,4/8,proposed,0,0,109.644166,165249,165249,165249,proposed,0,0,0,0,0,0,0,4233831385725211138,831.373042,9.783875,UNCHECKED
720p,99,val_099.png,1280,720,921600,tree_of_shapes,4/8,ref5_original,0,1,1402.322958,165249,165249,165249,proposed,19937,1670,19560,19709,0,0,152,14293470773979771062,831.373042,9.783875,UNCHECKED
720p,99,val_099.png,1280,720,921600,tree_of_shapes,4/8,ref5_original,1,0,1385.831792,165249,165249,165249,proposed,19937,1670,19560,19709,0,0,152,14293470773979771062,831.373042,9.783875,UNCHECKED
720p,99,val_099.png,1280,720,921600,tree_of_shapes,4/8,proposed,1,1,114.840125,165249,165249,165249,proposed,0,0,0,0,0,0,0,4233831385725211138,831.373042,9.783875,UNCHECKED
720p,99,val_099.png,1280,720,921600,tree_of_shapes,4/8,proposed,2,0,111.043458,165249,165249,165249,proposed,0,0,0,0,0,0,0,4233831385725211138,831.373042,9.783875,UNCHECKED
720p,99,val_099.png,1280,720,921600,tree_of_shapes,4/8,ref5_original,2,1,1414.379750,165249,165249,165249,proposed,19937,1670,19560,19709,0,0,152,14293470773979771062,831.373042,9.783875,UNCHECKED
