resolution,image_index,image,width,height,pixels,hierarchy,connectivity,method,run,order_position,time_ms,nodes,baseline_nodes,compared_nodes,reference_method,mismatch_nodes,q1_mismatch_nodes,q2_mismatch_nodes,qd_mismatch_nodes,q3_mismatch_nodes,q4_mismatch_nodes,max_abs_family_error,checksum,tree_build_ms,bridge_import_ms,contract_mode
480p,0,val_000.png,853,480,409440,max_tree,8,ref6,0,0,41.014167,45710,45710,45710,proposed,0,0,0,0,0,0,0,4318501468764294537,73.612625,5.837416,UNCHECKED
480p,0,val_000.png,853,480,409440,max_tree,8,proposed,0,1,42.169916,45710,45710,45710,proposed,0,0,0,0,0,0,0,4318501468764294537,73.612625,5.837416,UNCHECKED
480p,0,val_000.png,853,480,409440,max_tree,8,proposed,1,0,42.418084,45710,45710,45710,proposed,0,0,0,0,0,0,0,4318501468764294537,73.612625,5.837416,UNCHECKED
480p,0,val_000.png,853,480,409440,max_tree,8,ref6,1,1,39.821958,45710,45710,45710,proposed,0,0,0,0,0,0,0,4318501468764294537,73.612625,5.837416,UNCHECKED
480p,0,val_000.png,853,480,409440,max_tree,8,ref6,2,0,40.204000,45710,45710,45710,proposed,0,0,0,0,0,0,0,4318501468764294537,73.612625,5.837416,UNCHECKED
480p,0,val_000.png,853,480,409440,max_tree,8,proposed,2,1,43.599167,45710,45710,45710,proposed,0,0,0,0,0,0,0,4318501468764294537,73.612625,5.837416,UNCHECKED
480p,0,val_000.png,853,480,409440,min_tree,8,proposed,0,0,41.968292,35609,35609,35609,proposed,0,0,0,0,0,0,0,245437861631889055,71.570042,7.028833,UNCHECKED
480p,0,val_000.png,853,480,409440,min_tree,8,ref6,0,1,38.887083,35609,35609,35609,proposed,0,0,0,0,0,0,0,245437861631889055,71.570042,7.028833,UNCHECKED
480p,0,val_000.png,853,480,409440,min_tree,8,ref6,1,0,39.141125,35609,35609,35609,proposed,0,0,0,0,0,0,0,245437861631889055,71.570042,7.028833,UNCHECKED
480p,0,val_000.png,853,480,409440,min_tree,8,proposed,1,1,42.003958,35609,35609,35609,proposed,0,0,0,0,0,0,0,245437861631889055,71.570042,7.028833,UNCHECKED
480p,0,val_000.png,853,480,409440,min_tree,8,proposed,2,0,42.883291,35609,35609,35609,proposed,0,0,0,0,0,0,0,245437861631889055,71.570042,7.028833,UNCHECKED
480p,0,val_000.png,853,480,409440,min_tree,8,ref6,2,1,38.451542,35609,35609,35609,proposed,0,0,0,0,0,0,0,245437861631889055,71.570042,7.028833,UNCHECKED
480p,0,val_000.png,853,480,409440,tree_of_shapes,4/8,ref5_original,0,0,592.742375,88249,88249,88249,proposed,10002,1393,9825,9810,0,0,221,9917145446955176368,370.392250,4.774042,UNCHECKED
480p,0,val_000.png,853,480,409440,tree_of_shapes,4/8,proposed,0,1,53.385458,88249,88249,88249,proposed,0,0,0,0,0,0,0,2438040942205933489,370.392250,4.774042,UNCHECKED
480p,0,val_000.png,853,480,409440,tree_of_shapes,4/8,proposed,1,0,52.977541,88249,88249,88249,proposed,0,0,0,0,0,0,0,2438040942205933489,370.392250,4.774042,UNCHECKED
480p,0,val_000.png,853,480,409440,tree_of_shapes,4/8,ref5_original,1,1,595.156916,88249,88249,88249,proposed,10002,1393,9825,9810,0,0,221,9917145446955176368,370.392250,4.774042,UNCHECKED
480p,0,val_000.png,853,480,409440,tree_of_shapes,4/8,ref5_original,2,0,599.294750,88249,88249,88249,proposed,10002,1393,9825,9810,0,0,221,9917145446955176368,370.392250,4.774042,UNCHECKED
480p,0,val_000.png,853,480,409440,tree_of_shapes,4/8,proposed,2,1,55.766250,88249,88249,88249,proposed,0,0,0,0,0,0,0,2438040942205933489,370.392250,4.774042,UNCHECKED
480p,1,val_001.png,853,480,409440,max_tree,8,proposed,0,0,41.936333,27024,27024,27024,proposed,0,0,0,0,0,0,0,17194798755524701336,69.012250,10.610209,UNCHECKED
480p,1,val_001.png,853,480,409440,max_tree,8,ref6,0,1,40.458042,27024,27024,27024,proposed,0,0,0,0,0,0,0,17194798755524701336,69.012250,10.610209,UNCHECKED
480p,1,val_001.png,853,480,409440,max_tree,8,ref6,1,0,40.504084,27024,27024,27024,proposed,0,0,0,0,0,0,0,17194798755524701336,69.012250,10.610209,UNCHECKED
480p,1,val_001.png,853,480,409440,max_tree,8,proposed,1,1,41.699125,27024,27024,27024,proposed,0,0,0,0,0,0,0,17194798755524701336,69.012250,10.610209,UNCHECKED
480p,1,val_001.png,853,480,409440,max_tree,8,proposed,2,0,41.925209,27024,27024,27024,proposed,0,0,0,0,0,0,0,17194798755524701336,69.012250,10.610209,UNCHECKED
480p,1,val_001.png,853,480,409440,max_tree,8,ref6,2,1,40.021083,27024,27024,27024,proposed,0,0,0,0,0,0,0,17194798755524701336,69.012250,10.610209,UNCHECKED
480p,1,val_001.png,853,480,409440,min_tree,8,ref6,0,0,41.097500,18881,18881,18881,proposed,0,0,0,0,0,0,0,10573511420316367304,69.844542,12.450791,UNCHECKED
480p,1,val_001.png,853,480,409440,min_tree,8,proposed,0,1,40.890458,18881,18881,18881,proposed,0,0,0,0,0,0,0,10573511420316367304,69.844542,12.450791,UNCHECKED
480p,1,val_001.png,853,480,409440,min_tree,8,proposed,1,0,41.087250,18881,18881,18881,proposed,0,0,0,0,0,0,0,10573511420316367304,69.844542,12.450791,UNCHECKED
480p,1,val_001.png,853,480,409440,min_tree,8,ref6,1,1,41.142417,18881,18881,18881,proposed,0,0,0,0,0,0,0,10573511420316367304,69.844542,12.450791,UNCHECKED
480p,1,val_001.png,853,480,409440,min_tree,8,ref6,2,0,40.913000,18881,18881,18881,proposed,0,0,0,0,0,0,0,10573511420316367304,69.844542,12.450791,UNCHECKED
480p,1,val_001.png,853,480,409440,min_tree,8,proposed,2,1,41.240250,18881,18881,18881,proposed,0,0,0,0,0,0,0,10573511420316367304,69.844542,12.450791,UNCHECKED
480p,1,val_001.png,853,480,409440,tree_of_shapes,4/8,proposed,0,0,44.003000,49009,49009,49009,proposed,0,0,0,0,0,0,0,14491662764647848102,345.872584,5.269250,UNCHECKED
480p,1,val_001.png,853,480,409440,tree_of_shapes,4/8,ref5_original,0,1,571.309875,49009,49009,49009,proposed,4791,425,4710,4723,0,0,110,14520520042425085738,345.872584,5.269250,UNCHECKED
480p,1,val_001.png,853,480,409440,tree_of_shapes,4/8,ref5_original,1,0,572.823958,49009,49009,49009,proposed,4791,425,4710,4723,0,0,110,14520520042425085738,345.872584,5.269250,UNCHECKED
480p,1,val_001.png,853,480,409440,tree_of_shapes,4/8,proposed,1,1,45.171417,49009,49009,49009,proposed,0,0,0,0,0,0,0,14491662764647848102,345.872584,5.269250,UNCHECKED
480p,1,val_001.png,853,480,409440,tree_of_shapes,4/8,proposed,2,0,43.897208,49009,49009,49009,proposed,0,0,0,0,0,0,0,14491662764647848102,345.872584,5.269250,UNCHECKED
480p,1,val_001.png,853,480,409440,tree_of_shapes,4/8,ref5_original,2,1,576.104000,49009,49009,49009,proposed,4791,425,4710,4723,0,0,110,14520520042425085738,345.872584,5.269250,UNCHECKED
480p,2,val_002.png,853,480,409440,max_tree,8,ref6,0,0,39.716875,38396,38396,38396,proposed,0,0,0,0,0,0,0,17649917549074585756,72.097959,7.451334,UNCHECKED
480p,2,val_002.png,853,480,409440,max_tree,8,proposed,0,1,43.067833,38396,38396,38396,proposed,0,0,0,0,0,0,0,17649917549074585756,72.097959,7.451334,UNCHECKED
480p,2,val_002.png,853,480,409440,max_tree,8,proposed,1,0,43.483458,38396,38396,38396,proposed,0,0,0,0,0,0,0,17649917549074585756,72.097959,7.451334,UNCHECKED
480p,2,val_002.png,853,480,409440,max_tree,8,ref6,1,1,40.475916,38396,38396,38396,proposed,0,0,0,0,0,0,0,17649917549074585756,72.097959,7.451334,UNCHECKED
480p,2,val_002.png,853,480,409440,max_tree,8,ref6,2,0,41.788250,38396,38396,38396,proposed,0,0,0,0,0,0,0,17649917549074585756,72.097959,7.451334,UNCHECKED
480p,2,val_002.png,853,480,409440,max_tree,8,proposed,2,1,44.431584,38396,38396,38396,proposed,0,0,0,0,0,0,0,17649917549074585756,72.097959,7.451334,UNCHECKED
480p,2,val_002.png,853,480,409440,min_tree,8,proposed,0,0,44.759542,27730,27730,27730,proposed,0,0,0,0,0,0,0,6900240851497563162,73.026958,13.309250,UNCHECKED
480p,2,val_002.png,853,480,409440,min_tree,8,ref6,0,1,41.613500,27730,27730,27730,proposed,0,0,0,0,0,0,0,6900240851497563162,73.026958,13.309250,UNCHECKED
480p,2,val_002.png,853,480,409440,min_tree,8,ref6,1,0,41.105500,27730,27730,27730,proposed,0,0,0,0,0,0,0,6900240851497563162,73.026958,13.309250,UNCHECKED
480p,2,val_002.png,853,480,409440,min_tree,8,proposed,1,1,45.392167,27730,27730,27730,proposed,0,0,0,0,0,0,0,6900240851497563162,73.026958,13.309250,UNCHECKED
480p,2,val_002.png,853,480,409440,min_tree,8,proposed,2,0,43.730375,27730,27730,27730,proposed,0,0,0,0,0,0,0,6900240851497563162,73.026958,13.309250,UNCHECKED
480p,2,val_002.png,853,480,409440,min_tree,8,ref6,2,1,40.025833,27730,27730,27730,proposed,0,0,0,0,0,0,0,6900240851497563162,73.026958,13.309250,UNCHECKED
480p,2,val_002.png,853,480,409440,tree_of_shapes,4/8,ref5_original,0,0,588.329834,70716,70716,70716,proposed,6934,554,6834,6879,0,0,203,2799184254957693149,352.003167,4.649583,UNCHECKED
480p,2,val_002.png,853,480,409440,tree_of_shapes,4/8,proposed,0,1,50.342166,70716,70716,70716,proposed,0,0,0,0,0,0,0,15097729026883876624,352.003167,4.649583,UNCHECKED
480p,2,val_002.png,853,480,409440,tree_of_shapes,4/8,proposed,1,0,50.657209,70716,70716,70716,proposed,0,0,0,0,0,0,0,15097729026883876624,352.003167,4.649583,UNCHECKED
480p,2,val_002.png,853,480,409440,tree_of_shapes,4/8,ref5_original,1,1,590.885125,70716,70716,70716,proposed,6934,554,6834,6879,0,0,203,2799184254957693149,352.003167,4.649583,UNCHECKED
480p,2,val_002.png,853,480,409440,tree_of_shapes,4/8,ref5_original,2,0,593.292959,70716,70716,70716,proposed,6934,554,6834,6879,0,0,203,2799184254957693149,352.003167,4.649583,UNCHECKED
480p,2,val_002.png,853,480,409440,tree_of_shapes,4/8,proposed,2,1,50.057041,70716,70716,70716,proposed,0,0,0,0,0,0,0,15097729026883876624,352.003167,4.649583,UNCHECKED
480p,3,val_003.png,853,480,409440,max_tree,8,proposed,0,0,44.115500,30808,30808,30808,proposed,0,0,0,0,0,0,0,8433072753794858528,67.486084,10.782583,UNCHECKED
480p,3,val_003.png,853,480,409440,max_tree,8,ref6,0,1,39.266584,30808,30808,30808,proposed,0,0,0,0,0,0,0,8433072753794858528,67.486084,10.782583,UNCHECKED
480p,3,val_003.png,853,480,409440,max_tree,8,ref6,1,0,40.103750,30808,30808,30808,proposed,0,0,0,0,0,0,0,8433072753794858528,67.486084,10.782583,UNCHECKED
480p,3,val_003.png,853,480,409440,max_tree,8,proposed,1,1,40.925417,30808,30808,30808,proposed,0,0,0,0,0,0,0,8433072753794858528,67.486084,10.782583,UNCHECKED
480p,3,val_003.png,853,480,409440,max_tree,8,proposed,2,0,41.122334,30808,30808,30808,proposed,0,0,0,0,0,0,0,8433072753794858528,67.486084,10.782583,UNCHECKED
480p,3,val_003.png,853,480,409440,max_tree,8,ref6,2,1,40.796292,30808,30808,30808,proposed,0,0,0,0,0,0,0,8433072753794858528,67.486084,10.782583,UNCHECKED
480p,3,val_003.png,853,480,409440,min_tree,8,ref6,0,0,39.979792,22847,22847,22847,proposed,0,0,0,0,0,0,0,5321496483365065541,66.228709,12.579083,UNCHECKED
480p,3,val_003.png,853,480,409440,min_tree,8,proposed,0,1,41.168750,22847,22847,22847,proposed,0,0,0,0,0,0,0,5321496483365065541,66.228709,12.579083,UNCHECKED
480p,3,val_003.png,853,480,409440,min_tree,8,proposed,1,0,41.208875,22847,22847,22847,proposed,0,0,0,0,0,0,0,5321496483365065541,66.228709,12.579083,UNCHECKED
480p,3,val_003.png,853,480,409440,min_tree,8,ref6,1,1,41.087542,22847,22847,22847,proposed,0,0,0,0,0,0,0,5321496483365065541,66.228709,12.579083,UNCHECKED
480p,3,val_003.png,853,480,409440,min_tree,8,ref6,2,0,40.458250,22847,22847,22847,proposed,0,0,0,0,0,0,0,5321496483365065541,66.228709,12.579083,UNCHECKED
480p,3,val_003.png,853,480,409440,min_tree,8,proposed,2,1,41.702541,22847,22847,22847,proposed,0,0,0,0,0,0,0,5321496483365065541,66.228709,12.579083,UNCHECKED
480p,3,val_003.png,853,480,409440,tree_of_shapes,4/8,proposed,0,0,44.773167,58561,58561,58561,proposed,0,0,0,0,0,0,0,431729477045629908,346.699250,4.876375,UNCHECKED
480p,3,val_003.png,853,480,409440,tree_of_shapes,4/8,ref5_original,0,1,582.579292,58561,58561,58561,proposed,4741,601,4635,4676,0,0,136,18171961813406698034,346.699250,4.876375,UNCHECKED
480p,3,val_003.png,853,480,409440,tree_of_shapes,4/8,ref5_original,1,0,600.259542,58561,58561,58561,proposed,4741,601,4635,4676,0,0,136,18171961813406698034,346.699250,4.876375,UNCHECKED
480p,3,val_003.png,853,480,409440,tree_of_shapes,4/8,proposed,1,1,46.211292,58561,58561,58561,proposed,0,0,0,0,0,0,0,431729477045629908,346.699250,4.876375,UNCHECKED
480p,3,val_003.png,853,480,409440,tree_of_shapes,4/8,proposed,2,0,45.351667,58561,58561,58561,proposed,0,0,0,0,0,0,0,431729477045629908,346.699250,4.876375,UNCHECKED
480p,3,val_003.png,853,480,409440,tree_of_shapes,4/8,ref5_original,2,1,572.642500,58561,58561,58561,proposed,4741,601,4635,4676,0,0,136,18171961813406698034,346.699250,4.876375,UNCHECKED
480p,4,val_004.png,853,480,409440,max_tree,8,ref6,0,0,40.109375,43844,43844,43844,proposed,0,0,0,0,0,0,0,6394988193551555332,70.119375,7.020625,UNCHECKED
480p,4,val_004.png,853,480,409440,max_tree,8,proposed,0,1,41.188750,43844,43844,43844,proposed,0,0,0,0,0,0,0,6394988193551555332,70.119375,7.020625,UNCHECKED
480p,4,val_004.png,853,480,409440,max_tree,8,proposed,1,0,40.863625,43844,43844,43844,proposed,0,0,0,0,0,0,0,6394988193551555332,70.119375,7.020625,UNCHECKED
480p,4,val_004.png,853,480,409440,max_tree,8,ref6,1,1,40.527167,43844,43844,43844,proposed,0,0,0,0,0,0,0,6394988193551555332,70.119375,7.020625,UNCHECKED
480p,4,val_004.png,853,480,409440,max_tree,8,ref6,2,0,39.799458,43844,43844,43844,proposed,0,0,0,0,0,0,0,6394988193551555332,70.119375,7.020625,UNCHECKED
480p,4,val_004.png,853,480,409440,max_tree,8,proposed,2,1,41.173250,43844,43844,43844,proposed,0,0,0,0,0,0,0,6394988193551555332,70.119375,7.020625,UNCHECKED
480p,4,val_004.png,853,480,409440,min_tree,8,proposed,0,0,41.551750,39265,39265,39265,proposed,0,0,0,0,0,0,0,9518083754470918512,69.729542,6.705125,UNCHECKED
480p,4,val_004.png,853,480,409440,min_tree,8,ref6,0,1,41.494209,39265,39265,39265,proposed,0,0,0,0,0,0,0,9518083754470918512,69.729542,6.705125,UNCHECKED
480p,4,val_004.png,853,480,409440,min_tree,8,ref6,1,0,41.058292,39265,39265,39265,proposed,0,0,0,0,0,0,0,9518083754470918512,69.729542,6.705125,UNCHECKED
480p,4,val_004.png,853,480,409440,min_tree,8,proposed,1,1,41.835750,39265,39265,39265,proposed,0,0,0,0,0,0,0,9518083754470918512,69.729542,6.705125,UNCHECKED
480p,4,val_004.png,853,480,409440,min_tree,8,proposed,2,0,42.253959,39265,39265,39265,proposed,0,0,0,0,0,0,0,9518083754470918512,69.729542,6.705125,UNCHECKED
480p,4,val_004.png,853,480,409440,min_tree,8,ref6,2,1,40.940542,39265,39265,39265,proposed,0,0,0,0,0,0,0,9518083754470918512,69.729542,6.705125,UNCHECKED
480p,4,val_004.png,853,480,409440,tree_of_shapes,4/8,ref5_original,0,0,593.669125,90456,90456,90456,proposed,12673,1726,12435,12396,0,0,207,18401417066694616188,369.610583,4.475000,UNCHECKED
480p,4,val_004.png,853,480,409440,tree_of_shapes,4/8,proposed,0,1,52.938125,90456,90456,90456,proposed,0,0,0,0,0,0,0,14611027142791581797,369.610583,4.475000,UNCHECKED
480p,4,val_004.png,853,480,409440,tree_of_shapes,4/8,proposed,1,0,51.712167,90456,90456,90456,proposed,0,0,0,0,0,0,0,14611027142791581797,369.610583,4.475000,UNCHECKED
480p,4,val_004.png,853,480,409440,tree_of_shapes,4/8,ref5_original,1,1,592.533958,90456,90456,90456,proposed,12673,1726,12435,12396,0,0,207,18401417066694616188,369.610583,4.475000,UNCHECKED
480p,4,val_004.png,853,480,409440,tree_of_shapes,4/8,ref5_original,2,0,590.829625,90456,90456,90456,proposed,12673,1726,12435,12396,0,0,207,18401417066694616188,369.610583,4.475000,UNCHECKED
480p,4,val_004.png,853,480,409440,tree_of_shapes,4/8,proposed,2,1,51.070417,90456,90456,90456,proposed,0,0,0,0,0,0,0,14611027142791581797,369.610583,4.475000,UNCHECKED
480p,5,val_005.png,853,480,409440,max_tree,8,proposed,0,0,39.352083,29351,29351,29351,proposed,0,0,0,0,0,0,0,8992227884666574178,67.631625,7.306208,UNCHECKED
480p,5,val_005.png,853,480,409440,max_tree,8,ref6,0,1,40.018167,29351,29351,29351,proposed,0,0,0,0,0,0,0,8992227884666574178,67.631625,7.306208,UNCHECKED
480p,5,val_005.png,853,480,409440,max_tree,8,ref6,1,0,39.213166,29351,29351,29351,proposed,0,0,0,0,0,0,0,8992227884666574178,67.631625,7.306208,UNCHECKED
480p,5,val_005.png,853,480,409440,max_tree,8,proposed,1,1,39.663416,29351,29351,29351,proposed,0,0,0,0,0,0,0,8992227884666574178,67.631625,7.306208,UNCHECKED
480p,5,val_005.png,853,480,409440,max_tree,8,proposed,2,0,39.965500,29351,29351,29351,proposed,0,0,0,0,0,0,0,8992227884666574178,67.631625,7.306208,UNCHECKED
480p,5,val_005.png,853,480,409440,max_tree,8,ref6,2,1,39.737166,29351,29351,29351,proposed,0,0,0,0,0,0,0,8992227884666574178,67.631625,7.306208,UNCHECKED
480p,5,val_005.png,853,480,409440,min_tree,8,ref6,0,0,39.244291,22676,22676,22676,proposed,0,0,0,0,0,0,0,507663321980185548,66.540084,11.696292,UNCHECKED
480p,5,val_005.png,853,480,409440,min_tree,8,proposed,0,1,39.446709,22676,22676,22676,proposed,0,0,0,0,0,0,0,507663321980185548,66.540084,11.696292,UNCHECKED
480p,5,val_005.png,853,480,409440,min_tree,8,proposed,1,0,39.786625,22676,22676,22676,proposed,0,0,0,0,0,0,0,507663321980185548,66.540084,11.696292,UNCHECKED
480p,5,val_005.png,853,480,409440,min_tree,8,ref6,1,1,39.064375,22676,22676,22676,proposed,0,0,0,0,0,0,0,507663321980185548,66.540084,11.696292,UNCHECKED
480p,5,val_005.png,853,480,409440,min_tree,8,ref6,2,0,39.621334,22676,22676,22676,proposed,0,0,0,0,0,0,0,507663321980185548,66.540084,11.696292,UNCHECKED
480p,5,val_005.png,853,480,409440,min_tree,8,proposed,2,1,39.441208,22676,22676,22676,proposed,0,0,0,0,0,0,0,507663321980185548,66.540084,11.696292,UNCHECKED
480p,5,val_005.png,853,480,409440,tree_of_shapes,4/8,proposed,0,0,44.181583,56497,56497,56497,proposed,0,0,0,0,0,0,0,9589400124107997009,336.235334,4.314666,UNCHECKED
480p,5,val_005.png,853,480,409440,tree_of_shapes,4/8,ref5_original,0,1,573.956583,56497,56497,56497,proposed,5716,543,5619,5639,0,0,135,14293814435632886256,336.235334,4.314666,UNCHECKED
480p,5,val_005.png,853,480,409440,tree_of_shapes,4/8,ref5_original,1,0,565.627583,56497,56497,56497,proposed,5716,543,5619,5639,0,0,135,14293814435632886256,336.235334,4.314666,UNCHECKED
480p,5,val_005.png,853,480,409440,tree_of_shapes,4/8,proposed,1,1,44.401250,56497,56497,56497,proposed,0,0,0,0,0,0,0,9589400124107997009,336.235334,4.314666,UNCHECKED
480p,5,val_005.png,853,480,409440,tree_of_shapes,4/8,proposed,2,0,44.015750,56497,56497,56497,proposed,0,0,0,0,0,0,0,9589400124107997009,336.235334,4.314666,UNCHECKED
480p,5,val_005.png,853,480,409440,tree_of_shapes,4/8,ref5_original,2,1,581.101416,56497,56497,56497,proposed,5716,543,5619,5639,0,0,135,14293814435632886256,336.235334,4.314666,UNCHECKED
480p,6,val_006.png,853,480,409440,max_tree,8,ref6,0,0,39.383208,44245,44245,44245,proposed,0,0,0,0,0,0,0,16519577470526942100,72.919667,5.172791,UNCHECKED
480p,6,val_006.png,853,480,409440,max_tree,8,proposed,0,1,42.620042,44245,44245,44245,proposed,0,0,0,0,0,0,0,16519577470526942100,72.919667,5.172791,UNCHECKED
480p,6,val_006.png,853,480,409440,max_tree,8,proposed,1,0,43.259500,44245,44245,44245,proposed,0,0,0,0,0,0,0,16519577470526942100,72.919667,5.172791,UNCHECKED
480p,6,val_006.png,853,480,409440,max_tree,8,ref6,1,1,39.782667,44245,44245,44245,proposed,0,0,0,0,0,0,0,16519577470526942100,72.919667,5.172791,UNCHECKED
480p,6,val_006.png,853,480,409440,max_tree,8,ref6,2,0,39.721375,44245,44245,44245,proposed,0,0,0,0,0,0,0,16519577470526942100,72.919667,5.172791,UNCHECKED
480p,6,val_006.png,853,480,409440,max_tree,8,proposed,2,1,42.436500,44245,44245,44245,proposed,0,0,0,0,0,0,0,16519577470526942100,72.919667,5.172791,UNCHECKED
480p,6,val_006.png,853,480,409440,min_tree,8,proposed,0,0,42.592833,36036,36036,36036,proposed,0,0,0,0,0,0,0,1286791178900523398,71.339958,5.899042,UNCHECKED
480p,6,val_006.png,853,480,409440,min_tree,8,ref6,0,1,40.369500,36036,36036,36036,proposed,0,0,0,0,0,0,0,1286791178900523398,71.339958,5.899042,UNCHECKED
480p,6,val_006.png,853,480,409440,min_tree,8,ref6,1,0,39.590083,36036,36036,36036,proposed,0,0,0,0,0,0,0,1286791178900523398,71.339958,5.899042,UNCHECKED
480p,6,val_006.png,853,480,409440,min_tree,8,proposed,1,1,43.017750,36036,36036,36036,proposed,0,0,0,0,0,0,0,1286791178900523398,71.339958,5.899042,UNCHECKED
480p,6,val_006.png,853,480,409440,min_tree,8,proposed,2,0,43.398458,36036,36036,36036,proposed,0,0,0,0,0,0,0,1286791178900523398,71.339958,5.899042,UNCHECKED
480p,6,val_006.png,853,480,409440,min_tree,8,ref6,2,1,40.719584,36036,36036,36036,proposed,0,0,0,0,0,0,0,1286791178900523398,71.339958,5.899042,UNCHECKED
480p,6,val_006.png,853,480,409440,tree_of_shapes,4/8,ref5_original,0,0,610.119375,85106,85106,85106,proposed,9512,1252,9348,9355,0,0,138,4705420632936549501,362.789667,4.656083,UNCHECKED
480p,6,val_006.png,853,480,409440,tree_of_shapes,4/8,proposed,0,1,51.768000,85106,85106,85106,proposed,0,0,0,0,0,0,0,9011798229032378937,362.789667,4.656083,UNCHECKED
480p,6,val_006.png,853,480,409440,tree_of_shapes,4/8,proposed,1,0,52.355666,85106,85106,85106,proposed,0,0,0,0,0,0,0,9011798229032378937,362.789667,4.656083,UNCHECKED
480p,6,val_006.png,853,480,409440,tree_of_shapes,4/8,ref5_original,1,1,605.675959,85106,85106,85106,proposed,9512,1252,9348,9355,0,0,138,4705420632936549501,362.789667,4.656083,UNCHECKED
480p,6,val_006.png,853,480,409440,tree_of_shapes,4/8,ref5_original,2,0,603.199125,85106,85106,85106,proposed,9512,1252,9348,9355,0,0,138,4705420632936549501,362.789667,4.656083,UNCHECKED
480p,6,val_006.png,853,480,409440,tree_of_shapes,4/8,proposed,2,1,52.726458,85106,85106,85106,proposed,0,0,0,0,0,0,0,9011798229032378937,362.789667,4.656083,UNCHECKED
480p,7,val_007.png,853,480,409440,max_tree,8,proposed,0,0,41.943500,24944,24944,24944,proposed,0,0,0,0,0,0,0,1307196972123676440,68.400500,9.663167,UNCHECKED
480p,7,val_007.png,853,480,409440,max_tree,8,ref6,0,1,41.163458,24944,24944,24944,proposed,0,0,0,0,0,0,0,1307196972123676440,68.400500,9.663167,UNCHECKED
480p,7,val_007.png,853,480,409440,max_tree,8,ref6,1,0,41.612959,24944,24944,24944,proposed,0,0,0,0,0,0,0,1307196972123676440,68.400500,9.663167,UNCHECKED
480p,7,val_007.png,853,480,409440,max_tree,8,proposed,1,1,42.163000,24944,24944,24944,proposed,0,0,0,0,0,0,0,1307196972123676440,68.400500,9.663167,UNCHECKED
480p,7,val_007.png,853,480,409440,max_tree,8,proposed,2,0,42.025208,24944,24944,24944,proposed,0,0,0,0,0,0,0,1307196972123676440,68.400500,9.663167,UNCHECKED
480p,7,val_007.png,853,480,409440,max_tree,8,ref6,2,1,40.361709,24944,24944,24944,proposed,0,0,0,0,0,0,0,1307196972123676440,68.400500,9.663167,UNCHECKED
480p,7,val_007.png,853,480,409440,min_tree,8,ref6,0,0,40.652708,18661,18661,18661,proposed,0,0,0,0,0,0,0,17878689164109912967,67.864292,11.183416,UNCHECKED
480p,7,val_007.png,853,480,409440,min_tree,8,proposed,0,1,41.528250,18661,18661,18661,proposed,0,0,0,0,0,0,0,17878689164109912967,67.864292,11.183416,UNCHECKED
480p,7,val_007.png,853,480,409440,min_tree,8,proposed,1,0,41.484334,18661,18661,18661,proposed,0,0,0,0,0,0,0,17878689164109912967,67.864292,11.183416,UNCHECKED
480p,7,val_007.png,853,480,409440,min_tree,8,ref6,1,1,40.462250,18661,18661,18661,proposed,0,0,0,0,0,0,0,17878689164109912967,67.864292,11.183416,UNCHECKED
480p,7,val_007.png,853,480,409440,min_tree,8,ref6,2,0,40.151916,18661,18661,18661,proposed,0,0,0,0,0,0,0,17878689164109912967,67.864292,11.183416,UNCHECKED
480p,7,val_007.png,853,480,409440,min_tree,8,proposed,2,1,41.579375,18661,18661,18661,proposed,0,0,0,0,0,0,0,17878689164109912967,67.864292,11.183416,UNCHECKED
480p,7,val_007.png,853,480,409440,tree_of_shapes,4/8,proposed,0,0,44.411375,47364,47364,47364,proposed,0,0,0,0,0,0,0,2338173214039708287,340.493542,5.421166,UNCHECKED
480p,7,val_007.png,853,480,409440,tree_of_shapes,4/8,ref5_original,0,1,585.031417,47364,47364,47364,proposed,4717,583,4633,4657,0,0,89,10930591499420671380,340.493542,5.421166,UNCHECKED
480p,7,val_007.png,853,480,409440,tree_of_shapes,4/8,ref5_original,1,0,580.367792,47364,47364,47364,proposed,4717,583,4633,4657,0,0,89,10930591499420671380,340.493542,5.421166,UNCHECKED
480p,7,val_007.png,853,480,409440,tree_of_shapes,4/8,proposed,1,1,45.138959,47364,47364,47364,proposed,0,0,0,0,0,0,0,2338173214039708287,340.493542,5.421166,UNCHECKED
480p,7,val_007.png,853,480,409440,tree_of_shapes,4/8,proposed,2,0,44.157750,47364,47364,47364,proposed,0,0,0,0,0,0,0,2338173214039708287,340.493542,5.421166,UNCHECKED
480p,7,val_007.png,853,480,409440,tree_of_shapes,4/8,ref5_original,2,1,581.388875,47364,47364,47364,proposed,4717,583,4633,4657,0,0,89,10930591499420671380,340.493542,5.421166,UNCHECKED
480p,8,val_008.png,853,480,409440,max_tree,8,ref6,0,0,63.735583,50090,50090,50090,proposed,0,0,0,0,0,0,0,4737137710563780397,74.606209,5.858000,UNCHECKED
480p,8,val_008.png,853,480,409440,max_tree,8,proposed,0,1,45.695000,50090,50090,50090,proposed,0,0,0,0,0,0,0,4737137710563780397,74.606209,5.858000,UNCHECKED
480p,8,val_008.png,853,480,409440,max_tree,8,proposed,1,0,48.168125,50090,50090,50090,proposed,0,0,0,0,0,0,0,4737137710563780397,74.606209,5.858000,UNCHECKED
480p,8,val_008.png,853,480,409440,max_tree,8,ref6,1,1,44.643000,50090,50090,50090,proposed,0,0,0,0,0,0,0,4737137710563780397,74.606209,5.858000,UNCHECKED
480p,8,val_008.png,853,480,409440,max_tree,8,ref6,2,0,42.569000,50090,50090,50090,proposed,0,0,0,0,0,0,0,4737137710563780397,74.606209,5.858000,UNCHECKED
480p,8,val_008.png,853,480,409440,max_tree,8,proposed,2,1,45.003292,50090,50090,50090,proposed,0,0,0,0,0,0,0,4737137710563780397,74.606209,5.858000,UNCHECKED
480p,8,val_008.png,853,480,409440,min_tree,8,proposed,0,0,43.211375,45164,45164,45164,proposed,0,0,0,0,0,0,0,15814998771329233690,78.192125,5.748958,UNCHECKED
480p,8,val_008.png,853,480,409440,min_tree,8,ref6,0,1,39.886917,45164,45164,45164,proposed,0,0,0,0,0,0,0,15814998771329233690,78.192125,5.748958,UNCHECKED
480p,8,val_008.png,853,480,409440,min_tree,8,ref6,1,0,40.121667,45164,45164,45164,proposed,0,0,0,0,0,0,0,15814998771329233690,78.192125,5.748958,UNCHECKED
480p,8,val_008.png,853,480,409440,min_tree,8,proposed,1,1,43.765708,45164,45164,45164,proposed,0,0,0,0,0,0,0,15814998771329233690,78.192125,5.748958,UNCHECKED
480p,8,val_008.png,853,480,409440,min_tree,8,proposed,2,0,43.871000,45164,45164,45164,proposed,0,0,0,0,0,0,0,15814998771329233690,78.192125,5.748958,UNCHECKED
480p,8,val_008.png,853,480,409440,min_tree,8,ref6,2,1,41.529416,45164,45164,45164,proposed,0,0,0,0,0,0,0,15814998771329233690,78.192125,5.748958,UNCHECKED
480p,8,val_008.png,853,480,409440,tree_of_shapes,4/8,ref5_original,0,0,612.429208,101174,101174,101174,proposed,12113,1400,11959,11959,0,0,141,5049893770801323720,373.441834,5.589958,UNCHECKED
480p,8,val_008.png,853,480,409440,tree_of_shapes,4/8,proposed,0,1,56.411333,101174,101174,101174,proposed,0,0,0,0,0,0,0,5977455432458173841,373.441834,5.589958,UNCHECKED
480p,8,val_008.png,853,480,409440,tree_of_shapes,4/8,proposed,1,0,55.254625,101174,101174,101174,proposed,0,0,0,0,0,0,0,5977455432458173841,373.441834,5.589958,UNCHECKED
480p,8,val_008.png,853,480,409440,tree_of_shapes,4/8,ref5_original,1,1,609.459333,101174,101174,101174,proposed,12113,1400,11959,11959,0,0,141,5049893770801323720,373.441834,5.589958,UNCHECKED
480p,8,val_008.png,853,480,409440,tree_of_shapes,4/8,ref5_original,2,0,614.885334,101174,101174,101174,proposed,12113,1400,11959,11959,0,0,141,5049893770801323720,373.441834,5.589958,UNCHECKED
480p,8,val_008.png,853,480,409440,tree_of_shapes,4/8,proposed,2,1,58.655291,101174,101174,101174,proposed,0,0,0,0,0,0,0,5977455432458173841,373.441834,5.589958,UNCHECKED
480p,9,val_009.png,853,480,409440,max_tree,8,proposed,0,0,43.996708,31635,31635,31635,proposed,0,0,0,0,0,0,0,8488458873208846820,71.097125,8.896458,UNCHECKED
480p,9,val_009.png,853,480,409440,max_tree,8,ref6,0,1,40.591666,31635,31635,31635,proposed,0,0,0,0,0,0,0,8488458873208846820,71.097125,8.896458,UNCHECKED
480p,9,val_009.png,853,480,409440,max_tree,8,ref6,1,0,42.700750,31635,31635,31635,proposed,0,0,0,0,0,0,0,8488458873208846820,71.097125,8.896458,UNCHECKED
480p,9,val_009.png,853,480,409440,max_tree,8,proposed,1,1,46.329958,31635,31635,31635,proposed,0,0,0,0,0,0,0,8488458873208846820,71.097125,8.896458,UNCHECKED
480p,9,val_009.png,853,480,409440,max_tree,8,proposed,2,0,45.159625,31635,31635,31635,proposed,0,0,0,0,0,0,0,8488458873208846820,71.097125,8.896458,UNCHECKED
480p,9,val_009.png,853,480,409440,max_tree,8,ref6,2,1,40.567625,31635,31635,31635,proposed,0,0,0,0,0,0,0,8488458873208846820,71.097125,8.896458,UNCHECKED
480p,9,val_009.png,853,480,409440,min_tree,8,ref6,0,0,40.498916,31429,31429,31429,proposed,0,0,0,0,0,0,0,17866820659303230584,70.054333,10.844834,UNCHECKED
480p,9,val_009.png,853,480,409440,min_tree,8,proposed,0,1,44.696958,31429,31429,31429,proposed,0,0,0,0,0,0,0,17866820659303230584,70.054333,10.844834,UNCHECKED
480p,9,val_009.png,853,480,409440,min_tree,8,proposed,1,0,44.412459,31429,31429,31429,proposed,0,0,0,0,0,0,0,17866820659303230584,70.054333,10.844834,UNCHECKED
480p,9,val_009.png,853,480,409440,min_tree,8,ref6,1,1,41.191875,31429,31429,31429,proposed,0,0,0,0,0,0,0,17866820659303230584,70.054333,10.844834,UNCHECKED
480p,9,val_009.png,853,480,409440,min_tree,8,ref6,2,0,39.800833,31429,31429,31429,proposed,0,0,0,0,0,0,0,17866820659303230584,70.054333,10.844834,UNCHECKED
480p,9,val_009.png,853,480,409440,min_tree,8,proposed,2,1,43.893333,31429,31429,31429,proposed,0,0,0,0,0,0,0,17866820659303230584,70.054333,10.844834,UNCHECKED
480p,9,val_009.png,853,480,409440,tree_of_shapes,4/8,proposed,0,0,52.348667,66711,66711,66711,proposed,0,0,0,0,0,0,0,10557308912630455314,362.366666,4.679667,UNCHECKED
480p,9,val_009.png,853,480,409440,tree_of_shapes,4/8,ref5_original,0,1,597.938375,66711,66711,66711,proposed,7068,549,6980,6980,0,0,118,13893037133943793823,362.366666,4.679667,UNCHECKED
480p,9,val_009.png,853,480,409440,tree_of_shapes,4/8,ref5_original,1,0,596.229667,66711,66711,66711,proposed,7068,549,6980,6980,0,0,118,13893037133943793823,362.366666,4.679667,UNCHECKED
480p,9,val_009.png,853,480,409440,tree_of_shapes,4/8,proposed,1,1,50.016125,66711,66711,66711,proposed,0,0,0,0,0,0,0,10557308912630455314,362.366666,4.679667,UNCHECKED
480p,9,val_009.png,853,480,409440,tree_of_shapes,4/8,proposed,2,0,49.431542,66711,66711,66711,proposed,0,0,0,0,0,0,0,10557308912630455314,362.366666,4.679667,UNCHECKED
480p,9,val_009.png,853,480,409440,tree_of_shapes,4/8,ref5_original,2,1,600.961750,66711,66711,66711,proposed,7068,549,6980,6980,0,0,118,13893037133943793823,362.366666,4.679667,UNCHECKED
480p,10,val_010.png,853,480,409440,max_tree,8,ref6,0,0,42.278792,30421,30421,30421,proposed,0,0,0,0,0,0,0,17174382818528190188,71.298292,6.326291,UNCHECKED
480p,10,val_010.png,853,480,409440,max_tree,8,proposed,0,1,43.264667,30421,30421,30421,proposed,0,0,0,0,0,0,0,17174382818528190188,71.298292,6.326291,UNCHECKED
480p,10,val_010.png,853,480,409440,max_tree,8,proposed,1,0,43.488292,30421,30421,30421,proposed,0,0,0,0,0,0,0,17174382818528190188,71.298292,6.326291,UNCHECKED
480p,10,val_010.png,853,480,409440,max_tree,8,ref6,1,1,41.846042,30421,30421,30421,proposed,0,0,0,0,0,0,0,17174382818528190188,71.298292,6.326291,UNCHECKED
480p,10,val_010.png,853,480,409440,max_tree,8,ref6,2,0,43.063542,30421,30421,30421,proposed,0,0,0,0,0,0,0,17174382818528190188,71.298292,6.326291,UNCHECKED
480p,10,val_010.png,853,480,409440,max_tree,8,proposed,2,1,43.208584,30421,30421,30421,proposed,0,0,0,0,0,0,0,17174382818528190188,71.298292,6.326291,UNCHECKED
480p,10,val_010.png,853,480,409440,min_tree,8,proposed,0,0,42.021833,29110,29110,29110,proposed,0,0,0,0,0,0,0,2607315336866639419,74.686542,6.447583,UNCHECKED
480p,10,val_010.png,853,480,409440,min_tree,8,ref6,0,1,41.129333,29110,29110,29110,proposed,0,0,0,0,0,0,0,2607315336866639419,74.686542,6.447583,UNCHECKED
480p,10,val_010.png,853,480,409440,min_tree,8,ref6,1,0,41.213125,29110,29110,29110,proposed,0,0,0,0,0,0,0,2607315336866639419,74.686542,6.447583,UNCHECKED
480p,10,val_010.png,853,480,409440,min_tree,8,proposed,1,1,41.907417,29110,29110,29110,proposed,0,0,0,0,0,0,0,2607315336866639419,74.686542,6.447583,UNCHECKED
480p,10,val_010.png,853,480,409440,min_tree,8,proposed,2,0,42.377792,29110,29110,29110,proposed,0,0,0,0,0,0,0,2607315336866639419,74.686542,6.447583,UNCHECKED
480p,10,val_010.png,853,480,409440,min_tree,8,ref6,2,1,42.350000,29110,29110,29110,proposed,0,0,0,0,0,0,0,2607315336866639419,74.686542,6.447583,UNCHECKED
480p,10,val_010.png,853,480,409440,tree_of_shapes,4/8,ref5_original,0,0,595.999916,64309,64309,64309,proposed,9212,1004,9041,9081,0,0,131,456127718522622792,345.261167,3.823291,UNCHECKED
480p,10,val_010.png,853,480,409440,tree_of_shapes,4/8,proposed,0,1,48.158542,64309,64309,64309,proposed,0,0,0,0,0,0,0,17269570854673184219,345.261167,3.823291,UNCHECKED
480p,10,val_010.png,853,480,409440,tree_of_shapes,4/8,proposed,1,0,47.525500,64309,64309,64309,proposed,0,0,0,0,0,0,0,17269570854673184219,345.261167,3.823291,UNCHECKED
480p,10,val_010.png,853,480,409440,tree_of_shapes,4/8,ref5_original,1,1,587.461375,64309,64309,64309,proposed,9212,1004,9041,9081,0,0,131,456127718522622792,345.261167,3.823291,UNCHECKED
480p,10,val_010.png,853,480,409440,tree_of_shapes,4/8,ref5_original,2,0,588.449709,64309,64309,64309,proposed,9212,1004,9041,9081,0,0,131,456127718522622792,345.261167,3.823291,UNCHECKED
480p,10,val_010.png,853,480,409440,tree_of_shapes,4/8,proposed,2,1,47.605792,64309,64309,64309,proposed,0,0,0,0,0,0,0,17269570854673184219,345.261167,3.823291,UNCHECKED
480p,11,val_011.png,853,480,409440,max_tree,8,proposed,0,0,45.578500,51108,51108,51108,proposed,0,0,0,0,0,0,0,8260638206210863444,72.883708,5.486167,UNCHECKED
480p,11,val_011.png,853,480,409440,max_tree,8,ref6,0,1,40.658833,51108,51108,51108,proposed,0,0,0,0,0,0,0,8260638206210863444,72.883708,5.486167,UNCHECKED
480p,11,val_011.png,853,480,409440,max_tree,8,ref6,1,0,40.050958,51108,51108,51108,proposed,0,0,0,0,0,0,0,8260638206210863444,72.883708,5.486167,UNCHECKED
480p,11,val_011.png,853,480,409440,max_tree,8,proposed,1,1,44.895083,51108,51108,51108,proposed,0,0,0,0,0,0,0,8260638206210863444,72.883708,5.486167,UNCHECKED
480p,11,val_011.png,853,480,409440,max_tree,8,proposed,2,0,44.913625,51108,51108,51108,proposed,0,0,0,0,0,0,0,8260638206210863444,72.883708,5.486167,UNCHECKED
480p,11,val_011.png,853,480,409440,max_tree,8,ref6,2,1,40.797791,51108,51108,51108,proposed,0,0,0,0,0,0,0,8260638206210863444,72.883708,5.486167,UNCHECKED
480p,11,val_011.png,853,480,409440,min_tree,8,ref6,0,0,40.907083,33630,33630,33630,proposed,0,0,0,0,0,0,0,6817946192333751016,72.617083,8.508750,UNCHECKED
480p,11,val_011.png,853,480,409440,min_tree,8,proposed,0,1,44.779416,33630,33630,33630,proposed,0,0,0,0,0,0,0,6817946192333751016,72.617083,8.508750,UNCHECKED
480p,11,val_011.png,853,480,409440,min_tree,8,proposed,1,0,45.079333,33630,33630,33630,proposed,0,0,0,0,0,0,0,6817946192333751016,72.617083,8.508750,UNCHECKED
480p,11,val_011.png,853,480,409440,min_tree,8,ref6,1,1,40.710042,33630,33630,33630,proposed,0,0,0,0,0,0,0,6817946192333751016,72.617083,8.508750,UNCHECKED
480p,11,val_011.png,853,480,409440,min_tree,8,ref6,2,0,41.260167,33630,33630,33630,proposed,0,0,0,0,0,0,0,6817946192333751016,72.617083,8.508750,UNCHECKED
480p,11,val_011.png,853,480,409440,min_tree,8,proposed,2,1,44.095125,33630,33630,33630,proposed,0,0,0,0,0,0,0,6817946192333751016,72.617083,8.508750,UNCHECKED
480p,11,val_011.png,853,480,409440,tree_of_shapes,4/8,proposed,0,0,55.986042,91914,91914,91914,proposed,0,0,0,0,0,0,0,6210232166685860930,374.921709,4.222792,UNCHECKED
480p,11,val_011.png,853,480,409440,tree_of_shapes,4/8,ref5_original,0,1,618.454917,91914,91914,91914,proposed,9044,1147,8870,8898,0,0,259,8472886588349940994,374.921709,4.222792,UNCHECKED
480p,11,val_011.png,853,480,409440,tree_of_shapes,4/8,ref5_original,1,0,621.495042,91914,91914,91914,proposed,9044,1147,8870,8898,0,0,259,8472886588349940994,374.921709,4.222792,UNCHECKED
480p,11,val_011.png,853,480,409440,tree_of_shapes,4/8,proposed,1,1,57.680625,91914,91914,91914,proposed,0,0,0,0,0,0,0,6210232166685860930,374.921709,4.222792,UNCHECKED
480p,11,val_011.png,853,480,409440,tree_of_shapes,4/8,proposed,2,0,58.422958,91914,91914,91914,proposed,0,0,0,0,0,0,0,6210232166685860930,374.921709,4.222792,UNCHECKED
480p,11,val_011.png,853,480,409440,tree_of_shapes,4/8,ref5_original,2,1,618.287417,91914,91914,91914,proposed,9044,1147,8870,8898,0,0,259,8472886588349940994,374.921709,4.222792,UNCHECKED
480p,12,val_012.png,853,480,409440,max_tree,8,ref6,0,0,40.584208,34175,34175,34175,proposed,0,0,0,0,0,0,0,10129089063355445669,71.353292,7.583125,UNCHECKED
480p,12,val_012.png,853,480,409440,max_tree,8,proposed,0,1,42.558250,34175,34175,34175,proposed,0,0,0,0,0,0,0,10129089063355445669,71.353292,7.583125,UNCHECKED
480p,12,val_012.png,853,480,409440,max_tree,8,proposed,1,0,42.361958,34175,34175,34175,proposed,0,0,0,0,0,0,0,10129089063355445669,71.353292,7.583125,UNCHECKED
480p,12,val_012.png,853,480,409440,max_tree,8,ref6,1,1,40.256250,34175,34175,34175,proposed,0,0,0,0,0,0,0,10129089063355445669,71.353292,7.583125,UNCHECKED
480p,12,val_012.png,853,480,409440,max_tree,8,ref6,2,0,40.544708,34175,34175,34175,proposed,0,0,0,0,0,0,0,10129089063355445669,71.353292,7.583125,UNCHECKED
480p,12,val_012.png,853,480,409440,max_tree,8,proposed,2,1,42.372125,34175,34175,34175,proposed,0,0,0,0,0,0,0,10129089063355445669,71.353292,7.583125,UNCHECKED
480p,12,val_012.png,853,480,409440,min_tree,8,proposed,0,0,42.337833,31857,31857,31857,proposed,0,0,0,0,0,0,0,8229470349446130467,100.386500,8.050125,UNCHECKED
480p,12,val_012.png,853,480,409440,min_tree,8,ref6,0,1,40.791375,31857,31857,31857,proposed,0,0,0,0,0,0,0,8229470349446130467,100.386500,8.050125,UNCHECKED
480p,12,val_012.png,853,480,409440,min_tree,8,ref6,1,0,40.416667,31857,31857,31857,proposed,0,0,0,0,0,0,0,8229470349446130467,100.386500,8.050125,UNCHECKED
480p,12,val_012.png,853,480,409440,min_tree,8,proposed,1,1,42.108583,31857,31857,31857,proposed,0,0,0,0,0,0,0,8229470349446130467,100.386500,8.050125,UNCHECKED
480p,12,val_012.png,853,480,409440,min_tree,8,proposed,2,0,42.434792,31857,31857,31857,proposed,0,0,0,0,0,0,0,8229470349446130467,100.386500,8.050125,UNCHECKED
480p,12,val_012.png,853,480,409440,min_tree,8,ref6,2,1,40.547041,31857,31857,31857,proposed,0,0,0,0,0,0,0,8229470349446130467,100.386500,8.050125,UNCHECKED
480p,12,val_012.png,853,480,409440,tree_of_shapes,4/8,ref5_original,0,0,596.911708,68490,68490,68490,proposed,8707,809,8527,8610,0,0,88,5894316984280285189,350.661708,4.651167,UNCHECKED
480p,12,val_012.png,853,480,409440,tree_of_shapes,4/8,proposed,0,1,48.086292,68490,68490,68490,proposed,0,0,0,0,0,0,0,16520808971770653118,350.661708,4.651167,UNCHECKED
480p,12,val_012.png,853,480,409440,tree_of_shapes,4/8,proposed,1,0,47.287542,68490,68490,68490,proposed,0,0,0,0,0,0,0,16520808971770653118,350.661708,4.651167,UNCHECKED
480p,12,val_012.png,853,480,409440,tree_of_shapes,4/8,ref5_original,1,1,603.838000,68490,68490,68490,proposed,8707,809,8527,8610,0,0,88,5894316984280285189,350.661708,4.651167,UNCHECKED
480p,12,val_012.png,853,480,409440,tree_of_shapes,4/8,ref5_original,2,0,598.323250,68490,68490,68490,proposed,8707,809,8527,8610,0,0,88,5894316984280285189,350.661708,4.651167,UNCHECKED
480p,12,val_012.png,853,480,409440,tree_of_shapes,4/8,proposed,2,1,47.185042,68490,68490,68490,proposed,0,0,0,0,0,0,0,16520808971770653118,350.661708,4.651167,UNCHECKED
480p,13,val_013.png,853,480,409440,max_tree,8,proposed,0,0,41.168625,28551,28551,28551,proposed,0,0,0,0,0,0,0,10752333479037720543,68.665333,8.736875,UNCHECKED
480p,13,val_013.png,853,480,409440,max_tree,8,ref6,0,1,41.223583,28551,28551,28551,proposed,0,0,0,0,0,0,0,10752333479037720543,68.665333,8.736875,UNCHECKED
480p,13,val_013.png,853,480,409440,max_tree,8,ref6,1,0,40.868875,28551,28551,28551,proposed,0,0,0,0,0,0,0,10752333479037720543,68.665333,8.736875,UNCHECKED
480p,13,val_013.png,853,480,409440,max_tree,8,proposed,1,1,41.819250,28551,28551,28551,proposed,0,0,0,0,0,0,0,10752333479037720543,68.665333,8.736875,UNCHECKED
480p,13,val_013.png,853,480,409440,max_tree,8,proposed,2,0,41.790083,28551,28551,28551,proposed,0,0,0,0,0,0,0,10752333479037720543,68.665333,8.736875,UNCHECKED
480p,13,val_013.png,853,480,409440,max_tree,8,ref6,2,1,41.002625,28551,28551,28551,proposed,0,0,0,0,0,0,0,10752333479037720543,68.665333,8.736875,UNCHECKED
480p,13,val_013.png,853,480,409440,min_tree,8,ref6,0,0,41.743958,22996,22996,22996,proposed,0,0,0,0,0,0,0,10621165667265660321,69.730500,12.163167,UNCHECKED
480p,13,val_013.png,853,480,409440,min_tree,8,proposed,0,1,41.481458,22996,22996,22996,proposed,0,0,0,0,0,0,0,10621165667265660321,69.730500,12.163167,UNCHECKED
480p,13,val_013.png,853,480,409440,min_tree,8,proposed,1,0,41.887167,22996,22996,22996,proposed,0,0,0,0,0,0,0,10621165667265660321,69.730500,12.163167,UNCHECKED
480p,13,val_013.png,853,480,409440,min_tree,8,ref6,1,1,40.601208,22996,22996,22996,proposed,0,0,0,0,0,0,0,10621165667265660321,69.730500,12.163167,UNCHECKED
480p,13,val_013.png,853,480,409440,min_tree,8,ref6,2,0,40.629000,22996,22996,22996,proposed,0,0,0,0,0,0,0,10621165667265660321,69.730500,12.163167,UNCHECKED
480p,13,val_013.png,853,480,409440,min_tree,8,proposed,2,1,41.605875,22996,22996,22996,proposed,0,0,0,0,0,0,0,10621165667265660321,69.730500,12.163167,UNCHECKED
480p,13,val_013.png,853,480,409440,tree_of_shapes,4/8,proposed,0,0,45.695625,57378,57378,57378,proposed,0,0,0,0,0,0,0,11625383911682126467,342.082292,5.056458,UNCHECKED
480p,13,val_013.png,853,480,409440,tree_of_shapes,4/8,ref5_original,0,1,593.830083,57378,57378,57378,proposed,5218,695,5108,5118,0,0,228,6521507147986312020,342.082292,5.056458,UNCHECKED
480p,13,val_013.png,853,480,409440,tree_of_shapes,4/8,ref5_original,1,0,592.377375,57378,57378,57378,proposed,5218,695,5108,5118,0,0,228,6521507147986312020,342.082292,5.056458,UNCHECKED
480p,13,val_013.png,853,480,409440,tree_of_shapes,4/8,proposed,1,1,46.835875,57378,57378,57378,proposed,0,0,0,0,0,0,0,11625383911682126467,342.082292,5.056458,UNCHECKED
480p,13,val_013.png,853,480,409440,tree_of_shapes,4/8,proposed,2,0,47.053875,57378,57378,57378,proposed,0,0,0,0,0,0,0,11625383911682126467,342.082292,5.056458,UNCHECKED
480p,13,val_013.png,853,480,409440,tree_of_shapes,4/8,ref5_original,2,1,586.754500,57378,57378,57378,proposed,5218,695,5108,5118,0,0,228,6521507147986312020,342.082292,5.056458,UNCHECKED
480p,14,val_014.png,853,480,409440,max_tree,8,ref6,0,0,43.317666,70741,70741,70741,proposed,0,0,0,0,0,0,0,4704812904338952588,78.226291,4.138875,UNCHECKED
480p,14,val_014.png,853,480,409440,max_tree,8,proposed,0,1,46.209334,70741,70741,70741,proposed,0,0,0,0,0,0,0,4704812904338952588,78.226291,4.138875,UNCHECKED
480p,14,val_014.png,853,480,409440,max_tree,8,proposed,1,0,46.339917,70741,70741,70741,proposed,0,0,0,0,0,0,0,4704812904338952588,78.226291,4.138875,UNCHECKED
480p,14,val_014.png,853,480,409440,max_tree,8,ref6,1,1,42.374042,70741,70741,70741,proposed,0,0,0,0,0,0,0,4704812904338952588,78.226291,4.138875,UNCHECKED
480p,14,val_014.png,853,480,409440,max_tree,8,ref6,2,0,41.149209,70741,70741,70741,proposed,0,0,0,0,0,0,0,4704812904338952588,78.226291,4.138875,UNCHECKED
480p,14,val_014.png,853,480,409440,max_tree,8,proposed,2,1,46.307500,70741,70741,70741,proposed,0,0,0,0,0,0,0,4704812904338952588,78.226291,4.138875,UNCHECKED
480p,14,val_014.png,853,480,409440,min_tree,8,proposed,0,0,46.081125,54991,54991,54991,proposed,0,0,0,0,0,0,0,8548635107132376441,79.101375,3.897083,UNCHECKED
480p,14,val_014.png,853,480,409440,min_tree,8,ref6,0,1,42.554334,54991,54991,54991,proposed,0,0,0,0,0,0,0,8548635107132376441,79.101375,3.897083,UNCHECKED
480p,14,val_014.png,853,480,409440,min_tree,8,ref6,1,0,39.818542,54991,54991,54991,proposed,0,0,0,0,0,0,0,8548635107132376441,79.101375,3.897083,UNCHECKED
480p,14,val_014.png,853,480,409440,min_tree,8,proposed,1,1,45.882583,54991,54991,54991,proposed,0,0,0,0,0,0,0,8548635107132376441,79.101375,3.897083,UNCHECKED
480p,14,val_014.png,853,480,409440,min_tree,8,proposed,2,0,45.791625,54991,54991,54991,proposed,0,0,0,0,0,0,0,8548635107132376441,79.101375,3.897083,UNCHECKED
480p,14,val_014.png,853,480,409440,min_tree,8,ref6,2,1,42.911500,54991,54991,54991,proposed,0,0,0,0,0,0,0,8548635107132376441,79.101375,3.897083,UNCHECKED
480p,14,val_014.png,853,480,409440,tree_of_shapes,4/8,ref5_original,0,0,648.486708,136157,136157,136157,proposed,18146,2845,17750,17727,0,0,331,6358105044559438073,414.947542,5.899083,UNCHECKED
480p,14,val_014.png,853,480,409440,tree_of_shapes,4/8,proposed,0,1,68.997084,136157,136157,136157,proposed,0,0,0,0,0,0,0,133342146726823978,414.947542,5.899083,UNCHECKED
480p,14,val_014.png,853,480,409440,tree_of_shapes,4/8,proposed,1,0,69.118458,136157,136157,136157,proposed,0,0,0,0,0,0,0,133342146726823978,414.947542,5.899083,UNCHECKED
480p,14,val_014.png,853,480,409440,tree_of_shapes,4/8,ref5_original,1,1,690.405250,136157,136157,136157,proposed,18146,2845,17750,17727,0,0,331,6358105044559438073,414.947542,5.899083,UNCHECKED
480p,14,val_014.png,853,480,409440,tree_of_shapes,4/8,ref5_original,2,0,644.215583,136157,136157,136157,proposed,18146,2845,17750,17727,0,0,331,6358105044559438073,414.947542,5.899083,UNCHECKED
480p,14,val_014.png,853,480,409440,tree_of_shapes,4/8,proposed,2,1,69.459500,136157,136157,136157,proposed,0,0,0,0,0,0,0,133342146726823978,414.947542,5.899083,UNCHECKED
480p,15,val_015.png,853,480,409440,max_tree,8,proposed,0,0,48.700209,76728,76728,76728,proposed,0,0,0,0,0,0,0,4901532836192434622,79.833417,5.619500,UNCHECKED
480p,15,val_015.png,853,480,409440,max_tree,8,ref6,0,1,43.383584,76728,76728,76728,proposed,0,0,0,0,0,0,0,4901532836192434622,79.833417,5.619500,UNCHECKED
480p,15,val_015.png,853,480,409440,max_tree,8,ref6,1,0,41.755250,76728,76728,76728,proposed,0,0,0,0,0,0,0,4901532836192434622,79.833417,5.619500,UNCHECKED
480p,15,val_015.png,853,480,409440,max_tree,8,proposed,1,1,47.711417,76728,76728,76728,proposed,0,0,0,0,0,0,0,4901532836192434622,79.833417,5.619500,UNCHECKED
480p,15,val_015.png,853,480,409440,max_tree,8,proposed,2,0,47.774209,76728,76728,76728,proposed,0,0,0,0,0,0,0,4901532836192434622,79.833417,5.619500,UNCHECKED
480p,15,val_015.png,853,480,409440,max_tree,8,ref6,2,1,43.381875,76728,76728,76728,proposed,0,0,0,0,0,0,0,4901532836192434622,79.833417,5.619500,UNCHECKED
480p,15,val_015.png,853,480,409440,min_tree,8,ref6,0,0,41.338958,45626,45626,45626,proposed,0,0,0,0,0,0,0,5020166677850211253,78.790250,7.862417,UNCHECKED
480p,15,val_015.png,853,480,409440,min_tree,8,proposed,0,1,46.593916,45626,45626,45626,proposed,0,0,0,0,0,0,0,5020166677850211253,78.790250,7.862417,UNCHECKED
480p,15,val_015.png,853,480,409440,min_tree,8,proposed,1,0,47.447833,45626,45626,45626,proposed,0,0,0,0,0,0,0,5020166677850211253,78.790250,7.862417,UNCHECKED
480p,15,val_015.png,853,480,409440,min_tree,8,ref6,1,1,41.126417,45626,45626,45626,proposed,0,0,0,0,0,0,0,5020166677850211253,78.790250,7.862417,UNCHECKED
480p,15,val_015.png,853,480,409440,min_tree,8,ref6,2,0,40.781000,45626,45626,45626,proposed,0,0,0,0,0,0,0,5020166677850211253,78.790250,7.862417,UNCHECKED
480p,15,val_015.png,853,480,409440,min_tree,8,proposed,2,1,46.446500,45626,45626,45626,proposed,0,0,0,0,0,0,0,5020166677850211253,78.790250,7.862417,UNCHECKED
480p,15,val_015.png,853,480,409440,tree_of_shapes,4/8,proposed,0,0,66.347333,134747,134747,134747,proposed,0,0,0,0,0,0,0,11618656067727227016,402.465875,5.594416,UNCHECKED
480p,15,val_015.png,853,480,409440,tree_of_shapes,4/8,ref5_original,0,1,640.511375,134747,134747,134747,proposed,14639,1832,14375,14321,0,0,203,5418766692665154698,402.465875,5.594416,UNCHECKED
480p,15,val_015.png,853,480,409440,tree_of_shapes,4/8,ref5_original,1,0,644.612875,134747,134747,134747,proposed,14639,1832,14375,14321,0,0,203,5418766692665154698,402.465875,5.594416,UNCHECKED
480p,15,val_015.png,853,480,409440,tree_of_shapes,4/8,proposed,1,1,71.599750,134747,134747,134747,proposed,0,0,0,0,0,0,0,11618656067727227016,402.465875,5.594416,UNCHECKED
480p,15,val_015.png,853,480,409440,tree_of_shapes,4/8,proposed,2,0,67.895542,134747,134747,134747,proposed,0,0,0,0,0,0,0,11618656067727227016,402.465875,5.594416,UNCHECKED
480p,15,val_015.png,853,480,409440,tree_of_shapes,4/8,ref5_original,2,1,636.372500,134747,134747,134747,proposed,14639,1832,14375,14321,0,0,203,5418766692665154698,402.465875,5.594416,UNCHECKED
480p,16,val_016.png,853,480,409440,max_tree,8,ref6,0,0,40.173750,19564,19564,19564,proposed,0,0,0,0,0,0,0,5250828217286789495,66.059416,11.353292,UNCHECKED
480p,16,val_016.png,853,480,409440,max_tree,8,proposed,0,1,39.487917,19564,19564,19564,proposed,0,0,0,0,0,0,0,5250828217286789495,66.059416,11.353292,UNCHECKED
480p,16,val_016.png,853,480,409440,max_tree,8,proposed,1,0,39.849375,19564,19564,19564,proposed,0,0,0,0,0,0,0,5250828217286789495,66.059416,11.353292,UNCHECKED
480p,16,val_016.png,853,480,409440,max_tree,8,ref6,1,1,41.283250,19564,19564,19564,proposed,0,0,0,0,0,0,0,5250828217286789495,66.059416,11.353292,UNCHECKED
480p,16,val_016.png,853,480,409440,max_tree,8,ref6,2,0,40.704042,19564,19564,19564,proposed,0,0,0,0,0,0,0,5250828217286789495,66.059416,11.353292,UNCHECKED
480p,16,val_016.png,853,480,409440,max_tree,8,proposed,2,1,39.317334,19564,19564,19564,proposed,0,0,0,0,0,0,0,5250828217286789495,66.059416,11.353292,UNCHECKED
480p,16,val_016.png,853,480,409440,min_tree,8,proposed,0,0,39.759500,17565,17565,17565,proposed,0,0,0,0,0,0,0,10449606361962281894,68.099042,9.154458,UNCHECKED
480p,16,val_016.png,853,480,409440,min_tree,8,ref6,0,1,41.903542,17565,17565,17565,proposed,0,0,0,0,0,0,0,10449606361962281894,68.099042,9.154458,UNCHECKED
480p,16,val_016.png,853,480,409440,min_tree,8,ref6,1,0,41.340791,17565,17565,17565,proposed,0,0,0,0,0,0,0,10449606361962281894,68.099042,9.154458,UNCHECKED
480p,16,val_016.png,853,480,409440,min_tree,8,proposed,1,1,39.158125,17565,17565,17565,proposed,0,0,0,0,0,0,0,10449606361962281894,68.099042,9.154458,UNCHECKED
480p,16,val_016.png,853,480,409440,min_tree,8,proposed,2,0,39.572292,17565,17565,17565,proposed,0,0,0,0,0,0,0,10449606361962281894,68.099042,9.154458,UNCHECKED
480p,16,val_016.png,853,480,409440,min_tree,8,ref6,2,1,42.259500,17565,17565,17565,proposed,0,0,0,0,0,0,0,10449606361962281894,68.099042,9.154458,UNCHECKED
480p,16,val_016.png,853,480,409440,tree_of_shapes,4/8,ref5_original,0,0,579.207083,41098,41098,41098,proposed,4278,602,4192,4213,0,0,111,104267159340276637,331.415083,7.679000,UNCHECKED
480p,16,val_016.png,853,480,409440,tree_of_shapes,4/8,proposed,0,1,43.816500,41098,41098,41098,proposed,0,0,0,0,0,0,0,1950563891887965846,331.415083,7.679000,UNCHECKED
480p,16,val_016.png,853,480,409440,tree_of_shapes,4/8,proposed,1,0,43.040625,41098,41098,41098,proposed,0,0,0,0,0,0,0,1950563891887965846,331.415083,7.679000,UNCHECKED
480p,16,val_016.png,853,480,409440,tree_of_shapes,4/8,ref5_original,1,1,576.407250,41098,41098,41098,proposed,4278,602,4192,4213,0,0,111,104267159340276637,331.415083,7.679000,UNCHECKED
480p,16,val_016.png,853,480,409440,tree_of_shapes,4/8,ref5_original,2,0,573.498125,41098,41098,41098,proposed,4278,602,4192,4213,0,0,111,104267159340276637,331.415083,7.679000,UNCHECKED
480p,16,val_016.png,853,480,409440,tree_of_shapes,4/8,proposed,2,1,44.417625,41098,41098,41098,proposed,0,0,0,0,0,0,0,1950563891887965846,331.415083,7.679000,UNCHECKED
480p,17,val_017.png,853,480,409440,max_tree,8,proposed,0,0,43.512375,36047,36047,36047,proposed,0,0,0,0,0,0,0,8194321564588702808,71.310042,7.382750,UNCHECKED
480p,17,val_017.png,853,480,409440,max_tree,8,ref6,0,1,39.240542,36047,36047,36047,proposed,0,0,0,0,0,0,0,8194321564588702808,71.310042,7.382750,UNCHECKED
480p,17,val_017.png,853,480,409440,max_tree,8,ref6,1,0,40.889333,36047,36047,36047,proposed,0,0,0,0,0,0,0,8194321564588702808,71.310042,7.382750,UNCHECKED
480p,17,val_017.png,853,480,409440,max_tree,8,proposed,1,1,43.915500,36047,36047,36047,proposed,0,0,0,0,0,0,0,8194321564588702808,71.310042,7.382750,UNCHECKED
480p,17,val_017.png,853,480,409440,max_tree,8,proposed,2,0,43.530958,36047,36047,36047,proposed,0,0,0,0,0,0,0,8194321564588702808,71.310042,7.382750,UNCHECKED
480p,17,val_017.png,853,480,409440,max_tree,8,ref6,2,1,40.104041,36047,36047,36047,proposed,0,0,0,0,0,0,0,8194321564588702808,71.310042,7.382750,UNCHECKED
480p,17,val_017.png,853,480,409440,min_tree,8,ref6,0,0,40.251125,25198,25198,25198,proposed,0,0,0,0,0,0,0,1168001031058273070,70.481584,9.180167,UNCHECKED
480p,17,val_017.png,853,480,409440,min_tree,8,proposed,0,1,42.632375,25198,25198,25198,proposed,0,0,0,0,0,0,0,1168001031058273070,70.481584,9.180167,UNCHECKED
480p,17,val_017.png,853,480,409440,min_tree,8,proposed,1,0,43.078125,25198,25198,25198,proposed,0,0,0,0,0,0,0,1168001031058273070,70.481584,9.180167,UNCHECKED
480p,17,val_017.png,853,480,409440,min_tree,8,ref6,1,1,40.860084,25198,25198,25198,proposed,0,0,0,0,0,0,0,1168001031058273070,70.481584,9.180167,UNCHECKED
480p,17,val_017.png,853,480,409440,min_tree,8,ref6,2,0,40.084292,25198,25198,25198,proposed,0,0,0,0,0,0,0,1168001031058273070,70.481584,9.180167,UNCHECKED
480p,17,val_017.png,853,480,409440,min_tree,8,proposed,2,1,49.944291,25198,25198,25198,proposed,0,0,0,0,0,0,0,1168001031058273070,70.481584,9.180167,UNCHECKED
480p,17,val_017.png,853,480,409440,tree_of_shapes,4/8,proposed,0,0,50.217625,65171,65171,65171,proposed,0,0,0,0,0,0,0,9482884809925401108,373.264916,4.991667,UNCHECKED
480p,17,val_017.png,853,480,409440,tree_of_shapes,4/8,ref5_original,0,1,605.425750,65171,65171,65171,proposed,6668,591,6597,6587,0,0,104,2882035127137641632,373.264916,4.991667,UNCHECKED
480p,17,val_017.png,853,480,409440,tree_of_shapes,4/8,ref5_original,1,0,610.611041,65171,65171,65171,proposed,6668,591,6597,6587,0,0,104,2882035127137641632,373.264916,4.991667,UNCHECKED
480p,17,val_017.png,853,480,409440,tree_of_shapes,4/8,proposed,1,1,52.894708,65171,65171,65171,proposed,0,0,0,0,0,0,0,9482884809925401108,373.264916,4.991667,UNCHECKED
480p,17,val_017.png,853,480,409440,tree_of_shapes,4/8,proposed,2,0,51.643208,65171,65171,65171,proposed,0,0,0,0,0,0,0,9482884809925401108,373.264916,4.991667,UNCHECKED
480p,17,val_017.png,853,480,409440,tree_of_shapes,4/8,ref5_original,2,1,602.869083,65171,65171,65171,proposed,6668,591,6597,6587,0,0,104,2882035127137641632,373.264916,4.991667,UNCHECKED
480p,18,val_018.png,853,480,409440,max_tree,8,ref6,0,0,41.546500,23121,23121,23121,proposed,0,0,0,0,0,0,0,14239986877442327923,69.729583,12.240834,UNCHECKED
480p,18,val_018.png,853,480,409440,max_tree,8,proposed,0,1,42.745375,23121,23121,23121,proposed,0,0,0,0,0,0,0,14239986877442327923,69.729583,12.240834,UNCHECKED
480p,18,val_018.png,853,480,409440,max_tree,8,proposed,1,0,42.862584,23121,23121,23121,proposed,0,0,0,0,0,0,0,14239986877442327923,69.729583,12.240834,UNCHECKED
480p,18,val_018.png,853,480,409440,max_tree,8,ref6,1,1,42.102667,23121,23121,23121,proposed,0,0,0,0,0,0,0,14239986877442327923,69.729583,12.240834,UNCHECKED
480p,18,val_018.png,853,480,409440,max_tree,8,ref6,2,0,41.187792,23121,23121,23121,proposed,0,0,0,0,0,0,0,14239986877442327923,69.729583,12.240834,UNCHECKED
480p,18,val_018.png,853,480,409440,max_tree,8,proposed,2,1,43.483500,23121,23121,23121,proposed,0,0,0,0,0,0,0,14239986877442327923,69.729583,12.240834,UNCHECKED
480p,18,val_018.png,853,480,409440,min_tree,8,proposed,0,0,42.585042,18775,18775,18775,proposed,0,0,0,0,0,0,0,3548063014261787309,72.856916,13.076917,UNCHECKED
480p,18,val_018.png,853,480,409440,min_tree,8,ref6,0,1,41.655417,18775,18775,18775,proposed,0,0,0,0,0,0,0,3548063014261787309,72.856916,13.076917,UNCHECKED
480p,18,val_018.png,853,480,409440,min_tree,8,ref6,1,0,40.448458,18775,18775,18775,proposed,0,0,0,0,0,0,0,3548063014261787309,72.856916,13.076917,UNCHECKED
480p,18,val_018.png,853,480,409440,min_tree,8,proposed,1,1,42.713792,18775,18775,18775,proposed,0,0,0,0,0,0,0,3548063014261787309,72.856916,13.076917,UNCHECKED
480p,18,val_018.png,853,480,409440,min_tree,8,proposed,2,0,42.682500,18775,18775,18775,proposed,0,0,0,0,0,0,0,3548063014261787309,72.856916,13.076917,UNCHECKED
480p,18,val_018.png,853,480,409440,min_tree,8,ref6,2,1,41.166583,18775,18775,18775,proposed,0,0,0,0,0,0,0,3548063014261787309,72.856916,13.076917,UNCHECKED
480p,18,val_018.png,853,480,409440,tree_of_shapes,4/8,ref5_original,0,0,598.285875,45350,45350,45350,proposed,4081,453,4002,4029,0,0,116,2391393576235383402,348.381541,6.159209,UNCHECKED
480p,18,val_018.png,853,480,409440,tree_of_shapes,4/8,proposed,0,1,46.724000,45350,45350,45350,proposed,0,0,0,0,0,0,0,10504796994303076578,348.381541,6.159209,UNCHECKED
480p,18,val_018.png,853,480,409440,tree_of_shapes,4/8,proposed,1,0,46.036625,45350,45350,45350,proposed,0,0,0,0,0,0,0,10504796994303076578,348.381541,6.159209,UNCHECKED
480p,18,val_018.png,853,480,409440,tree_of_shapes,4/8,ref5_original,1,1,598.753083,45350,45350,45350,proposed,4081,453,4002,4029,0,0,116,2391393576235383402,348.381541,6.159209,UNCHECKED
480p,18,val_018.png,853,480,409440,tree_of_shapes,4/8,ref5_original,2,0,596.568333,45350,45350,45350,proposed,4081,453,4002,4029,0,0,116,2391393576235383402,348.381541,6.159209,UNCHECKED
480p,18,val_018.png,853,480,409440,tree_of_shapes,4/8,proposed,2,1,45.650959,45350,45350,45350,proposed,0,0,0,0,0,0,0,10504796994303076578,348.381541,6.159209,UNCHECKED
480p,19,val_019.png,853,480,409440,max_tree,8,proposed,0,0,44.626500,46148,46148,46148,proposed,0,0,0,0,0,0,0,4590520719751015438,76.113750,4.607083,UNCHECKED
480p,19,val_019.png,853,480,409440,max_tree,8,ref6,0,1,41.620917,46148,46148,46148,proposed,0,0,0,0,0,0,0,4590520719751015438,76.113750,4.607083,UNCHECKED
480p,19,val_019.png,853,480,409440,max_tree,8,ref6,1,0,41.647625,46148,46148,46148,proposed,0,0,0,0,0,0,0,4590520719751015438,76.113750,4.607083,UNCHECKED
480p,19,val_019.png,853,480,409440,max_tree,8,proposed,1,1,44.198708,46148,46148,46148,proposed,0,0,0,0,0,0,0,4590520719751015438,76.113750,4.607083,UNCHECKED
480p,19,val_019.png,853,480,409440,max_tree,8,proposed,2,0,44.778542,46148,46148,46148,proposed,0,0,0,0,0,0,0,4590520719751015438,76.113750,4.607083,UNCHECKED
480p,19,val_019.png,853,480,409440,max_tree,8,ref6,2,1,41.205125,46148,46148,46148,proposed,0,0,0,0,0,0,0,4590520719751015438,76.113750,4.607083,UNCHECKED
480p,19,val_019.png,853,480,409440,min_tree,8,ref6,0,0,39.734792,42671,42671,42671,proposed,0,0,0,0,0,0,0,9439753831727012340,73.674333,5.267584,UNCHECKED
480p,19,val_019.png,853,480,409440,min_tree,8,proposed,0,1,44.549125,42671,42671,42671,proposed,0,0,0,0,0,0,0,9439753831727012340,73.674333,5.267584,UNCHECKED
480p,19,val_019.png,853,480,409440,min_tree,8,proposed,1,0,44.744292,42671,42671,42671,proposed,0,0,0,0,0,0,0,9439753831727012340,73.674333,5.267584,UNCHECKED
480p,19,val_019.png,853,480,409440,min_tree,8,ref6,1,1,40.057125,42671,42671,42671,proposed,0,0,0,0,0,0,0,9439753831727012340,73.674333,5.267584,UNCHECKED
480p,19,val_019.png,853,480,409440,min_tree,8,ref6,2,0,40.451208,42671,42671,42671,proposed,0,0,0,0,0,0,0,9439753831727012340,73.674333,5.267584,UNCHECKED
480p,19,val_019.png,853,480,409440,min_tree,8,proposed,2,1,44.924875,42671,42671,42671,proposed,0,0,0,0,0,0,0,9439753831727012340,73.674333,5.267584,UNCHECKED
480p,19,val_019.png,853,480,409440,tree_of_shapes,4/8,proposed,0,0,57.634417,95739,95739,95739,proposed,0,0,0,0,0,0,0,18261412406497235101,405.379917,4.381750,UNCHECKED
480p,19,val_019.png,853,480,409440,tree_of_shapes,4/8,ref5_original,0,1,628.480833,95739,95739,95739,proposed,11321,1500,11157,11154,0,0,104,8370075956266563254,405.379917,4.381750,UNCHECKED
480p,19,val_019.png,853,480,409440,tree_of_shapes,4/8,ref5_original,1,0,622.598458,95739,95739,95739,proposed,11321,1500,11157,11154,0,0,104,8370075956266563254,405.379917,4.381750,UNCHECKED
480p,19,val_019.png,853,480,409440,tree_of_shapes,4/8,proposed,1,1,57.397000,95739,95739,95739,proposed,0,0,0,0,0,0,0,18261412406497235101,405.379917,4.381750,UNCHECKED
480p,19,val_019.png,853,480,409440,tree_of_shapes,4/8,proposed,2,0,55.874542,95739,95739,95739,proposed,0,0,0,0,0,0,0,18261412406497235101,405.379917,4.381750,UNCHECKED
480p,19,val_019.png,853,480,409440,tree_of_shapes,4/8,ref5_original,2,1,621.176417,95739,95739,95739,proposed,11321,1500,11157,11154,0,0,104,8370075956266563254,405.379917,4.381750,UNCHECKED
480p,20,val_020.png,853,480,409440,max_tree,8,ref6,0,0,41.661625,43420,43420,43420,proposed,0,0,0,0,0,0,0,10644677671729334546,71.242459,5.567917,UNCHECKED
480p,20,val_020.png,853,480,409440,max_tree,8,proposed,0,1,42.955583,43420,43420,43420,proposed,0,0,0,0,0,0,0,10644677671729334546,71.242459,5.567917,UNCHECKED
480p,20,val_020.png,853,480,409440,max_tree,8,proposed,1,0,42.933916,43420,43420,43420,proposed,0,0,0,0,0,0,0,10644677671729334546,71.242459,5.567917,UNCHECKED
480p,20,val_020.png,853,480,409440,max_tree,8,ref6,1,1,42.039042,43420,43420,43420,proposed,0,0,0,0,0,0,0,10644677671729334546,71.242459,5.567917,UNCHECKED
480p,20,val_020.png,853,480,409440,max_tree,8,ref6,2,0,41.703459,43420,43420,43420,proposed,0,0,0,0,0,0,0,10644677671729334546,71.242459,5.567917,UNCHECKED
480p,20,val_020.png,853,480,409440,max_tree,8,proposed,2,1,42.718750,43420,43420,43420,proposed,0,0,0,0,0,0,0,10644677671729334546,71.242459,5.567917,UNCHECKED
480p,20,val_020.png,853,480,409440,min_tree,8,proposed,0,0,41.926000,35193,35193,35193,proposed,0,0,0,0,0,0,0,1624311513992688588,72.231500,6.402917,UNCHECKED
480p,20,val_020.png,853,480,409440,min_tree,8,ref6,0,1,41.488833,35193,35193,35193,proposed,0,0,0,0,0,0,0,1624311513992688588,72.231500,6.402917,UNCHECKED
480p,20,val_020.png,853,480,409440,min_tree,8,ref6,1,0,41.171708,35193,35193,35193,proposed,0,0,0,0,0,0,0,1624311513992688588,72.231500,6.402917,UNCHECKED
480p,20,val_020.png,853,480,409440,min_tree,8,proposed,1,1,41.934375,35193,35193,35193,proposed,0,0,0,0,0,0,0,1624311513992688588,72.231500,6.402917,UNCHECKED
480p,20,val_020.png,853,480,409440,min_tree,8,proposed,2,0,41.858792,35193,35193,35193,proposed,0,0,0,0,0,0,0,1624311513992688588,72.231500,6.402917,UNCHECKED
480p,20,val_020.png,853,480,409440,min_tree,8,ref6,2,1,41.559875,35193,35193,35193,proposed,0,0,0,0,0,0,0,1624311513992688588,72.231500,6.402917,UNCHECKED
480p,20,val_020.png,853,480,409440,tree_of_shapes,4/8,ref5_original,0,0,611.367250,86895,86895,86895,proposed,10698,2034,10463,10474,0,0,249,999230836267298229,372.864042,4.613792,UNCHECKED
480p,20,val_020.png,853,480,409440,tree_of_shapes,4/8,proposed,0,1,53.404959,86895,86895,86895,proposed,0,0,0,0,0,0,0,1032772869092791534,372.864042,4.613792,UNCHECKED
480p,20,val_020.png,853,480,409440,tree_of_shapes,4/8,proposed,1,0,52.823042,86895,86895,86895,proposed,0,0,0,0,0,0,0,1032772869092791534,372.864042,4.613792,UNCHECKED
480p,20,val_020.png,853,480,409440,tree_of_shapes,4/8,ref5_original,1,1,605.980042,86895,86895,86895,proposed,10698,2034,10463,10474,0,0,249,999230836267298229,372.864042,4.613792,UNCHECKED
480p,20,val_020.png,853,480,409440,tree_of_shapes,4/8,ref5_original,2,0,602.928667,86895,86895,86895,proposed,10698,2034,10463,10474,0,0,249,999230836267298229,372.864042,4.613792,UNCHECKED
480p,20,val_020.png,853,480,409440,tree_of_shapes,4/8,proposed,2,1,53.138750,86895,86895,86895,proposed,0,0,0,0,0,0,0,1032772869092791534,372.864042,4.613792,UNCHECKED
480p,21,val_021.png,853,480,409440,max_tree,8,proposed,0,0,43.759416,54162,54162,54162,proposed,0,0,0,0,0,0,0,2367248513960296591,74.387750,6.097833,UNCHECKED
480p,21,val_021.png,853,480,409440,max_tree,8,ref6,0,1,41.432125,54162,54162,54162,proposed,0,0,0,0,0,0,0,2367248513960296591,74.387750,6.097833,UNCHECKED
480p,21,val_021.png,853,480,409440,max_tree,8,ref6,1,0,41.280583,54162,54162,54162,proposed,0,0,0,0,0,0,0,2367248513960296591,74.387750,6.097833,UNCHECKED
480p,21,val_021.png,853,480,409440,max_tree,8,proposed,1,1,44.188292,54162,54162,54162,proposed,0,0,0,0,0,0,0,2367248513960296591,74.387750,6.097833,UNCHECKED
480p,21,val_021.png,853,480,409440,max_tree,8,proposed,2,0,44.028417,54162,54162,54162,proposed,0,0,0,0,0,0,0,2367248513960296591,74.387750,6.097833,UNCHECKED
480p,21,val_021.png,853,480,409440,max_tree,8,ref6,2,1,40.855708,54162,54162,54162,proposed,0,0,0,0,0,0,0,2367248513960296591,74.387750,6.097833,UNCHECKED
480p,21,val_021.png,853,480,409440,min_tree,8,ref6,0,0,40.400042,36254,36254,36254,proposed,0,0,0,0,0,0,0,8203987249787237856,73.631000,5.938792,UNCHECKED
480p,21,val_021.png,853,480,409440,min_tree,8,proposed,0,1,43.184500,36254,36254,36254,proposed,0,0,0,0,0,0,0,8203987249787237856,73.631000,5.938792,UNCHECKED
480p,21,val_021.png,853,480,409440,min_tree,8,proposed,1,0,43.494250,36254,36254,36254,proposed,0,0,0,0,0,0,0,8203987249787237856,73.631000,5.938792,UNCHECKED
480p,21,val_021.png,853,480,409440,min_tree,8,ref6,1,1,40.099583,36254,36254,36254,proposed,0,0,0,0,0,0,0,8203987249787237856,73.631000,5.938792,UNCHECKED
480p,21,val_021.png,853,480,409440,min_tree,8,ref6,2,0,39.835000,36254,36254,36254,proposed,0,0,0,0,0,0,0,8203987249787237856,73.631000,5.938792,UNCHECKED
480p,21,val_021.png,853,480,409440,min_tree,8,proposed,2,1,43.318250,36254,36254,36254,proposed,0,0,0,0,0,0,0,8203987249787237856,73.631000,5.938792,UNCHECKED
480p,21,val_021.png,853,480,409440,tree_of_shapes,4/8,proposed,0,0,55.081833,96166,96166,96166,proposed,0,0,0,0,0,0,0,18233276762298332777,375.407625,5.306208,UNCHECKED
480p,21,val_021.png,853,480,409440,tree_of_shapes,4/8,ref5_original,0,1,625.564708,96166,96166,96166,proposed,9710,852,9602,9595,0,0,77,3707418138564442248,375.407625,5.306208,UNCHECKED
480p,21,val_021.png,853,480,409440,tree_of_shapes,4/8,ref5_original,1,0,620.817083,96166,96166,96166,proposed,9710,852,9602,9595,0,0,77,3707418138564442248,375.407625,5.306208,UNCHECKED
480p,21,val_021.png,853,480,409440,tree_of_shapes,4/8,proposed,1,1,55.185750,96166,96166,96166,proposed,0,0,0,0,0,0,0,18233276762298332777,375.407625,5.306208,UNCHECKED
480p,21,val_021.png,853,480,409440,tree_of_shapes,4/8,proposed,2,0,55.351167,96166,96166,96166,proposed,0,0,0,0,0,0,0,18233276762298332777,375.407625,5.306208,UNCHECKED
480p,21,val_021.png,853,480,409440,tree_of_shapes,4/8,ref5_original,2,1,629.829458,96166,96166,96166,proposed,9710,852,9602,9595,0,0,77,3707418138564442248,375.407625,5.306208,UNCHECKED
480p,22,val_022.png,853,480,409440,max_tree,8,ref6,0,0,40.836833,51348,51348,51348,proposed,0,0,0,0,0,0,0,10559529858313206942,74.851500,4.808083,UNCHECKED
480p,22,val_022.png,853,480,409440,max_tree,8,proposed,0,1,44.759458,51348,51348,51348,proposed,0,0,0,0,0,0,0,10559529858313206942,74.851500,4.808083,UNCHECKED
480p,22,val_022.png,853,480,409440,max_tree,8,proposed,1,0,44.718333,51348,51348,51348,proposed,0,0,0,0,0,0,0,10559529858313206942,74.851500,4.808083,UNCHECKED
480p,22,val_022.png,853,480,409440,max_tree,8,ref6,1,1,41.734167,51348,51348,51348,proposed,0,0,0,0,0,0,0,10559529858313206942,74.851500,4.808083,UNCHECKED
480p,22,val_022.png,853,480,409440,max_tree,8,ref6,2,0,41.699625,51348,51348,51348,proposed,0,0,0,0,0,0,0,10559529858313206942,74.851500,4.808083,UNCHECKED
480p,22,val_022.png,853,480,409440,max_tree,8,proposed,2,1,44.573125,51348,51348,51348,proposed,0,0,0,0,0,0,0,10559529858313206942,74.851500,4.808083,UNCHECKED
480p,22,val_022.png,853,480,409440,min_tree,8,proposed,0,0,44.959791,45064,45064,45064,proposed,0,0,0,0,0,0,0,1330914637093900745,75.154791,4.198875,UNCHECKED
480p,22,val_022.png,853,480,409440,min_tree,8,ref6,0,1,42.069959,45064,45064,45064,proposed,0,0,0,0,0,0,0,1330914637093900745,75.154791,4.198875,UNCHECKED
480p,22,val_022.png,853,480,409440,min_tree,8,ref6,1,0,40.758125,45064,45064,45064,proposed,0,0,0,0,0,0,0,1330914637093900745,75.154791,4.198875,UNCHECKED
480p,22,val_022.png,853,480,409440,min_tree,8,proposed,1,1,44.682209,45064,45064,45064,proposed,0,0,0,0,0,0,0,1330914637093900745,75.154791,4.198875,UNCHECKED
480p,22,val_022.png,853,480,409440,min_tree,8,proposed,2,0,44.219834,45064,45064,45064,proposed,0,0,0,0,0,0,0,1330914637093900745,75.154791,4.198875,UNCHECKED
480p,22,val_022.png,853,480,409440,min_tree,8,ref6,2,1,41.259292,45064,45064,45064,proposed,0,0,0,0,0,0,0,1330914637093900745,75.154791,4.198875,UNCHECKED
480p,22,val_022.png,853,480,409440,tree_of_shapes,4/8,ref5_original,0,0,634.559750,108261,108261,108261,proposed,13855,3102,13450,13373,0,0,275,2871522603236234239,389.704208,5.278500,UNCHECKED
480p,22,val_022.png,853,480,409440,tree_of_shapes,4/8,proposed,0,1,62.260292,108261,108261,108261,proposed,0,0,0,0,0,0,0,15164908162596458355,389.704208,5.278500,UNCHECKED
480p,22,val_022.png,853,480,409440,tree_of_shapes,4/8,proposed,1,0,62.303875,108261,108261,108261,proposed,0,0,0,0,0,0,0,15164908162596458355,389.704208,5.278500,UNCHECKED
480p,22,val_022.png,853,480,409440,tree_of_shapes,4/8,ref5_original,1,1,634.586000,108261,108261,108261,proposed,13855,3102,13450,13373,0,0,275,2871522603236234239,389.704208,5.278500,UNCHECKED
480p,22,val_022.png,853,480,409440,tree_of_shapes,4/8,ref5_original,2,0,636.169375,108261,108261,108261,proposed,13855,3102,13450,13373,0,0,275,2871522603236234239,389.704208,5.278500,UNCHECKED
480p,22,val_022.png,853,480,409440,tree_of_shapes,4/8,proposed,2,1,61.760625,108261,108261,108261,proposed,0,0,0,0,0,0,0,15164908162596458355,389.704208,5.278500,UNCHECKED
480p,23,val_023.png,853,480,409440,max_tree,8,proposed,0,0,43.137959,52030,52030,52030,proposed,0,0,0,0,0,0,0,12644028620336247903,74.584417,5.085208,UNCHECKED
480p,23,val_023.png,853,480,409440,max_tree,8,ref6,0,1,41.886459,52030,52030,52030,proposed,0,0,0,0,0,0,0,12644028620336247903,74.584417,5.085208,UNCHECKED
480p,23,val_023.png,853,480,409440,max_tree,8,ref6,1,0,42.621750,52030,52030,52030,proposed,0,0,0,0,0,0,0,12644028620336247903,74.584417,5.085208,UNCHECKED
480p,23,val_023.png,853,480,409440,max_tree,8,proposed,1,1,43.743291,52030,52030,52030,proposed,0,0,0,0,0,0,0,12644028620336247903,74.584417,5.085208,UNCHECKED
480p,23,val_023.png,853,480,409440,max_tree,8,proposed,2,0,43.717250,52030,52030,52030,proposed,0,0,0,0,0,0,0,12644028620336247903,74.584417,5.085208,UNCHECKED
480p,23,val_023.png,853,480,409440,max_tree,8,ref6,2,1,41.453459,52030,52030,52030,proposed,0,0,0,0,0,0,0,12644028620336247903,74.584417,5.085208,UNCHECKED
480p,23,val_023.png,853,480,409440,min_tree,8,ref6,0,0,42.230000,44960,44960,44960,proposed,0,0,0,0,0,0,0,5505728818513779872,76.246750,5.592416,UNCHECKED
480p,23,val_023.png,853,480,409440,min_tree,8,proposed,0,1,43.128833,44960,44960,44960,proposed,0,0,0,0,0,0,0,5505728818513779872,76.246750,5.592416,UNCHECKED
480p,23,val_023.png,853,480,409440,min_tree,8,proposed,1,0,43.920833,44960,44960,44960,proposed,0,0,0,0,0,0,0,5505728818513779872,76.246750,5.592416,UNCHECKED
480p,23,val_023.png,853,480,409440,min_tree,8,ref6,1,1,41.681416,44960,44960,44960,proposed,0,0,0,0,0,0,0,5505728818513779872,76.246750,5.592416,UNCHECKED
480p,23,val_023.png,853,480,409440,min_tree,8,ref6,2,0,42.166084,44960,44960,44960,proposed,0,0,0,0,0,0,0,5505728818513779872,76.246750,5.592416,UNCHECKED
480p,23,val_023.png,853,480,409440,min_tree,8,proposed,2,1,44.793959,44960,44960,44960,proposed,0,0,0,0,0,0,0,5505728818513779872,76.246750,5.592416,UNCHECKED
480p,23,val_023.png,853,480,409440,tree_of_shapes,4/8,proposed,0,0,58.474250,105710,105710,105710,proposed,0,0,0,0,0,0,0,7046419704018561423,429.923292,5.391583,UNCHECKED
480p,23,val_023.png,853,480,409440,tree_of_shapes,4/8,ref5_original,0,1,630.045167,105710,105710,105710,proposed,14864,2234,14620,14584,0,0,190,15970932699540396701,429.923292,5.391583,UNCHECKED
480p,23,val_023.png,853,480,409440,tree_of_shapes,4/8,ref5_original,1,0,651.279083,105710,105710,105710,proposed,14864,2234,14620,14584,0,0,190,15970932699540396701,429.923292,5.391583,UNCHECKED
480p,23,val_023.png,853,480,409440,tree_of_shapes,4/8,proposed,1,1,58.073250,105710,105710,105710,proposed,0,0,0,0,0,0,0,7046419704018561423,429.923292,5.391583,UNCHECKED
480p,23,val_023.png,853,480,409440,tree_of_shapes,4/8,proposed,2,0,57.633750,105710,105710,105710,proposed,0,0,0,0,0,0,0,7046419704018561423,429.923292,5.391583,UNCHECKED
480p,23,val_023.png,853,480,409440,tree_of_shapes,4/8,ref5_original,2,1,617.822084,105710,105710,105710,proposed,14864,2234,14620,14584,0,0,190,15970932699540396701,429.923292,5.391583,UNCHECKED
480p,24,val_024.png,853,480,409440,max_tree,8,ref6,0,0,40.705834,32123,32123,32123,proposed,0,0,0,0,0,0,0,10860064597227270775,71.052333,8.526000,UNCHECKED
480p,24,val_024.png,853,480,409440,max_tree,8,proposed,0,1,42.745291,32123,32123,32123,proposed,0,0,0,0,0,0,0,10860064597227270775,71.052333,8.526000,UNCHECKED
480p,24,val_024.png,853,480,409440,max_tree,8,proposed,1,0,42.899917,32123,32123,32123,proposed,0,0,0,0,0,0,0,10860064597227270775,71.052333,8.526000,UNCHECKED
480p,24,val_024.png,853,480,409440,max_tree,8,ref6,1,1,40.962875,32123,32123,32123,proposed,0,0,0,0,0,0,0,10860064597227270775,71.052333,8.526000,UNCHECKED
480p,24,val_024.png,853,480,409440,max_tree,8,ref6,2,0,40.673833,32123,32123,32123,proposed,0,0,0,0,0,0,0,10860064597227270775,71.052333,8.526000,UNCHECKED
480p,24,val_024.png,853,480,409440,max_tree,8,proposed,2,1,42.659375,32123,32123,32123,proposed,0,0,0,0,0,0,0,10860064597227270775,71.052333,8.526000,UNCHECKED
480p,24,val_024.png,853,480,409440,min_tree,8,proposed,0,0,42.524167,22187,22187,22187,proposed,0,0,0,0,0,0,0,10009737552385659335,70.008167,12.087625,UNCHECKED
480p,24,val_024.png,853,480,409440,min_tree,8,ref6,0,1,40.621500,22187,22187,22187,proposed,0,0,0,0,0,0,0,10009737552385659335,70.008167,12.087625,UNCHECKED
480p,24,val_024.png,853,480,409440,min_tree,8,ref6,1,0,41.104417,22187,22187,22187,proposed,0,0,0,0,0,0,0,10009737552385659335,70.008167,12.087625,UNCHECKED
480p,24,val_024.png,853,480,409440,min_tree,8,proposed,1,1,42.526791,22187,22187,22187,proposed,0,0,0,0,0,0,0,10009737552385659335,70.008167,12.087625,UNCHECKED
480p,24,val_024.png,853,480,409440,min_tree,8,proposed,2,0,42.833208,22187,22187,22187,proposed,0,0,0,0,0,0,0,10009737552385659335,70.008167,12.087625,UNCHECKED
480p,24,val_024.png,853,480,409440,min_tree,8,ref6,2,1,40.827416,22187,22187,22187,proposed,0,0,0,0,0,0,0,10009737552385659335,70.008167,12.087625,UNCHECKED
480p,24,val_024.png,853,480,409440,tree_of_shapes,4/8,ref5_original,0,0,603.238542,57965,57965,57965,proposed,5312,679,5231,5228,0,0,104,11549689685772544030,365.885083,5.147834,UNCHECKED
480p,24,val_024.png,853,480,409440,tree_of_shapes,4/8,proposed,0,1,55.610500,57965,57965,57965,proposed,0,0,0,0,0,0,0,5904579405291357434,365.885083,5.147834,UNCHECKED
480p,24,val_024.png,853,480,409440,tree_of_shapes,4/8,proposed,1,0,50.516833,57965,57965,57965,proposed,0,0,0,0,0,0,0,5904579405291357434,365.885083,5.147834,UNCHECKED
480p,24,val_024.png,853,480,409440,tree_of_shapes,4/8,ref5_original,1,1,600.070958,57965,57965,57965,proposed,5312,679,5231,5228,0,0,104,11549689685772544030,365.885083,5.147834,UNCHECKED
480p,24,val_024.png,853,480,409440,tree_of_shapes,4/8,ref5_original,2,0,599.943000,57965,57965,57965,proposed,5312,679,5231,5228,0,0,104,11549689685772544030,365.885083,5.147834,UNCHECKED
480p,24,val_024.png,853,480,409440,tree_of_shapes,4/8,proposed,2,1,48.298750,57965,57965,57965,proposed,0,0,0,0,0,0,0,5904579405291357434,365.885083,5.147834,UNCHECKED
480p,25,val_025.png,853,480,409440,max_tree,8,proposed,0,0,43.406542,38448,38448,38448,proposed,0,0,0,0,0,0,0,14077840592597095366,74.243334,5.397292,UNCHECKED
480p,25,val_025.png,853,480,409440,max_tree,8,ref6,0,1,41.470375,38448,38448,38448,proposed,0,0,0,0,0,0,0,14077840592597095366,74.243334,5.397292,UNCHECKED
480p,25,val_025.png,853,480,409440,max_tree,8,ref6,1,0,40.024625,38448,38448,38448,proposed,0,0,0,0,0,0,0,14077840592597095366,74.243334,5.397292,UNCHECKED
480p,25,val_025.png,853,480,409440,max_tree,8,proposed,1,1,42.939875,38448,38448,38448,proposed,0,0,0,0,0,0,0,14077840592597095366,74.243334,5.397292,UNCHECKED
480p,25,val_025.png,853,480,409440,max_tree,8,proposed,2,0,43.305375,38448,38448,38448,proposed,0,0,0,0,0,0,0,14077840592597095366,74.243334,5.397292,UNCHECKED
480p,25,val_025.png,853,480,409440,max_tree,8,ref6,2,1,40.619125,38448,38448,38448,proposed,0,0,0,0,0,0,0,14077840592597095366,74.243334,5.397292,UNCHECKED
480p,25,val_025.png,853,480,409440,min_tree,8,ref6,0,0,41.700834,32300,32300,32300,proposed,0,0,0,0,0,0,0,1426435463224519713,72.823000,7.591541,UNCHECKED
480p,25,val_025.png,853,480,409440,min_tree,8,proposed,0,1,43.175292,32300,32300,32300,proposed,0,0,0,0,0,0,0,1426435463224519713,72.823000,7.591541,UNCHECKED
480p,25,val_025.png,853,480,409440,min_tree,8,proposed,1,0,45.273375,32300,32300,32300,proposed,0,0,0,0,0,0,0,1426435463224519713,72.823000,7.591541,UNCHECKED
480p,25,val_025.png,853,480,409440,min_tree,8,ref6,1,1,41.363542,32300,32300,32300,proposed,0,0,0,0,0,0,0,1426435463224519713,72.823000,7.591541,UNCHECKED
480p,25,val_025.png,853,480,409440,min_tree,8,ref6,2,0,42.048750,32300,32300,32300,proposed,0,0,0,0,0,0,0,1426435463224519713,72.823000,7.591541,UNCHECKED
480p,25,val_025.png,853,480,409440,min_tree,8,proposed,2,1,42.877959,32300,32300,32300,proposed,0,0,0,0,0,0,0,1426435463224519713,72.823000,7.591541,UNCHECKED
480p,25,val_025.png,853,480,409440,tree_of_shapes,4/8,proposed,0,0,51.521292,76218,76218,76218,proposed,0,0,0,0,0,0,0,7471383339686035022,363.550583,4.967334,UNCHECKED
480p,25,val_025.png,853,480,409440,tree_of_shapes,4/8,ref5_original,0,1,605.261833,76218,76218,76218,proposed,8468,1359,8283,8302,0,0,150,9141655016482163965,363.550583,4.967334,UNCHECKED
480p,25,val_025.png,853,480,409440,tree_of_shapes,4/8,ref5_original,1,0,613.554334,76218,76218,76218,proposed,8468,1359,8283,8302,0,0,150,9141655016482163965,363.550583,4.967334,UNCHECKED
480p,25,val_025.png,853,480,409440,tree_of_shapes,4/8,proposed,1,1,52.077833,76218,76218,76218,proposed,0,0,0,0,0,0,0,7471383339686035022,363.550583,4.967334,UNCHECKED
480p,25,val_025.png,853,480,409440,tree_of_shapes,4/8,proposed,2,0,51.415875,76218,76218,76218,proposed,0,0,0,0,0,0,0,7471383339686035022,363.550583,4.967334,UNCHECKED
480p,25,val_025.png,853,480,409440,tree_of_shapes,4/8,ref5_original,2,1,609.014416,76218,76218,76218,proposed,8468,1359,8283,8302,0,0,150,9141655016482163965,363.550583,4.967334,UNCHECKED
480p,26,val_026.png,853,480,409440,max_tree,8,ref6,0,0,42.931625,45415,45415,45415,proposed,0,0,0,0,0,0,0,2909976873901325519,74.178042,6.012625,UNCHECKED
480p,26,val_026.png,853,480,409440,max_tree,8,proposed,0,1,45.680375,45415,45415,45415,proposed,0,0,0,0,0,0,0,2909976873901325519,74.178042,6.012625,UNCHECKED
480p,26,val_026.png,853,480,409440,max_tree,8,proposed,1,0,42.892917,45415,45415,45415,proposed,0,0,0,0,0,0,0,2909976873901325519,74.178042,6.012625,UNCHECKED
480p,26,val_026.png,853,480,409440,max_tree,8,ref6,1,1,42.632750,45415,45415,45415,proposed,0,0,0,0,0,0,0,2909976873901325519,74.178042,6.012625,UNCHECKED
480p,26,val_026.png,853,480,409440,max_tree,8,ref6,2,0,42.567334,45415,45415,45415,proposed,0,0,0,0,0,0,0,2909976873901325519,74.178042,6.012625,UNCHECKED
480p,26,val_026.png,853,480,409440,max_tree,8,proposed,2,1,42.560833,45415,45415,45415,proposed,0,0,0,0,0,0,0,2909976873901325519,74.178042,6.012625,UNCHECKED
480p,26,val_026.png,853,480,409440,min_tree,8,proposed,0,0,43.042500,36712,36712,36712,proposed,0,0,0,0,0,0,0,6628594711245214908,72.803084,7.099125,UNCHECKED
480p,26,val_026.png,853,480,409440,min_tree,8,ref6,0,1,42.321041,36712,36712,36712,proposed,0,0,0,0,0,0,0,6628594711245214908,72.803084,7.099125,UNCHECKED
480p,26,val_026.png,853,480,409440,min_tree,8,ref6,1,0,41.819084,36712,36712,36712,proposed,0,0,0,0,0,0,0,6628594711245214908,72.803084,7.099125,UNCHECKED
480p,26,val_026.png,853,480,409440,min_tree,8,proposed,1,1,42.461875,36712,36712,36712,proposed,0,0,0,0,0,0,0,6628594711245214908,72.803084,7.099125,UNCHECKED
480p,26,val_026.png,853,480,409440,min_tree,8,proposed,2,0,41.942583,36712,36712,36712,proposed,0,0,0,0,0,0,0,6628594711245214908,72.803084,7.099125,UNCHECKED
480p,26,val_026.png,853,480,409440,min_tree,8,ref6,2,1,41.720958,36712,36712,36712,proposed,0,0,0,0,0,0,0,6628594711245214908,72.803084,7.099125,UNCHECKED
480p,26,val_026.png,853,480,409440,tree_of_shapes,4/8,ref5_original,0,0,610.624875,89907,89907,89907,proposed,10176,1310,9994,9998,0,0,230,16747691554338874996,374.398416,5.844875,UNCHECKED
480p,26,val_026.png,853,480,409440,tree_of_shapes,4/8,proposed,0,1,52.378916,89907,89907,89907,proposed,0,0,0,0,0,0,0,15460094509691782622,374.398416,5.844875,UNCHECKED
480p,26,val_026.png,853,480,409440,tree_of_shapes,4/8,proposed,1,0,53.103041,89907,89907,89907,proposed,0,0,0,0,0,0,0,15460094509691782622,374.398416,5.844875,UNCHECKED
480p,26,val_026.png,853,480,409440,tree_of_shapes,4/8,ref5_original,1,1,610.000875,89907,89907,89907,proposed,10176,1310,9994,9998,0,0,230,16747691554338874996,374.398416,5.844875,UNCHECKED
480p,26,val_026.png,853,480,409440,tree_of_shapes,4/8,ref5_original,2,0,606.529791,89907,89907,89907,proposed,10176,1310,9994,9998,0,0,230,16747691554338874996,374.398416,5.844875,UNCHECKED
480p,26,val_026.png,853,480,409440,tree_of_shapes,4/8,proposed,2,1,52.987042,89907,89907,89907,proposed,0,0,0,0,0,0,0,15460094509691782622,374.398416,5.844875,UNCHECKED
480p,27,val_027.png,853,480,409440,max_tree,8,proposed,0,0,43.483708,32843,32843,32843,proposed,0,0,0,0,0,0,0,16197488127091171941,72.354667,8.526916,UNCHECKED
480p,27,val_027.png,853,480,409440,max_tree,8,ref6,0,1,43.127667,32843,32843,32843,proposed,0,0,0,0,0,0,0,16197488127091171941,72.354667,8.526916,UNCHECKED
480p,27,val_027.png,853,480,409440,max_tree,8,ref6,1,0,42.239167,32843,32843,32843,proposed,0,0,0,0,0,0,0,16197488127091171941,72.354667,8.526916,UNCHECKED
480p,27,val_027.png,853,480,409440,max_tree,8,proposed,1,1,43.380750,32843,32843,32843,proposed,0,0,0,0,0,0,0,16197488127091171941,72.354667,8.526916,UNCHECKED
480p,27,val_027.png,853,480,409440,max_tree,8,proposed,2,0,44.004125,32843,32843,32843,proposed,0,0,0,0,0,0,0,16197488127091171941,72.354667,8.526916,UNCHECKED
480p,27,val_027.png,853,480,409440,max_tree,8,ref6,2,1,41.680500,32843,32843,32843,proposed,0,0,0,0,0,0,0,16197488127091171941,72.354667,8.526916,UNCHECKED
480p,27,val_027.png,853,480,409440,min_tree,8,ref6,0,0,42.127709,24282,24282,24282,proposed,0,0,0,0,0,0,0,4137795621412302151,71.025042,13.008000,UNCHECKED
480p,27,val_027.png,853,480,409440,min_tree,8,proposed,0,1,43.822292,24282,24282,24282,proposed,0,0,0,0,0,0,0,4137795621412302151,71.025042,13.008000,UNCHECKED
480p,27,val_027.png,853,480,409440,min_tree,8,proposed,1,0,43.732500,24282,24282,24282,proposed,0,0,0,0,0,0,0,4137795621412302151,71.025042,13.008000,UNCHECKED
480p,27,val_027.png,853,480,409440,min_tree,8,ref6,1,1,42.067666,24282,24282,24282,proposed,0,0,0,0,0,0,0,4137795621412302151,71.025042,13.008000,UNCHECKED
480p,27,val_027.png,853,480,409440,min_tree,8,ref6,2,0,51.460792,24282,24282,24282,proposed,0,0,0,0,0,0,0,4137795621412302151,71.025042,13.008000,UNCHECKED
480p,27,val_027.png,853,480,409440,min_tree,8,proposed,2,1,68.351625,24282,24282,24282,proposed,0,0,0,0,0,0,0,4137795621412302151,71.025042,13.008000,UNCHECKED
480p,27,val_027.png,853,480,409440,tree_of_shapes,4/8,proposed,0,0,49.002667,60694,60694,60694,proposed,0,0,0,0,0,0,0,12601315786436838950,379.580958,5.312625,UNCHECKED
480p,27,val_027.png,853,480,409440,tree_of_shapes,4/8,ref5_original,0,1,597.609042,60694,60694,60694,proposed,5804,702,5705,5731,0,0,106,5384019092756178666,379.580958,5.312625,UNCHECKED
480p,27,val_027.png,853,480,409440,tree_of_shapes,4/8,ref5_original,1,0,600.852875,60694,60694,60694,proposed,5804,702,5705,5731,0,0,106,5384019092756178666,379.580958,5.312625,UNCHECKED
480p,27,val_027.png,853,480,409440,tree_of_shapes,4/8,proposed,1,1,48.749750,60694,60694,60694,proposed,0,0,0,0,0,0,0,12601315786436838950,379.580958,5.312625,UNCHECKED
480p,27,val_027.png,853,480,409440,tree_of_shapes,4/8,proposed,2,0,48.209791,60694,60694,60694,proposed,0,0,0,0,0,0,0,12601315786436838950,379.580958,5.312625,UNCHECKED
480p,27,val_027.png,853,480,409440,tree_of_shapes,4/8,ref5_original,2,1,600.967667,60694,60694,60694,proposed,5804,702,5705,5731,0,0,106,5384019092756178666,379.580958,5.312625,UNCHECKED
480p,28,val_028.png,853,480,409440,max_tree,8,ref6,0,0,42.196125,53674,53674,53674,proposed,0,0,0,0,0,0,0,4415713565336776458,76.678167,4.930417,UNCHECKED
480p,28,val_028.png,853,480,409440,max_tree,8,proposed,0,1,44.128750,53674,53674,53674,proposed,0,0,0,0,0,0,0,4415713565336776458,76.678167,4.930417,UNCHECKED
480p,28,val_028.png,853,480,409440,max_tree,8,proposed,1,0,44.555334,53674,53674,53674,proposed,0,0,0,0,0,0,0,4415713565336776458,76.678167,4.930417,UNCHECKED
480p,28,val_028.png,853,480,409440,max_tree,8,ref6,1,1,41.801625,53674,53674,53674,proposed,0,0,0,0,0,0,0,4415713565336776458,76.678167,4.930417,UNCHECKED
480p,28,val_028.png,853,480,409440,max_tree,8,ref6,2,0,43.021167,53674,53674,53674,proposed,0,0,0,0,0,0,0,4415713565336776458,76.678167,4.930417,UNCHECKED
480p,28,val_028.png,853,480,409440,max_tree,8,proposed,2,1,44.887250,53674,53674,53674,proposed,0,0,0,0,0,0,0,4415713565336776458,76.678167,4.930417,UNCHECKED
480p,28,val_028.png,853,480,409440,min_tree,8,proposed,0,0,44.449250,41990,41990,41990,proposed,0,0,0,0,0,0,0,10337149698504162741,75.564375,6.745417,UNCHECKED
480p,28,val_028.png,853,480,409440,min_tree,8,ref6,0,1,41.853709,41990,41990,41990,proposed,0,0,0,0,0,0,0,10337149698504162741,75.564375,6.745417,UNCHECKED
480p,28,val_028.png,853,480,409440,min_tree,8,ref6,1,0,42.411584,41990,41990,41990,proposed,0,0,0,0,0,0,0,10337149698504162741,75.564375,6.745417,UNCHECKED
480p,28,val_028.png,853,480,409440,min_tree,8,proposed,1,1,44.236000,41990,41990,41990,proposed,0,0,0,0,0,0,0,10337149698504162741,75.564375,6.745417,UNCHECKED
480p,28,val_028.png,853,480,409440,min_tree,8,proposed,2,0,44.264542,41990,41990,41990,proposed,0,0,0,0,0,0,0,10337149698504162741,75.564375,6.745417,UNCHECKED
480p,28,val_028.png,853,480,409440,min_tree,8,ref6,2,1,40.883917,41990,41990,41990,proposed,0,0,0,0,0,0,0,10337149698504162741,75.564375,6.745417,UNCHECKED
480p,28,val_028.png,853,480,409440,tree_of_shapes,4/8,ref5_original,0,0,621.171375,104686,104686,104686,proposed,12352,2077,12107,12087,0,0,260,6645556603277809203,379.744166,5.708708,UNCHECKED
480p,28,val_028.png,853,480,409440,tree_of_shapes,4/8,proposed,0,1,59.667250,104686,104686,104686,proposed,0,0,0,0,0,0,0,5817509327314787059,379.744166,5.708708,UNCHECKED
480p,28,val_028.png,853,480,409440,tree_of_shapes,4/8,proposed,1,0,59.394833,104686,104686,104686,proposed,0,0,0,0,0,0,0,5817509327314787059,379.744166,5.708708,UNCHECKED
480p,28,val_028.png,853,480,409440,tree_of_shapes,4/8,ref5_original,1,1,627.710500,104686,104686,104686,proposed,12352,2077,12107,12087,0,0,260,6645556603277809203,379.744166,5.708708,UNCHECKED
480p,28,val_028.png,853,480,409440,tree_of_shapes,4/8,ref5_original,2,0,622.616292,104686,104686,104686,proposed,12352,2077,12107,12087,0,0,260,6645556603277809203,379.744166,5.708708,UNCHECKED
480p,28,val_028.png,853,480,409440,tree_of_shapes,4/8,proposed,2,1,59.026416,104686,104686,104686,proposed,0,0,0,0,0,0,0,5817509327314787059,379.744166,5.708708,UNCHECKED
480p,29,val_029.png,853,480,409440,max_tree,8,proposed,0,0,44.013083,54896,54896,54896,proposed,0,0,0,0,0,0,0,5751127057728010710,75.492458,5.528041,UNCHECKED
480p,29,val_029.png,853,480,409440,max_tree,8,ref6,0,1,42.611708,54896,54896,54896,proposed,0,0,0,0,0,0,0,5751127057728010710,75.492458,5.528041,UNCHECKED
480p,29,val_029.png,853,480,409440,max_tree,8,ref6,1,0,43.457083,54896,54896,54896,proposed,0,0,0,0,0,0,0,5751127057728010710,75.492458,5.528041,UNCHECKED
480p,29,val_029.png,853,480,409440,max_tree,8,proposed,1,1,44.346083,54896,54896,54896,proposed,0,0,0,0,0,0,0,5751127057728010710,75.492458,5.528041,UNCHECKED
480p,29,val_029.png,853,480,409440,max_tree,8,proposed,2,0,44.518959,54896,54896,54896,proposed,0,0,0,0,0,0,0,5751127057728010710,75.492458,5.528041,UNCHECKED
480p,29,val_029.png,853,480,409440,max_tree,8,ref6,2,1,42.998250,54896,54896,54896,proposed,0,0,0,0,0,0,0,5751127057728010710,75.492458,5.528041,UNCHECKED
480p,29,val_029.png,853,480,409440,min_tree,8,ref6,0,0,41.367666,49209,49209,49209,proposed,0,0,0,0,0,0,0,12315782164925321841,75.218500,6.038333,UNCHECKED
480p,29,val_029.png,853,480,409440,min_tree,8,proposed,0,1,44.539292,49209,49209,49209,proposed,0,0,0,0,0,0,0,12315782164925321841,75.218500,6.038333,UNCHECKED
480p,29,val_029.png,853,480,409440,min_tree,8,proposed,1,0,44.450958,49209,49209,49209,proposed,0,0,0,0,0,0,0,12315782164925321841,75.218500,6.038333,UNCHECKED
480p,29,val_029.png,853,480,409440,min_tree,8,ref6,1,1,42.698292,49209,49209,49209,proposed,0,0,0,0,0,0,0,12315782164925321841,75.218500,6.038333,UNCHECKED
480p,29,val_029.png,853,480,409440,min_tree,8,ref6,2,0,41.562084,49209,49209,49209,proposed,0,0,0,0,0,0,0,12315782164925321841,75.218500,6.038333,UNCHECKED
480p,29,val_029.png,853,480,409440,min_tree,8,proposed,2,1,44.185583,49209,49209,49209,proposed,0,0,0,0,0,0,0,12315782164925321841,75.218500,6.038333,UNCHECKED
480p,29,val_029.png,853,480,409440,tree_of_shapes,4/8,proposed,0,0,60.801542,114892,114892,114892,proposed,0,0,0,0,0,0,0,7154647417161990759,397.082042,5.329625,UNCHECKED
480p,29,val_029.png,853,480,409440,tree_of_shapes,4/8,ref5_original,0,1,629.032000,114892,114892,114892,proposed,15409,2840,14826,15038,0,0,183,1119754141170454054,397.082042,5.329625,UNCHECKED
480p,29,val_029.png,853,480,409440,tree_of_shapes,4/8,ref5_original,1,0,625.237625,114892,114892,114892,proposed,15409,2840,14826,15038,0,0,183,1119754141170454054,397.082042,5.329625,UNCHECKED
480p,29,val_029.png,853,480,409440,tree_of_shapes,4/8,proposed,1,1,60.120125,114892,114892,114892,proposed,0,0,0,0,0,0,0,7154647417161990759,397.082042,5.329625,UNCHECKED
480p,29,val_029.png,853,480,409440,tree_of_shapes,4/8,proposed,2,0,59.976750,114892,114892,114892,proposed,0,0,0,0,0,0,0,7154647417161990759,397.082042,5.329625,UNCHECKED
480p,29,val_029.png,853,480,409440,tree_of_shapes,4/8,ref5_original,2,1,621.657125,114892,114892,114892,proposed,15409,2840,14826,15038,0,0,183,1119754141170454054,397.082042,5.329625,UNCHECKED
480p,30,val_030.png,853,480,409440,max_tree,8,ref6,0,0,43.022500,41321,41321,41321,proposed,0,0,0,0,0,0,0,12659889003649857869,73.161208,6.898083,UNCHECKED
480p,30,val_030.png,853,480,409440,max_tree,8,proposed,0,1,42.599500,41321,41321,41321,proposed,0,0,0,0,0,0,0,12659889003649857869,73.161208,6.898083,UNCHECKED
480p,30,val_030.png,853,480,409440,max_tree,8,proposed,1,0,42.982042,41321,41321,41321,proposed,0,0,0,0,0,0,0,12659889003649857869,73.161208,6.898083,UNCHECKED
480p,30,val_030.png,853,480,409440,max_tree,8,ref6,1,1,42.319458,41321,41321,41321,proposed,0,0,0,0,0,0,0,12659889003649857869,73.161208,6.898083,UNCHECKED
480p,30,val_030.png,853,480,409440,max_tree,8,ref6,2,0,41.877208,41321,41321,41321,proposed,0,0,0,0,0,0,0,12659889003649857869,73.161208,6.898083,UNCHECKED
480p,30,val_030.png,853,480,409440,max_tree,8,proposed,2,1,43.067709,41321,41321,41321,proposed,0,0,0,0,0,0,0,12659889003649857869,73.161208,6.898083,UNCHECKED
480p,30,val_030.png,853,480,409440,min_tree,8,proposed,0,0,42.628334,34092,34092,34092,proposed,0,0,0,0,0,0,0,2291691622233517037,72.341167,9.062083,UNCHECKED
480p,30,val_030.png,853,480,409440,min_tree,8,ref6,0,1,42.318166,34092,34092,34092,proposed,0,0,0,0,0,0,0,2291691622233517037,72.341167,9.062083,UNCHECKED
480p,30,val_030.png,853,480,409440,min_tree,8,ref6,1,0,41.352333,34092,34092,34092,proposed,0,0,0,0,0,0,0,2291691622233517037,72.341167,9.062083,UNCHECKED
480p,30,val_030.png,853,480,409440,min_tree,8,proposed,1,1,42.594209,34092,34092,34092,proposed,0,0,0,0,0,0,0,2291691622233517037,72.341167,9.062083,UNCHECKED
480p,30,val_030.png,853,480,409440,min_tree,8,proposed,2,0,42.837625,34092,34092,34092,proposed,0,0,0,0,0,0,0,2291691622233517037,72.341167,9.062083,UNCHECKED
480p,30,val_030.png,853,480,409440,min_tree,8,ref6,2,1,41.351584,34092,34092,34092,proposed,0,0,0,0,0,0,0,2291691622233517037,72.341167,9.062083,UNCHECKED
480p,30,val_030.png,853,480,409440,tree_of_shapes,4/8,ref5_original,0,0,612.192625,82677,82677,82677,proposed,8763,1053,8656,8625,0,0,200,10780217755392790808,366.788333,5.715917,UNCHECKED
480p,30,val_030.png,853,480,409440,tree_of_shapes,4/8,proposed,0,1,53.200291,82677,82677,82677,proposed,0,0,0,0,0,0,0,15875010287713293479,366.788333,5.715917,UNCHECKED
480p,30,val_030.png,853,480,409440,tree_of_shapes,4/8,proposed,1,0,52.589125,82677,82677,82677,proposed,0,0,0,0,0,0,0,15875010287713293479,366.788333,5.715917,UNCHECKED
480p,30,val_030.png,853,480,409440,tree_of_shapes,4/8,ref5_original,1,1,611.107625,82677,82677,82677,proposed,8763,1053,8656,8625,0,0,200,10780217755392790808,366.788333,5.715917,UNCHECKED
480p,30,val_030.png,853,480,409440,tree_of_shapes,4/8,ref5_original,2,0,611.094875,82677,82677,82677,proposed,8763,1053,8656,8625,0,0,200,10780217755392790808,366.788333,5.715917,UNCHECKED
480p,30,val_030.png,853,480,409440,tree_of_shapes,4/8,proposed,2,1,53.328834,82677,82677,82677,proposed,0,0,0,0,0,0,0,15875010287713293479,366.788333,5.715917,UNCHECKED
480p,31,val_031.png,853,480,409440,max_tree,8,proposed,0,0,40.240625,27883,27883,27883,proposed,0,0,0,0,0,0,0,10728618232579013220,69.898250,9.391042,UNCHECKED
480p,31,val_031.png,853,480,409440,max_tree,8,ref6,0,1,42.494833,27883,27883,27883,proposed,0,0,0,0,0,0,0,10728618232579013220,69.898250,9.391042,UNCHECKED
480p,31,val_031.png,853,480,409440,max_tree,8,ref6,1,0,42.529625,27883,27883,27883,proposed,0,0,0,0,0,0,0,10728618232579013220,69.898250,9.391042,UNCHECKED
480p,31,val_031.png,853,480,409440,max_tree,8,proposed,1,1,40.543500,27883,27883,27883,proposed,0,0,0,0,0,0,0,10728618232579013220,69.898250,9.391042,UNCHECKED
480p,31,val_031.png,853,480,409440,max_tree,8,proposed,2,0,40.717000,27883,27883,27883,proposed,0,0,0,0,0,0,0,10728618232579013220,69.898250,9.391042,UNCHECKED
480p,31,val_031.png,853,480,409440,max_tree,8,ref6,2,1,41.671625,27883,27883,27883,proposed,0,0,0,0,0,0,0,10728618232579013220,69.898250,9.391042,UNCHECKED
480p,31,val_031.png,853,480,409440,min_tree,8,ref6,0,0,40.523250,22362,22362,22362,proposed,0,0,0,0,0,0,0,5760935408763114377,69.368833,12.041459,UNCHECKED
480p,31,val_031.png,853,480,409440,min_tree,8,proposed,0,1,39.844167,22362,22362,22362,proposed,0,0,0,0,0,0,0,5760935408763114377,69.368833,12.041459,UNCHECKED
480p,31,val_031.png,853,480,409440,min_tree,8,proposed,1,0,40.006833,22362,22362,22362,proposed,0,0,0,0,0,0,0,5760935408763114377,69.368833,12.041459,UNCHECKED
480p,31,val_031.png,853,480,409440,min_tree,8,ref6,1,1,39.811000,22362,22362,22362,proposed,0,0,0,0,0,0,0,5760935408763114377,69.368833,12.041459,UNCHECKED
480p,31,val_031.png,853,480,409440,min_tree,8,ref6,2,0,39.925625,22362,22362,22362,proposed,0,0,0,0,0,0,0,5760935408763114377,69.368833,12.041459,UNCHECKED
480p,31,val_031.png,853,480,409440,min_tree,8,proposed,2,1,40.218625,22362,22362,22362,proposed,0,0,0,0,0,0,0,5760935408763114377,69.368833,12.041459,UNCHECKED
480p,31,val_031.png,853,480,409440,tree_of_shapes,4/8,proposed,0,0,43.869000,54654,54654,54654,proposed,0,0,0,0,0,0,0,1980643195566454553,377.148208,5.163458,UNCHECKED
480p,31,val_031.png,853,480,409440,tree_of_shapes,4/8,ref5_original,0,1,587.180625,54654,54654,54654,proposed,5741,721,5639,5656,0,0,90,7888951605422440524,377.148208,5.163458,UNCHECKED
480p,31,val_031.png,853,480,409440,tree_of_shapes,4/8,ref5_original,1,0,586.888209,54654,54654,54654,proposed,5741,721,5639,5656,0,0,90,7888951605422440524,377.148208,5.163458,UNCHECKED
480p,31,val_031.png,853,480,409440,tree_of_shapes,4/8,proposed,1,1,45.424500,54654,54654,54654,proposed,0,0,0,0,0,0,0,1980643195566454553,377.148208,5.163458,UNCHECKED
480p,31,val_031.png,853,480,409440,tree_of_shapes,4/8,proposed,2,0,44.200708,54654,54654,54654,proposed,0,0,0,0,0,0,0,1980643195566454553,377.148208,5.163458,UNCHECKED
480p,31,val_031.png,853,480,409440,tree_of_shapes,4/8,ref5_original,2,1,611.958292,54654,54654,54654,proposed,5741,721,5639,5656,0,0,90,7888951605422440524,377.148208,5.163458,UNCHECKED
480p,32,val_032.png,853,480,409440,max_tree,8,ref6,0,0,41.381083,15416,15416,15416,proposed,0,0,0,0,0,0,0,1685397751899684621,94.524666,11.879834,UNCHECKED
480p,32,val_032.png,853,480,409440,max_tree,8,proposed,0,1,40.831666,15416,15416,15416,proposed,0,0,0,0,0,0,0,1685397751899684621,94.524666,11.879834,UNCHECKED
480p,32,val_032.png,853,480,409440,max_tree,8,proposed,1,0,40.156291,15416,15416,15416,proposed,0,0,0,0,0,0,0,1685397751899684621,94.524666,11.879834,UNCHECKED
480p,32,val_032.png,853,480,409440,max_tree,8,ref6,1,1,40.151584,15416,15416,15416,proposed,0,0,0,0,0,0,0,1685397751899684621,94.524666,11.879834,UNCHECKED
480p,32,val_032.png,853,480,409440,max_tree,8,ref6,2,0,39.381375,15416,15416,15416,proposed,0,0,0,0,0,0,0,1685397751899684621,94.524666,11.879834,UNCHECKED
480p,32,val_032.png,853,480,409440,max_tree,8,proposed,2,1,40.615458,15416,15416,15416,proposed,0,0,0,0,0,0,0,1685397751899684621,94.524666,11.879834,UNCHECKED
480p,32,val_032.png,853,480,409440,min_tree,8,proposed,0,0,42.993083,17978,17978,17978,proposed,0,0,0,0,0,0,0,16506282838389359331,68.844041,11.167083,UNCHECKED
480p,32,val_032.png,853,480,409440,min_tree,8,ref6,0,1,41.186708,17978,17978,17978,proposed,0,0,0,0,0,0,0,16506282838389359331,68.844041,11.167083,UNCHECKED
480p,32,val_032.png,853,480,409440,min_tree,8,ref6,1,0,40.986166,17978,17978,17978,proposed,0,0,0,0,0,0,0,16506282838389359331,68.844041,11.167083,UNCHECKED
480p,32,val_032.png,853,480,409440,min_tree,8,proposed,1,1,42.650791,17978,17978,17978,proposed,0,0,0,0,0,0,0,16506282838389359331,68.844041,11.167083,UNCHECKED
480p,32,val_032.png,853,480,409440,min_tree,8,proposed,2,0,40.980083,17978,17978,17978,proposed,0,0,0,0,0,0,0,16506282838389359331,68.844041,11.167083,UNCHECKED
480p,32,val_032.png,853,480,409440,min_tree,8,ref6,2,1,40.110791,17978,17978,17978,proposed,0,0,0,0,0,0,0,16506282838389359331,68.844041,11.167083,UNCHECKED
480p,32,val_032.png,853,480,409440,tree_of_shapes,4/8,ref5_original,0,0,582.541042,34781,34781,34781,proposed,4534,348,4488,4500,0,0,125,219786886798050386,341.922375,6.769625,UNCHECKED
480p,32,val_032.png,853,480,409440,tree_of_shapes,4/8,proposed,0,1,41.155750,34781,34781,34781,proposed,0,0,0,0,0,0,0,15568375986476529463,341.922375,6.769625,UNCHECKED
480p,32,val_032.png,853,480,409440,tree_of_shapes,4/8,proposed,1,0,39.506542,34781,34781,34781,proposed,0,0,0,0,0,0,0,15568375986476529463,341.922375,6.769625,UNCHECKED
480p,32,val_032.png,853,480,409440,tree_of_shapes,4/8,ref5_original,1,1,583.311708,34781,34781,34781,proposed,4534,348,4488,4500,0,0,125,219786886798050386,341.922375,6.769625,UNCHECKED
480p,32,val_032.png,853,480,409440,tree_of_shapes,4/8,ref5_original,2,0,579.459458,34781,34781,34781,proposed,4534,348,4488,4500,0,0,125,219786886798050386,341.922375,6.769625,UNCHECKED
480p,32,val_032.png,853,480,409440,tree_of_shapes,4/8,proposed,2,1,40.043041,34781,34781,34781,proposed,0,0,0,0,0,0,0,15568375986476529463,341.922375,6.769625,UNCHECKED
480p,33,val_033.png,853,480,409440,max_tree,8,proposed,0,0,42.516209,36545,36545,36545,proposed,0,0,0,0,0,0,0,15408558581841356556,71.568875,6.214792,UNCHECKED
480p,33,val_033.png,853,480,409440,max_tree,8,ref6,0,1,42.275125,36545,36545,36545,proposed,0,0,0,0,0,0,0,15408558581841356556,71.568875,6.214792,UNCHECKED
480p,33,val_033.png,853,480,409440,max_tree,8,ref6,1,0,41.397542,36545,36545,36545,proposed,0,0,0,0,0,0,0,15408558581841356556,71.568875,6.214792,UNCHECKED
480p,33,val_033.png,853,480,409440,max_tree,8,proposed,1,1,43.048500,36545,36545,36545,proposed,0,0,0,0,0,0,0,15408558581841356556,71.568875,6.214792,UNCHECKED
480p,33,val_033.png,853,480,409440,max_tree,8,proposed,2,0,43.301250,36545,36545,36545,proposed,0,0,0,0,0,0,0,15408558581841356556,71.568875,6.214792,UNCHECKED
480p,33,val_033.png,853,480,409440,max_tree,8,ref6,2,1,43.358792,36545,36545,36545,proposed,0,0,0,0,0,0,0,15408558581841356556,71.568875,6.214792,UNCHECKED
480p,33,val_033.png,853,480,409440,min_tree,8,ref6,0,0,43.092708,29963,29963,29963,proposed,0,0,0,0,0,0,0,17227538406432417576,74.393250,7.630458,UNCHECKED
480p,33,val_033.png,853,480,409440,min_tree,8,proposed,0,1,43.337250,29963,29963,29963,proposed,0,0,0,0,0,0,0,17227538406432417576,74.393250,7.630458,UNCHECKED
480p,33,val_033.png,853,480,409440,min_tree,8,proposed,1,0,43.816208,29963,29963,29963,proposed,0,0,0,0,0,0,0,17227538406432417576,74.393250,7.630458,UNCHECKED
480p,33,val_033.png,853,480,409440,min_tree,8,ref6,1,1,41.806959,29963,29963,29963,proposed,0,0,0,0,0,0,0,17227538406432417576,74.393250,7.630458,UNCHECKED
480p,33,val_033.png,853,480,409440,min_tree,8,ref6,2,0,43.043458,29963,29963,29963,proposed,0,0,0,0,0,0,0,17227538406432417576,74.393250,7.630458,UNCHECKED
480p,33,val_033.png,853,480,409440,min_tree,8,proposed,2,1,44.635500,29963,29963,29963,proposed,0,0,0,0,0,0,0,17227538406432417576,74.393250,7.630458,UNCHECKED
480p,33,val_033.png,853,480,409440,tree_of_shapes,4/8,proposed,0,0,48.875958,71223,71223,71223,proposed,0,0,0,0,0,0,0,5443424727729094759,360.998750,4.682292,UNCHECKED
480p,33,val_033.png,853,480,409440,tree_of_shapes,4/8,ref5_original,0,1,601.639000,71223,71223,71223,proposed,9191,1258,9020,9046,0,0,80,2742012225606311127,360.998750,4.682292,UNCHECKED
480p,33,val_033.png,853,480,409440,tree_of_shapes,4/8,ref5_original,1,0,602.100750,71223,71223,71223,proposed,9191,1258,9020,9046,0,0,80,2742012225606311127,360.998750,4.682292,UNCHECKED
480p,33,val_033.png,853,480,409440,tree_of_shapes,4/8,proposed,1,1,49.655333,71223,71223,71223,proposed,0,0,0,0,0,0,0,5443424727729094759,360.998750,4.682292,UNCHECKED
480p,33,val_033.png,853,480,409440,tree_of_shapes,4/8,proposed,2,0,49.529042,71223,71223,71223,proposed,0,0,0,0,0,0,0,5443424727729094759,360.998750,4.682292,UNCHECKED
480p,33,val_033.png,853,480,409440,tree_of_shapes,4/8,ref5_original,2,1,606.025125,71223,71223,71223,proposed,9191,1258,9020,9046,0,0,80,2742012225606311127,360.998750,4.682292,UNCHECKED
480p,34,val_034.png,853,480,409440,max_tree,8,ref6,0,0,43.514416,43492,43492,43492,proposed,0,0,0,0,0,0,0,13681438468717363554,73.221375,7.888833,UNCHECKED
480p,34,val_034.png,853,480,409440,max_tree,8,proposed,0,1,44.843375,43492,43492,43492,proposed,0,0,0,0,0,0,0,13681438468717363554,73.221375,7.888833,UNCHECKED
480p,34,val_034.png,853,480,409440,max_tree,8,proposed,1,0,43.753917,43492,43492,43492,proposed,0,0,0,0,0,0,0,13681438468717363554,73.221375,7.888833,UNCHECKED
480p,34,val_034.png,853,480,409440,max_tree,8,ref6,1,1,43.183292,43492,43492,43492,proposed,0,0,0,0,0,0,0,13681438468717363554,73.221375,7.888833,UNCHECKED
480p,34,val_034.png,853,480,409440,max_tree,8,ref6,2,0,41.526208,43492,43492,43492,proposed,0,0,0,0,0,0,0,13681438468717363554,73.221375,7.888833,UNCHECKED
480p,34,val_034.png,853,480,409440,max_tree,8,proposed,2,1,43.754333,43492,43492,43492,proposed,0,0,0,0,0,0,0,13681438468717363554,73.221375,7.888833,UNCHECKED
480p,34,val_034.png,853,480,409440,min_tree,8,proposed,0,0,43.928667,25660,25660,25660,proposed,0,0,0,0,0,0,0,13255063118203844592,72.295167,11.690458,UNCHECKED
480p,34,val_034.png,853,480,409440,min_tree,8,ref6,0,1,41.461042,25660,25660,25660,proposed,0,0,0,0,0,0,0,13255063118203844592,72.295167,11.690458,UNCHECKED
480p,34,val_034.png,853,480,409440,min_tree,8,ref6,1,0,41.812417,25660,25660,25660,proposed,0,0,0,0,0,0,0,13255063118203844592,72.295167,11.690458,UNCHECKED
480p,34,val_034.png,853,480,409440,min_tree,8,proposed,1,1,46.685208,25660,25660,25660,proposed,0,0,0,0,0,0,0,13255063118203844592,72.295167,11.690458,UNCHECKED
480p,34,val_034.png,853,480,409440,min_tree,8,proposed,2,0,44.336208,25660,25660,25660,proposed,0,0,0,0,0,0,0,13255063118203844592,72.295167,11.690458,UNCHECKED
480p,34,val_034.png,853,480,409440,min_tree,8,ref6,2,1,41.676666,25660,25660,25660,proposed,0,0,0,0,0,0,0,13255063118203844592,72.295167,11.690458,UNCHECKED
480p,34,val_034.png,853,480,409440,tree_of_shapes,4/8,ref5_original,0,0,612.277041,77429,77429,77429,proposed,5502,804,5399,5393,0,0,216,8189181968586005204,364.485583,5.858750,UNCHECKED
480p,34,val_034.png,853,480,409440,tree_of_shapes,4/8,proposed,0,1,52.363834,77429,77429,77429,proposed,0,0,0,0,0,0,0,11386804702791013131,364.485583,5.858750,UNCHECKED
480p,34,val_034.png,853,480,409440,tree_of_shapes,4/8,proposed,1,0,52.080000,77429,77429,77429,proposed,0,0,0,0,0,0,0,11386804702791013131,364.485583,5.858750,UNCHECKED
480p,34,val_034.png,853,480,409440,tree_of_shapes,4/8,ref5_original,1,1,604.393125,77429,77429,77429,proposed,5502,804,5399,5393,0,0,216,8189181968586005204,364.485583,5.858750,UNCHECKED
480p,34,val_034.png,853,480,409440,tree_of_shapes,4/8,ref5_original,2,0,610.282250,77429,77429,77429,proposed,5502,804,5399,5393,0,0,216,8189181968586005204,364.485583,5.858750,UNCHECKED
480p,34,val_034.png,853,480,409440,tree_of_shapes,4/8,proposed,2,1,54.737041,77429,77429,77429,proposed,0,0,0,0,0,0,0,11386804702791013131,364.485583,5.858750,UNCHECKED
480p,35,val_035.png,853,480,409440,max_tree,8,proposed,0,0,39.376500,24729,24729,24729,proposed,0,0,0,0,0,0,0,2980255935175927704,67.861958,10.988750,UNCHECKED
480p,35,val_035.png,853,480,409440,max_tree,8,ref6,0,1,42.610500,24729,24729,24729,proposed,0,0,0,0,0,0,0,2980255935175927704,67.861958,10.988750,UNCHECKED
480p,35,val_035.png,853,480,409440,max_tree,8,ref6,1,0,41.535500,24729,24729,24729,proposed,0,0,0,0,0,0,0,2980255935175927704,67.861958,10.988750,UNCHECKED
480p,35,val_035.png,853,480,409440,max_tree,8,proposed,1,1,39.339000,24729,24729,24729,proposed,0,0,0,0,0,0,0,2980255935175927704,67.861958,10.988750,UNCHECKED
480p,35,val_035.png,853,480,409440,max_tree,8,proposed,2,0,39.526750,24729,24729,24729,proposed,0,0,0,0,0,0,0,2980255935175927704,67.861958,10.988750,UNCHECKED
480p,35,val_035.png,853,480,409440,max_tree,8,ref6,2,1,39.683542,24729,24729,24729,proposed,0,0,0,0,0,0,0,2980255935175927704,67.861958,10.988750,UNCHECKED
480p,35,val_035.png,853,480,409440,min_tree,8,ref6,0,0,41.956709,17268,17268,17268,proposed,0,0,0,0,0,0,0,18331004096587707061,66.896583,12.604542,UNCHECKED
480p,35,val_035.png,853,480,409440,min_tree,8,proposed,0,1,39.158375,17268,17268,17268,proposed,0,0,0,0,0,0,0,18331004096587707061,66.896583,12.604542,UNCHECKED
480p,35,val_035.png,853,480,409440,min_tree,8,proposed,1,0,39.299375,17268,17268,17268,proposed,0,0,0,0,0,0,0,18331004096587707061,66.896583,12.604542,UNCHECKED
480p,35,val_035.png,853,480,409440,min_tree,8,ref6,1,1,39.791625,17268,17268,17268,proposed,0,0,0,0,0,0,0,18331004096587707061,66.896583,12.604542,UNCHECKED
480p,35,val_035.png,853,480,409440,min_tree,8,ref6,2,0,39.851083,17268,17268,17268,proposed,0,0,0,0,0,0,0,18331004096587707061,66.896583,12.604542,UNCHECKED
480p,35,val_035.png,853,480,409440,min_tree,8,proposed,2,1,39.487542,17268,17268,17268,proposed,0,0,0,0,0,0,0,18331004096587707061,66.896583,12.604542,UNCHECKED
480p,35,val_035.png,853,480,409440,tree_of_shapes,4/8,proposed,0,0,42.392083,45484,45484,45484,proposed,0,0,0,0,0,0,0,5257945505414172028,384.521584,21.898750,UNCHECKED
480p,35,val_035.png,853,480,409440,tree_of_shapes,4/8,ref5_original,0,1,581.350708,45484,45484,45484,proposed,3977,537,3886,3919,0,0,206,4937542040240225242,384.521584,21.898750,UNCHECKED
480p,35,val_035.png,853,480,409440,tree_of_shapes,4/8,ref5_original,1,0,586.816875,45484,45484,45484,proposed,3977,537,3886,3919,0,0,206,4937542040240225242,384.521584,21.898750,UNCHECKED
480p,35,val_035.png,853,480,409440,tree_of_shapes,4/8,proposed,1,1,42.776750,45484,45484,45484,proposed,0,0,0,0,0,0,0,5257945505414172028,384.521584,21.898750,UNCHECKED
480p,35,val_035.png,853,480,409440,tree_of_shapes,4/8,proposed,2,0,44.618625,45484,45484,45484,proposed,0,0,0,0,0,0,0,5257945505414172028,384.521584,21.898750,UNCHECKED
480p,35,val_035.png,853,480,409440,tree_of_shapes,4/8,ref5_original,2,1,588.225916,45484,45484,45484,proposed,3977,537,3886,3919,0,0,206,4937542040240225242,384.521584,21.898750,UNCHECKED
480p,36,val_036.png,853,480,409440,max_tree,8,ref6,0,0,41.999042,25707,25707,25707,proposed,0,0,0,0,0,0,0,2670516608851569124,69.559959,10.744375,UNCHECKED
480p,36,val_036.png,853,480,409440,max_tree,8,proposed,0,1,41.434667,25707,25707,25707,proposed,0,0,0,0,0,0,0,2670516608851569124,69.559959,10.744375,UNCHECKED
480p,36,val_036.png,853,480,409440,max_tree,8,proposed,1,0,40.737500,25707,25707,25707,proposed,0,0,0,0,0,0,0,2670516608851569124,69.559959,10.744375,UNCHECKED
480p,36,val_036.png,853,480,409440,max_tree,8,ref6,1,1,42.672125,25707,25707,25707,proposed,0,0,0,0,0,0,0,2670516608851569124,69.559959,10.744375,UNCHECKED
480p,36,val_036.png,853,480,409440,max_tree,8,ref6,2,0,41.438375,25707,25707,25707,proposed,0,0,0,0,0,0,0,2670516608851569124,69.559959,10.744375,UNCHECKED
480p,36,val_036.png,853,480,409440,max_tree,8,proposed,2,1,41.152500,25707,25707,25707,proposed,0,0,0,0,0,0,0,2670516608851569124,69.559959,10.744375,UNCHECKED
480p,36,val_036.png,853,480,409440,min_tree,8,proposed,0,0,40.588959,19462,19462,19462,proposed,0,0,0,0,0,0,0,2670815195162708892,67.877041,13.231209,UNCHECKED
480p,36,val_036.png,853,480,409440,min_tree,8,ref6,0,1,40.916083,19462,19462,19462,proposed,0,0,0,0,0,0,0,2670815195162708892,67.877041,13.231209,UNCHECKED
480p,36,val_036.png,853,480,409440,min_tree,8,ref6,1,0,40.292750,19462,19462,19462,proposed,0,0,0,0,0,0,0,2670815195162708892,67.877041,13.231209,UNCHECKED
480p,36,val_036.png,853,480,409440,min_tree,8,proposed,1,1,40.474000,19462,19462,19462,proposed,0,0,0,0,0,0,0,2670815195162708892,67.877041,13.231209,UNCHECKED
480p,36,val_036.png,853,480,409440,min_tree,8,proposed,2,0,40.342000,19462,19462,19462,proposed,0,0,0,0,0,0,0,2670815195162708892,67.877041,13.231209,UNCHECKED
480p,36,val_036.png,853,480,409440,min_tree,8,ref6,2,1,41.007709,19462,19462,19462,proposed,0,0,0,0,0,0,0,2670815195162708892,67.877041,13.231209,UNCHECKED
480p,36,val_036.png,853,480,409440,tree_of_shapes,4/8,ref5_original,0,0,585.100500,51055,51055,51055,proposed,5946,447,5900,5888,0,0,122,16138421647326307026,344.179792,5.455167,UNCHECKED
480p,36,val_036.png,853,480,409440,tree_of_shapes,4/8,proposed,0,1,43.720917,51055,51055,51055,proposed,0,0,0,0,0,0,0,7789273392745579929,344.179792,5.455167,UNCHECKED
480p,36,val_036.png,853,480,409440,tree_of_shapes,4/8,proposed,1,0,43.227917,51055,51055,51055,proposed,0,0,0,0,0,0,0,7789273392745579929,344.179792,5.455167,UNCHECKED
480p,36,val_036.png,853,480,409440,tree_of_shapes,4/8,ref5_original,1,1,589.889875,51055,51055,51055,proposed,5946,447,5900,5888,0,0,122,16138421647326307026,344.179792,5.455167,UNCHECKED
480p,36,val_036.png,853,480,409440,tree_of_shapes,4/8,ref5_original,2,0,582.355584,51055,51055,51055,proposed,5946,447,5900,5888,0,0,122,16138421647326307026,344.179792,5.455167,UNCHECKED
480p,36,val_036.png,853,480,409440,tree_of_shapes,4/8,proposed,2,1,44.747041,51055,51055,51055,proposed,0,0,0,0,0,0,0,7789273392745579929,344.179792,5.455167,UNCHECKED
480p,37,val_037.png,853,480,409440,max_tree,8,proposed,0,0,44.172084,39365,39365,39365,proposed,0,0,0,0,0,0,0,12955754962609804580,74.829500,4.556209,UNCHECKED
480p,37,val_037.png,853,480,409440,max_tree,8,ref6,0,1,41.556583,39365,39365,39365,proposed,0,0,0,0,0,0,0,12955754962609804580,74.829500,4.556209,UNCHECKED
480p,37,val_037.png,853,480,409440,max_tree,8,ref6,1,0,41.488041,39365,39365,39365,proposed,0,0,0,0,0,0,0,12955754962609804580,74.829500,4.556209,UNCHECKED
480p,37,val_037.png,853,480,409440,max_tree,8,proposed,1,1,44.555417,39365,39365,39365,proposed,0,0,0,0,0,0,0,12955754962609804580,74.829500,4.556209,UNCHECKED
480p,37,val_037.png,853,480,409440,max_tree,8,proposed,2,0,44.592791,39365,39365,39365,proposed,0,0,0,0,0,0,0,12955754962609804580,74.829500,4.556209,UNCHECKED
480p,37,val_037.png,853,480,409440,max_tree,8,ref6,2,1,40.757708,39365,39365,39365,proposed,0,0,0,0,0,0,0,12955754962609804580,74.829500,4.556209,UNCHECKED
480p,37,val_037.png,853,480,409440,min_tree,8,ref6,0,0,42.281292,27272,27272,27272,proposed,0,0,0,0,0,0,0,15226015875817957724,72.337708,9.208792,UNCHECKED
480p,37,val_037.png,853,480,409440,min_tree,8,proposed,0,1,43.936166,27272,27272,27272,proposed,0,0,0,0,0,0,0,15226015875817957724,72.337708,9.208792,UNCHECKED
480p,37,val_037.png,853,480,409440,min_tree,8,proposed,1,0,43.952708,27272,27272,27272,proposed,0,0,0,0,0,0,0,15226015875817957724,72.337708,9.208792,UNCHECKED
480p,37,val_037.png,853,480,409440,min_tree,8,ref6,1,1,41.780125,27272,27272,27272,proposed,0,0,0,0,0,0,0,15226015875817957724,72.337708,9.208792,UNCHECKED
480p,37,val_037.png,853,480,409440,min_tree,8,ref6,2,0,42.170791,27272,27272,27272,proposed,0,0,0,0,0,0,0,15226015875817957724,72.337708,9.208792,UNCHECKED
480p,37,val_037.png,853,480,409440,min_tree,8,proposed,2,1,43.452292,27272,27272,27272,proposed,0,0,0,0,0,0,0,15226015875817957724,72.337708,9.208792,UNCHECKED
480p,37,val_037.png,853,480,409440,tree_of_shapes,4/8,proposed,0,0,52.189542,73417,73417,73417,proposed,0,0,0,0,0,0,0,11854772844823715794,369.914959,4.205041,UNCHECKED
480p,37,val_037.png,853,480,409440,tree_of_shapes,4/8,ref5_original,0,1,615.610542,73417,73417,73417,proposed,7385,959,7244,7233,0,0,148,13863103361631619751,369.914959,4.205041,UNCHECKED
480p,37,val_037.png,853,480,409440,tree_of_shapes,4/8,ref5_original,1,0,613.914208,73417,73417,73417,proposed,7385,959,7244,7233,0,0,148,13863103361631619751,369.914959,4.205041,UNCHECKED
480p,37,val_037.png,853,480,409440,tree_of_shapes,4/8,proposed,1,1,52.136916,73417,73417,73417,proposed,0,0,0,0,0,0,0,11854772844823715794,369.914959,4.205041,UNCHECKED
480p,37,val_037.png,853,480,409440,tree_of_shapes,4/8,proposed,2,0,51.516541,73417,73417,73417,proposed,0,0,0,0,0,0,0,11854772844823715794,369.914959,4.205041,UNCHECKED
480p,37,val_037.png,853,480,409440,tree_of_shapes,4/8,ref5_original,2,1,624.979667,73417,73417,73417,proposed,7385,959,7244,7233,0,0,148,13863103361631619751,369.914959,4.205041,UNCHECKED
480p,38,val_038.png,853,480,409440,max_tree,8,ref6,0,0,41.585792,23733,23733,23733,proposed,0,0,0,0,0,0,0,14460706987878691616,68.868750,12.220084,UNCHECKED
480p,38,val_038.png,853,480,409440,max_tree,8,proposed,0,1,39.240791,23733,23733,23733,proposed,0,0,0,0,0,0,0,14460706987878691616,68.868750,12.220084,UNCHECKED
480p,38,val_038.png,853,480,409440,max_tree,8,proposed,1,0,38.679916,23733,23733,23733,proposed,0,0,0,0,0,0,0,14460706987878691616,68.868750,12.220084,UNCHECKED
480p,38,val_038.png,853,480,409440,max_tree,8,ref6,1,1,42.397375,23733,23733,23733,proposed,0,0,0,0,0,0,0,14460706987878691616,68.868750,12.220084,UNCHECKED
480p,38,val_038.png,853,480,409440,max_tree,8,ref6,2,0,42.960792,23733,23733,23733,proposed,0,0,0,0,0,0,0,14460706987878691616,68.868750,12.220084,UNCHECKED
480p,38,val_038.png,853,480,409440,max_tree,8,proposed,2,1,39.761875,23733,23733,23733,proposed,0,0,0,0,0,0,0,14460706987878691616,68.868750,12.220084,UNCHECKED
480p,38,val_038.png,853,480,409440,min_tree,8,proposed,0,0,39.251375,18404,18404,18404,proposed,0,0,0,0,0,0,0,5628813595128508677,68.651416,11.726459,UNCHECKED
480p,38,val_038.png,853,480,409440,min_tree,8,ref6,0,1,41.774375,18404,18404,18404,proposed,0,0,0,0,0,0,0,5628813595128508677,68.651416,11.726459,UNCHECKED
480p,38,val_038.png,853,480,409440,min_tree,8,ref6,1,0,40.848916,18404,18404,18404,proposed,0,0,0,0,0,0,0,5628813595128508677,68.651416,11.726459,UNCHECKED
480p,38,val_038.png,853,480,409440,min_tree,8,proposed,1,1,39.845125,18404,18404,18404,proposed,0,0,0,0,0,0,0,5628813595128508677,68.651416,11.726459,UNCHECKED
480p,38,val_038.png,853,480,409440,min_tree,8,proposed,2,0,39.616416,18404,18404,18404,proposed,0,0,0,0,0,0,0,5628813595128508677,68.651416,11.726459,UNCHECKED
480p,38,val_038.png,853,480,409440,min_tree,8,ref6,2,1,40.675625,18404,18404,18404,proposed,0,0,0,0,0,0,0,5628813595128508677,68.651416,11.726459,UNCHECKED
480p,38,val_038.png,853,480,409440,tree_of_shapes,4/8,ref5_original,0,0,602.237542,46039,46039,46039,proposed,4392,893,4251,4272,0,0,270,16503728767256835632,351.954459,8.594875,UNCHECKED
480p,38,val_038.png,853,480,409440,tree_of_shapes,4/8,proposed,0,1,43.466458,46039,46039,46039,proposed,0,0,0,0,0,0,0,4731207898585170206,351.954459,8.594875,UNCHECKED
480p,38,val_038.png,853,480,409440,tree_of_shapes,4/8,proposed,1,0,39.960041,46039,46039,46039,proposed,0,0,0,0,0,0,0,4731207898585170206,351.954459,8.594875,UNCHECKED
480p,38,val_038.png,853,480,409440,tree_of_shapes,4/8,ref5_original,1,1,577.416917,46039,46039,46039,proposed,4392,893,4251,4272,0,0,270,16503728767256835632,351.954459,8.594875,UNCHECKED
480p,38,val_038.png,853,480,409440,tree_of_shapes,4/8,ref5_original,2,0,577.499250,46039,46039,46039,proposed,4392,893,4251,4272,0,0,270,16503728767256835632,351.954459,8.594875,UNCHECKED
480p,38,val_038.png,853,480,409440,tree_of_shapes,4/8,proposed,2,1,40.637042,46039,46039,46039,proposed,0,0,0,0,0,0,0,4731207898585170206,351.954459,8.594875,UNCHECKED
480p,39,val_039.png,853,480,409440,max_tree,8,proposed,0,0,44.907833,47043,47043,47043,proposed,0,0,0,0,0,0,0,14419727952637820149,74.455417,6.018875,UNCHECKED
480p,39,val_039.png,853,480,409440,max_tree,8,ref6,0,1,42.377292,47043,47043,47043,proposed,0,0,0,0,0,0,0,14419727952637820149,74.455417,6.018875,UNCHECKED
480p,39,val_039.png,853,480,409440,max_tree,8,ref6,1,0,41.992041,47043,47043,47043,proposed,0,0,0,0,0,0,0,14419727952637820149,74.455417,6.018875,UNCHECKED
480p,39,val_039.png,853,480,409440,max_tree,8,proposed,1,1,44.442375,47043,47043,47043,proposed,0,0,0,0,0,0,0,14419727952637820149,74.455417,6.018875,UNCHECKED
480p,39,val_039.png,853,480,409440,max_tree,8,proposed,2,0,44.279125,47043,47043,47043,proposed,0,0,0,0,0,0,0,14419727952637820149,74.455417,6.018875,UNCHECKED
480p,39,val_039.png,853,480,409440,max_tree,8,ref6,2,1,42.462625,47043,47043,47043,proposed,0,0,0,0,0,0,0,14419727952637820149,74.455417,6.018875,UNCHECKED
480p,39,val_039.png,853,480,409440,min_tree,8,ref6,0,0,40.720167,34229,34229,34229,proposed,0,0,0,0,0,0,0,16185146454874252307,73.574333,8.631125,UNCHECKED
480p,39,val_039.png,853,480,409440,min_tree,8,proposed,0,1,44.292041,34229,34229,34229,proposed,0,0,0,0,0,0,0,16185146454874252307,73.574333,8.631125,UNCHECKED
480p,39,val_039.png,853,480,409440,min_tree,8,proposed,1,0,44.472291,34229,34229,34229,proposed,0,0,0,0,0,0,0,16185146454874252307,73.574333,8.631125,UNCHECKED
480p,39,val_039.png,853,480,409440,min_tree,8,ref6,1,1,42.626209,34229,34229,34229,proposed,0,0,0,0,0,0,0,16185146454874252307,73.574333,8.631125,UNCHECKED
480p,39,val_039.png,853,480,409440,min_tree,8,ref6,2,0,41.623375,34229,34229,34229,proposed,0,0,0,0,0,0,0,16185146454874252307,73.574333,8.631125,UNCHECKED
480p,39,val_039.png,853,480,409440,min_tree,8,proposed,2,1,44.712583,34229,34229,34229,proposed,0,0,0,0,0,0,0,16185146454874252307,73.574333,8.631125,UNCHECKED
480p,39,val_039.png,853,480,409440,tree_of_shapes,4/8,proposed,0,0,53.016500,86785,86785,86785,proposed,0,0,0,0,0,0,0,11741401587084076839,375.481958,4.439750,UNCHECKED
480p,39,val_039.png,853,480,409440,tree_of_shapes,4/8,ref5_original,0,1,615.835666,86785,86785,86785,proposed,8428,946,8303,8313,0,0,154,4797155230520488599,375.481958,4.439750,UNCHECKED
480p,39,val_039.png,853,480,409440,tree_of_shapes,4/8,ref5_original,1,0,623.891125,86785,86785,86785,proposed,8428,946,8303,8313,0,0,154,4797155230520488599,375.481958,4.439750,UNCHECKED
480p,39,val_039.png,853,480,409440,tree_of_shapes,4/8,proposed,1,1,57.701167,86785,86785,86785,proposed,0,0,0,0,0,0,0,11741401587084076839,375.481958,4.439750,UNCHECKED
480p,39,val_039.png,853,480,409440,tree_of_shapes,4/8,proposed,2,0,56.961083,86785,86785,86785,proposed,0,0,0,0,0,0,0,11741401587084076839,375.481958,4.439750,UNCHECKED
480p,39,val_039.png,853,480,409440,tree_of_shapes,4/8,ref5_original,2,1,628.406500,86785,86785,86785,proposed,8428,946,8303,8313,0,0,154,4797155230520488599,375.481958,4.439750,UNCHECKED
480p,40,val_040.png,853,480,409440,max_tree,8,ref6,0,0,44.191791,22071,22071,22071,proposed,0,0,0,0,0,0,0,8985502119255500069,69.113833,11.022459,UNCHECKED
480p,40,val_040.png,853,480,409440,max_tree,8,proposed,0,1,46.767541,22071,22071,22071,proposed,0,0,0,0,0,0,0,8985502119255500069,69.113833,11.022459,UNCHECKED
480p,40,val_040.png,853,480,409440,max_tree,8,proposed,1,0,44.162167,22071,22071,22071,proposed,0,0,0,0,0,0,0,8985502119255500069,69.113833,11.022459,UNCHECKED
480p,40,val_040.png,853,480,409440,max_tree,8,ref6,1,1,43.846375,22071,22071,22071,proposed,0,0,0,0,0,0,0,8985502119255500069,69.113833,11.022459,UNCHECKED
480p,40,val_040.png,853,480,409440,max_tree,8,ref6,2,0,43.873125,22071,22071,22071,proposed,0,0,0,0,0,0,0,8985502119255500069,69.113833,11.022459,UNCHECKED
480p,40,val_040.png,853,480,409440,max_tree,8,proposed,2,1,43.088959,22071,22071,22071,proposed,0,0,0,0,0,0,0,8985502119255500069,69.113833,11.022459,UNCHECKED
480p,40,val_040.png,853,480,409440,min_tree,8,proposed,0,0,44.198875,18861,18861,18861,proposed,0,0,0,0,0,0,0,13697897974178199238,70.004500,12.330625,UNCHECKED
480p,40,val_040.png,853,480,409440,min_tree,8,ref6,0,1,43.438166,18861,18861,18861,proposed,0,0,0,0,0,0,0,13697897974178199238,70.004500,12.330625,UNCHECKED
480p,40,val_040.png,853,480,409440,min_tree,8,ref6,1,0,41.861292,18861,18861,18861,proposed,0,0,0,0,0,0,0,13697897974178199238,70.004500,12.330625,UNCHECKED
480p,40,val_040.png,853,480,409440,min_tree,8,proposed,1,1,43.874166,18861,18861,18861,proposed,0,0,0,0,0,0,0,13697897974178199238,70.004500,12.330625,UNCHECKED
480p,40,val_040.png,853,480,409440,min_tree,8,proposed,2,0,45.842208,18861,18861,18861,proposed,0,0,0,0,0,0,0,13697897974178199238,70.004500,12.330625,UNCHECKED
480p,40,val_040.png,853,480,409440,min_tree,8,ref6,2,1,40.950042,18861,18861,18861,proposed,0,0,0,0,0,0,0,13697897974178199238,70.004500,12.330625,UNCHECKED
480p,40,val_040.png,853,480,409440,tree_of_shapes,4/8,ref5_original,0,0,590.049084,43501,43501,43501,proposed,3924,478,3873,3862,0,0,61,15793867559840446209,343.000083,4.942375,UNCHECKED
480p,40,val_040.png,853,480,409440,tree_of_shapes,4/8,proposed,0,1,44.439000,43501,43501,43501,proposed,0,0,0,0,0,0,0,16435814045315715164,343.000083,4.942375,UNCHECKED
480p,40,val_040.png,853,480,409440,tree_of_shapes,4/8,proposed,1,0,44.422375,43501,43501,43501,proposed,0,0,0,0,0,0,0,16435814045315715164,343.000083,4.942375,UNCHECKED
480p,40,val_040.png,853,480,409440,tree_of_shapes,4/8,ref5_original,1,1,590.010375,43501,43501,43501,proposed,3924,478,3873,3862,0,0,61,15793867559840446209,343.000083,4.942375,UNCHECKED
480p,40,val_040.png,853,480,409440,tree_of_shapes,4/8,ref5_original,2,0,601.330625,43501,43501,43501,proposed,3924,478,3873,3862,0,0,61,15793867559840446209,343.000083,4.942375,UNCHECKED
480p,40,val_040.png,853,480,409440,tree_of_shapes,4/8,proposed,2,1,46.003334,43501,43501,43501,proposed,0,0,0,0,0,0,0,16435814045315715164,343.000083,4.942375,UNCHECKED
480p,41,val_041.png,853,480,409440,max_tree,8,proposed,0,0,41.849750,27286,27286,27286,proposed,0,0,0,0,0,0,0,16566008075276043840,72.608750,9.609750,UNCHECKED
480p,41,val_041.png,853,480,409440,max_tree,8,ref6,0,1,41.233583,27286,27286,27286,proposed,0,0,0,0,0,0,0,16566008075276043840,72.608750,9.609750,UNCHECKED
480p,41,val_041.png,853,480,409440,max_tree,8,ref6,1,0,40.605625,27286,27286,27286,proposed,0,0,0,0,0,0,0,16566008075276043840,72.608750,9.609750,UNCHECKED
480p,41,val_041.png,853,480,409440,max_tree,8,proposed,1,1,41.149541,27286,27286,27286,proposed,0,0,0,0,0,0,0,16566008075276043840,72.608750,9.609750,UNCHECKED
480p,41,val_041.png,853,480,409440,max_tree,8,proposed,2,0,40.749916,27286,27286,27286,proposed,0,0,0,0,0,0,0,16566008075276043840,72.608750,9.609750,UNCHECKED
480p,41,val_041.png,853,480,409440,max_tree,8,ref6,2,1,41.308667,27286,27286,27286,proposed,0,0,0,0,0,0,0,16566008075276043840,72.608750,9.609750,UNCHECKED
480p,41,val_041.png,853,480,409440,min_tree,8,ref6,0,0,40.947583,24745,24745,24745,proposed,0,0,0,0,0,0,0,7892302169853786923,69.255250,10.759250,UNCHECKED
480p,41,val_041.png,853,480,409440,min_tree,8,proposed,0,1,40.935417,24745,24745,24745,proposed,0,0,0,0,0,0,0,7892302169853786923,69.255250,10.759250,UNCHECKED
480p,41,val_041.png,853,480,409440,min_tree,8,proposed,1,0,41.427250,24745,24745,24745,proposed,0,0,0,0,0,0,0,7892302169853786923,69.255250,10.759250,UNCHECKED
480p,41,val_041.png,853,480,409440,min_tree,8,ref6,1,1,40.778166,24745,24745,24745,proposed,0,0,0,0,0,0,0,7892302169853786923,69.255250,10.759250,UNCHECKED
480p,41,val_041.png,853,480,409440,min_tree,8,ref6,2,0,41.116542,24745,24745,24745,proposed,0,0,0,0,0,0,0,7892302169853786923,69.255250,10.759250,UNCHECKED
480p,41,val_041.png,853,480,409440,min_tree,8,proposed,2,1,41.052291,24745,24745,24745,proposed,0,0,0,0,0,0,0,7892302169853786923,69.255250,10.759250,UNCHECKED
480p,41,val_041.png,853,480,409440,tree_of_shapes,4/8,proposed,0,0,43.956459,55056,55056,55056,proposed,0,0,0,0,0,0,0,7891895178533762572,342.238875,7.029333,UNCHECKED
480p,41,val_041.png,853,480,409440,tree_of_shapes,4/8,ref5_original,0,1,583.288125,55056,55056,55056,proposed,7260,758,7173,7163,0,0,63,15931753320645689980,342.238875,7.029333,UNCHECKED
480p,41,val_041.png,853,480,409440,tree_of_shapes,4/8,ref5_original,1,0,584.028584,55056,55056,55056,proposed,7260,758,7173,7163,0,0,63,15931753320645689980,342.238875,7.029333,UNCHECKED
480p,41,val_041.png,853,480,409440,tree_of_shapes,4/8,proposed,1,1,45.041083,55056,55056,55056,proposed,0,0,0,0,0,0,0,7891895178533762572,342.238875,7.029333,UNCHECKED
480p,41,val_041.png,853,480,409440,tree_of_shapes,4/8,proposed,2,0,43.780750,55056,55056,55056,proposed,0,0,0,0,0,0,0,7891895178533762572,342.238875,7.029333,UNCHECKED
480p,41,val_041.png,853,480,409440,tree_of_shapes,4/8,ref5_original,2,1,584.078625,55056,55056,55056,proposed,7260,758,7173,7163,0,0,63,15931753320645689980,342.238875,7.029333,UNCHECKED
480p,42,val_042.png,853,480,409440,max_tree,8,ref6,0,0,41.449833,40447,40447,40447,proposed,0,0,0,0,0,0,0,5815239839424034160,73.942125,5.556083,UNCHECKED
480p,42,val_042.png,853,480,409440,max_tree,8,proposed,0,1,44.087541,40447,40447,40447,proposed,0,0,0,0,0,0,0,5815239839424034160,73.942125,5.556083,UNCHECKED
480p,42,val_042.png,853,480,409440,max_tree,8,proposed,1,0,45.137291,40447,40447,40447,proposed,0,0,0,0,0,0,0,5815239839424034160,73.942125,5.556083,UNCHECKED
480p,42,val_042.png,853,480,409440,max_tree,8,ref6,1,1,42.187916,40447,40447,40447,proposed,0,0,0,0,0,0,0,5815239839424034160,73.942125,5.556083,UNCHECKED
480p,42,val_042.png,853,480,409440,max_tree,8,ref6,2,0,41.219166,40447,40447,40447,proposed,0,0,0,0,0,0,0,5815239839424034160,73.942125,5.556083,UNCHECKED
480p,42,val_042.png,853,480,409440,max_tree,8,proposed,2,1,44.238958,40447,40447,40447,proposed,0,0,0,0,0,0,0,5815239839424034160,73.942125,5.556083,UNCHECKED
480p,42,val_042.png,853,480,409440,min_tree,8,proposed,0,0,44.319500,35365,35365,35365,proposed,0,0,0,0,0,0,0,12564038020285945537,75.074500,5.785667,UNCHECKED
480p,42,val_042.png,853,480,409440,min_tree,8,ref6,0,1,41.216250,35365,35365,35365,proposed,0,0,0,0,0,0,0,12564038020285945537,75.074500,5.785667,UNCHECKED
480p,42,val_042.png,853,480,409440,min_tree,8,ref6,1,0,40.978958,35365,35365,35365,proposed,0,0,0,0,0,0,0,12564038020285945537,75.074500,5.785667,UNCHECKED
480p,42,val_042.png,853,480,409440,min_tree,8,proposed,1,1,44.443750,35365,35365,35365,proposed,0,0,0,0,0,0,0,12564038020285945537,75.074500,5.785667,UNCHECKED
480p,42,val_042.png,853,480,409440,min_tree,8,proposed,2,0,44.359000,35365,35365,35365,proposed,0,0,0,0,0,0,0,12564038020285945537,75.074500,5.785667,UNCHECKED
480p,42,val_042.png,853,480,409440,min_tree,8,ref6,2,1,42.261042,35365,35365,35365,proposed,0,0,0,0,0,0,0,12564038020285945537,75.074500,5.785667,UNCHECKED
480p,42,val_042.png,853,480,409440,tree_of_shapes,4/8,ref5_original,0,0,621.960792,81638,81638,81638,proposed,11194,1470,10995,10986,0,0,206,9096549176072581558,374.496167,5.015833,UNCHECKED
480p,42,val_042.png,853,480,409440,tree_of_shapes,4/8,proposed,0,1,54.191125,81638,81638,81638,proposed,0,0,0,0,0,0,0,12163754464541891888,374.496167,5.015833,UNCHECKED
480p,42,val_042.png,853,480,409440,tree_of_shapes,4/8,proposed,1,0,54.541000,81638,81638,81638,proposed,0,0,0,0,0,0,0,12163754464541891888,374.496167,5.015833,UNCHECKED
480p,42,val_042.png,853,480,409440,tree_of_shapes,4/8,ref5_original,1,1,643.855167,81638,81638,81638,proposed,11194,1470,10995,10986,0,0,206,9096549176072581558,374.496167,5.015833,UNCHECKED
480p,42,val_042.png,853,480,409440,tree_of_shapes,4/8,ref5_original,2,0,611.353792,81638,81638,81638,proposed,11194,1470,10995,10986,0,0,206,9096549176072581558,374.496167,5.015833,UNCHECKED
480p,42,val_042.png,853,480,409440,tree_of_shapes,4/8,proposed,2,1,54.104000,81638,81638,81638,proposed,0,0,0,0,0,0,0,12163754464541891888,374.496167,5.015833,UNCHECKED
480p,43,val_043.png,853,480,409440,max_tree,8,proposed,0,0,44.513209,41873,41873,41873,proposed,0,0,0,0,0,0,0,8051927714572693385,76.587625,5.970375,UNCHECKED
480p,43,val_043.png,853,480,409440,max_tree,8,ref6,0,1,39.473833,41873,41873,41873,proposed,0,0,0,0,0,0,0,8051927714572693385,76.587625,5.970375,UNCHECKED
480p,43,val_043.png,853,480,409440,max_tree,8,ref6,1,0,40.652500,41873,41873,41873,proposed,0,0,0,0,0,0,0,8051927714572693385,76.587625,5.970375,UNCHECKED
480p,43,val_043.png,853,480,409440,max_tree,8,proposed,1,1,44.507584,41873,41873,41873,proposed,0,0,0,0,0,0,0,8051927714572693385,76.587625,5.970375,UNCHECKED
480p,43,val_043.png,853,480,409440,max_tree,8,proposed,2,0,44.702833,41873,41873,41873,proposed,0,0,0,0,0,0,0,8051927714572693385,76.587625,5.970375,UNCHECKED
480p,43,val_043.png,853,480,409440,max_tree,8,ref6,2,1,41.748000,41873,41873,41873,proposed,0,0,0,0,0,0,0,8051927714572693385,76.587625,5.970375,UNCHECKED
480p,43,val_043.png,853,480,409440,min_tree,8,ref6,0,0,41.175833,34376,34376,34376,proposed,0,0,0,0,0,0,0,11504372272605147411,74.572875,5.374166,UNCHECKED
480p,43,val_043.png,853,480,409440,min_tree,8,proposed,0,1,43.955708,34376,34376,34376,proposed,0,0,0,0,0,0,0,11504372272605147411,74.572875,5.374166,UNCHECKED
480p,43,val_043.png,853,480,409440,min_tree,8,proposed,1,0,44.498750,34376,34376,34376,proposed,0,0,0,0,0,0,0,11504372272605147411,74.572875,5.374166,UNCHECKED
480p,43,val_043.png,853,480,409440,min_tree,8,ref6,1,1,41.651666,34376,34376,34376,proposed,0,0,0,0,0,0,0,11504372272605147411,74.572875,5.374166,UNCHECKED
480p,43,val_043.png,853,480,409440,min_tree,8,ref6,2,0,42.198542,34376,34376,34376,proposed,0,0,0,0,0,0,0,11504372272605147411,74.572875,5.374166,UNCHECKED
480p,43,val_043.png,853,480,409440,min_tree,8,proposed,2,1,44.537292,34376,34376,34376,proposed,0,0,0,0,0,0,0,11504372272605147411,74.572875,5.374166,UNCHECKED
480p,43,val_043.png,853,480,409440,tree_of_shapes,4/8,proposed,0,0,55.087083,81810,81810,81810,proposed,0,0,0,0,0,0,0,4088541582197135578,378.496417,5.581417,UNCHECKED
480p,43,val_043.png,853,480,409440,tree_of_shapes,4/8,ref5_original,0,1,620.562375,81810,81810,81810,proposed,9930,1078,9793,9799,0,0,235,7950991370572698228,378.496417,5.581417,UNCHECKED
480p,43,val_043.png,853,480,409440,tree_of_shapes,4/8,ref5_original,1,0,687.174583,81810,81810,81810,proposed,9930,1078,9793,9799,0,0,235,7950991370572698228,378.496417,5.581417,UNCHECKED
480p,43,val_043.png,853,480,409440,tree_of_shapes,4/8,proposed,1,1,54.930250,81810,81810,81810,proposed,0,0,0,0,0,0,0,4088541582197135578,378.496417,5.581417,UNCHECKED
480p,43,val_043.png,853,480,409440,tree_of_shapes,4/8,proposed,2,0,54.831791,81810,81810,81810,proposed,0,0,0,0,0,0,0,4088541582197135578,378.496417,5.581417,UNCHECKED
480p,43,val_043.png,853,480,409440,tree_of_shapes,4/8,ref5_original,2,1,621.955584,81810,81810,81810,proposed,9930,1078,9793,9799,0,0,235,7950991370572698228,378.496417,5.581417,UNCHECKED
480p,44,val_044.png,853,480,409440,max_tree,8,ref6,0,0,41.871541,36214,36214,36214,proposed,0,0,0,0,0,0,0,14886797368239243694,73.121625,7.161625,UNCHECKED
480p,44,val_044.png,853,480,409440,max_tree,8,proposed,0,1,46.852625,36214,36214,36214,proposed,0,0,0,0,0,0,0,14886797368239243694,73.121625,7.161625,UNCHECKED
480p,44,val_044.png,853,480,409440,max_tree,8,proposed,1,0,43.111041,36214,36214,36214,proposed,0,0,0,0,0,0,0,14886797368239243694,73.121625,7.161625,UNCHECKED
480p,44,val_044.png,853,480,409440,max_tree,8,ref6,1,1,42.195292,36214,36214,36214,proposed,0,0,0,0,0,0,0,14886797368239243694,73.121625,7.161625,UNCHECKED
480p,44,val_044.png,853,480,409440,max_tree,8,ref6,2,0,40.057875,36214,36214,36214,proposed,0,0,0,0,0,0,0,14886797368239243694,73.121625,7.161625,UNCHECKED
480p,44,val_044.png,853,480,409440,max_tree,8,proposed,2,1,42.714500,36214,36214,36214,proposed,0,0,0,0,0,0,0,14886797368239243694,73.121625,7.161625,UNCHECKED
480p,44,val_044.png,853,480,409440,min_tree,8,proposed,0,0,42.692959,29466,29466,29466,proposed,0,0,0,0,0,0,0,4349395350004388735,70.618709,10.210209,UNCHECKED
480p,44,val_044.png,853,480,409440,min_tree,8,ref6,0,1,40.859000,29466,29466,29466,proposed,0,0,0,0,0,0,0,4349395350004388735,70.618709,10.210209,UNCHECKED
480p,44,val_044.png,853,480,409440,min_tree,8,ref6,1,0,40.344084,29466,29466,29466,proposed,0,0,0,0,0,0,0,4349395350004388735,70.618709,10.210209,UNCHECKED
480p,44,val_044.png,853,480,409440,min_tree,8,proposed,1,1,42.523709,29466,29466,29466,proposed,0,0,0,0,0,0,0,4349395350004388735,70.618709,10.210209,UNCHECKED
480p,44,val_044.png,853,480,409440,min_tree,8,proposed,2,0,42.752792,29466,29466,29466,proposed,0,0,0,0,0,0,0,4349395350004388735,70.618709,10.210209,UNCHECKED
480p,44,val_044.png,853,480,409440,min_tree,8,ref6,2,1,41.279834,29466,29466,29466,proposed,0,0,0,0,0,0,0,4349395350004388735,70.618709,10.210209,UNCHECKED
480p,44,val_044.png,853,480,409440,tree_of_shapes,4/8,ref5_original,0,0,614.305625,69765,69765,69765,proposed,6980,739,6868,6904,0,0,133,7115517879836813873,356.138792,4.198666,UNCHECKED
480p,44,val_044.png,853,480,409440,tree_of_shapes,4/8,proposed,0,1,49.724833,69765,69765,69765,proposed,0,0,0,0,0,0,0,5565701500313742633,356.138792,4.198666,UNCHECKED
480p,44,val_044.png,853,480,409440,tree_of_shapes,4/8,proposed,1,0,47.927250,69765,69765,69765,proposed,0,0,0,0,0,0,0,5565701500313742633,356.138792,4.198666,UNCHECKED
480p,44,val_044.png,853,480,409440,tree_of_shapes,4/8,ref5_original,1,1,604.500334,69765,69765,69765,proposed,6980,739,6868,6904,0,0,133,7115517879836813873,356.138792,4.198666,UNCHECKED
480p,44,val_044.png,853,480,409440,tree_of_shapes,4/8,ref5_original,2,0,611.889042,69765,69765,69765,proposed,6980,739,6868,6904,0,0,133,7115517879836813873,356.138792,4.198666,UNCHECKED
480p,44,val_044.png,853,480,409440,tree_of_shapes,4/8,proposed,2,1,49.705625,69765,69765,69765,proposed,0,0,0,0,0,0,0,5565701500313742633,356.138792,4.198666,UNCHECKED
480p,45,val_045.png,853,480,409440,max_tree,8,proposed,0,0,40.010459,26285,26285,26285,proposed,0,0,0,0,0,0,0,7129857435003139828,70.120542,6.743541,UNCHECKED
480p,45,val_045.png,853,480,409440,max_tree,8,ref6,0,1,41.765667,26285,26285,26285,proposed,0,0,0,0,0,0,0,7129857435003139828,70.120542,6.743541,UNCHECKED
480p,45,val_045.png,853,480,409440,max_tree,8,ref6,1,0,40.977916,26285,26285,26285,proposed,0,0,0,0,0,0,0,7129857435003139828,70.120542,6.743541,UNCHECKED
480p,45,val_045.png,853,480,409440,max_tree,8,proposed,1,1,40.598000,26285,26285,26285,proposed,0,0,0,0,0,0,0,7129857435003139828,70.120542,6.743541,UNCHECKED
480p,45,val_045.png,853,480,409440,max_tree,8,proposed,2,0,42.310667,26285,26285,26285,proposed,0,0,0,0,0,0,0,7129857435003139828,70.120542,6.743541,UNCHECKED
480p,45,val_045.png,853,480,409440,max_tree,8,ref6,2,1,41.136791,26285,26285,26285,proposed,0,0,0,0,0,0,0,7129857435003139828,70.120542,6.743541,UNCHECKED
480p,45,val_045.png,853,480,409440,min_tree,8,ref6,0,0,41.166042,23948,23948,23948,proposed,0,0,0,0,0,0,0,12614146669422776199,81.408125,8.877500,UNCHECKED
480p,45,val_045.png,853,480,409440,min_tree,8,proposed,0,1,39.884542,23948,23948,23948,proposed,0,0,0,0,0,0,0,12614146669422776199,81.408125,8.877500,UNCHECKED
480p,45,val_045.png,853,480,409440,min_tree,8,proposed,1,0,39.890667,23948,23948,23948,proposed,0,0,0,0,0,0,0,12614146669422776199,81.408125,8.877500,UNCHECKED
480p,45,val_045.png,853,480,409440,min_tree,8,ref6,1,1,40.687375,23948,23948,23948,proposed,0,0,0,0,0,0,0,12614146669422776199,81.408125,8.877500,UNCHECKED
480p,45,val_045.png,853,480,409440,min_tree,8,ref6,2,0,40.385875,23948,23948,23948,proposed,0,0,0,0,0,0,0,12614146669422776199,81.408125,8.877500,UNCHECKED
480p,45,val_045.png,853,480,409440,min_tree,8,proposed,2,1,39.651708,23948,23948,23948,proposed,0,0,0,0,0,0,0,12614146669422776199,81.408125,8.877500,UNCHECKED
480p,45,val_045.png,853,480,409440,tree_of_shapes,4/8,proposed,0,0,44.814167,54512,54512,54512,proposed,0,0,0,0,0,0,0,17610728404223278477,355.696042,3.830791,UNCHECKED
480p,45,val_045.png,853,480,409440,tree_of_shapes,4/8,ref5_original,0,1,596.716500,54512,54512,54512,proposed,6628,879,6515,6500,0,0,201,597760168214588867,355.696042,3.830791,UNCHECKED
480p,45,val_045.png,853,480,409440,tree_of_shapes,4/8,ref5_original,1,0,591.345541,54512,54512,54512,proposed,6628,879,6515,6500,0,0,201,597760168214588867,355.696042,3.830791,UNCHECKED
480p,45,val_045.png,853,480,409440,tree_of_shapes,4/8,proposed,1,1,44.722916,54512,54512,54512,proposed,0,0,0,0,0,0,0,17610728404223278477,355.696042,3.830791,UNCHECKED
480p,45,val_045.png,853,480,409440,tree_of_shapes,4/8,proposed,2,0,43.669792,54512,54512,54512,proposed,0,0,0,0,0,0,0,17610728404223278477,355.696042,3.830791,UNCHECKED
480p,45,val_045.png,853,480,409440,tree_of_shapes,4/8,ref5_original,2,1,593.691708,54512,54512,54512,proposed,6628,879,6515,6500,0,0,201,597760168214588867,355.696042,3.830791,UNCHECKED
480p,46,val_046.png,853,480,409440,max_tree,8,ref6,0,0,43.775709,49755,49755,49755,proposed,0,0,0,0,0,0,0,2724798998719129462,77.219125,3.922500,UNCHECKED
480p,46,val_046.png,853,480,409440,max_tree,8,proposed,0,1,46.125042,49755,49755,49755,proposed,0,0,0,0,0,0,0,2724798998719129462,77.219125,3.922500,UNCHECKED
480p,46,val_046.png,853,480,409440,max_tree,8,proposed,1,0,45.901959,49755,49755,49755,proposed,0,0,0,0,0,0,0,2724798998719129462,77.219125,3.922500,UNCHECKED
480p,46,val_046.png,853,480,409440,max_tree,8,ref6,1,1,44.349625,49755,49755,49755,proposed,0,0,0,0,0,0,0,2724798998719129462,77.219125,3.922500,UNCHECKED
480p,46,val_046.png,853,480,409440,max_tree,8,ref6,2,0,43.894791,49755,49755,49755,proposed,0,0,0,0,0,0,0,2724798998719129462,77.219125,3.922500,UNCHECKED
480p,46,val_046.png,853,480,409440,max_tree,8,proposed,2,1,46.508166,49755,49755,49755,proposed,0,0,0,0,0,0,0,2724798998719129462,77.219125,3.922500,UNCHECKED
480p,46,val_046.png,853,480,409440,min_tree,8,proposed,0,0,45.565083,34640,34640,34640,proposed,0,0,0,0,0,0,0,1884122903417184684,74.924250,6.564125,UNCHECKED
480p,46,val_046.png,853,480,409440,min_tree,8,ref6,0,1,44.140625,34640,34640,34640,proposed,0,0,0,0,0,0,0,1884122903417184684,74.924250,6.564125,UNCHECKED
480p,46,val_046.png,853,480,409440,min_tree,8,ref6,1,0,44.693375,34640,34640,34640,proposed,0,0,0,0,0,0,0,1884122903417184684,74.924250,6.564125,UNCHECKED
480p,46,val_046.png,853,480,409440,min_tree,8,proposed,1,1,49.465459,34640,34640,34640,proposed,0,0,0,0,0,0,0,1884122903417184684,74.924250,6.564125,UNCHECKED
480p,46,val_046.png,853,480,409440,min_tree,8,proposed,2,0,46.342291,34640,34640,34640,proposed,0,0,0,0,0,0,0,1884122903417184684,74.924250,6.564125,UNCHECKED
480p,46,val_046.png,853,480,409440,min_tree,8,ref6,2,1,45.847833,34640,34640,34640,proposed,0,0,0,0,0,0,0,1884122903417184684,74.924250,6.564125,UNCHECKED
480p,46,val_046.png,853,480,409440,tree_of_shapes,4/8,ref5_original,0,0,713.878041,91473,91473,91473,proposed,9500,1004,9345,9345,0,0,192,4750852248389416048,400.671417,4.507750,UNCHECKED
480p,46,val_046.png,853,480,409440,tree_of_shapes,4/8,proposed,0,1,64.855167,91473,91473,91473,proposed,0,0,0,0,0,0,0,770982276135125782,400.671417,4.507750,UNCHECKED
480p,46,val_046.png,853,480,409440,tree_of_shapes,4/8,proposed,1,0,77.324583,91473,91473,91473,proposed,0,0,0,0,0,0,0,770982276135125782,400.671417,4.507750,UNCHECKED
480p,46,val_046.png,853,480,409440,tree_of_shapes,4/8,ref5_original,1,1,689.053375,91473,91473,91473,proposed,9500,1004,9345,9345,0,0,192,4750852248389416048,400.671417,4.507750,UNCHECKED
480p,46,val_046.png,853,480,409440,tree_of_shapes,4/8,ref5_original,2,0,638.602375,91473,91473,91473,proposed,9500,1004,9345,9345,0,0,192,4750852248389416048,400.671417,4.507750,UNCHECKED
480p,46,val_046.png,853,480,409440,tree_of_shapes,4/8,proposed,2,1,60.424584,91473,91473,91473,proposed,0,0,0,0,0,0,0,770982276135125782,400.671417,4.507750,UNCHECKED
480p,47,val_047.png,853,480,409440,max_tree,8,proposed,0,0,46.159750,43828,43828,43828,proposed,0,0,0,0,0,0,0,12924059210589406675,79.320083,4.839750,UNCHECKED
480p,47,val_047.png,853,480,409440,max_tree,8,ref6,0,1,43.685000,43828,43828,43828,proposed,0,0,0,0,0,0,0,12924059210589406675,79.320083,4.839750,UNCHECKED
480p,47,val_047.png,853,480,409440,max_tree,8,ref6,1,0,43.331375,43828,43828,43828,proposed,0,0,0,0,0,0,0,12924059210589406675,79.320083,4.839750,UNCHECKED
480p,47,val_047.png,853,480,409440,max_tree,8,proposed,1,1,45.834125,43828,43828,43828,proposed,0,0,0,0,0,0,0,12924059210589406675,79.320083,4.839750,UNCHECKED
480p,47,val_047.png,853,480,409440,max_tree,8,proposed,2,0,45.762542,43828,43828,43828,proposed,0,0,0,0,0,0,0,12924059210589406675,79.320083,4.839750,UNCHECKED
480p,47,val_047.png,853,480,409440,max_tree,8,ref6,2,1,45.309500,43828,43828,43828,proposed,0,0,0,0,0,0,0,12924059210589406675,79.320083,4.839750,UNCHECKED
480p,47,val_047.png,853,480,409440,min_tree,8,ref6,0,0,42.688500,38208,38208,38208,proposed,0,0,0,0,0,0,0,5533661285018554904,77.226417,5.286042,UNCHECKED
480p,47,val_047.png,853,480,409440,min_tree,8,proposed,0,1,46.146291,38208,38208,38208,proposed,0,0,0,0,0,0,0,5533661285018554904,77.226417,5.286042,UNCHECKED
480p,47,val_047.png,853,480,409440,min_tree,8,proposed,1,0,45.599625,38208,38208,38208,proposed,0,0,0,0,0,0,0,5533661285018554904,77.226417,5.286042,UNCHECKED
480p,47,val_047.png,853,480,409440,min_tree,8,ref6,1,1,41.772375,38208,38208,38208,proposed,0,0,0,0,0,0,0,5533661285018554904,77.226417,5.286042,UNCHECKED
480p,47,val_047.png,853,480,409440,min_tree,8,ref6,2,0,42.350666,38208,38208,38208,proposed,0,0,0,0,0,0,0,5533661285018554904,77.226417,5.286042,UNCHECKED
480p,47,val_047.png,853,480,409440,min_tree,8,proposed,2,1,45.537791,38208,38208,38208,proposed,0,0,0,0,0,0,0,5533661285018554904,77.226417,5.286042,UNCHECKED
480p,47,val_047.png,853,480,409440,tree_of_shapes,4/8,proposed,0,0,59.921834,88003,88003,88003,proposed,0,0,0,0,0,0,0,1028670403109847284,387.832750,4.173958,UNCHECKED
480p,47,val_047.png,853,480,409440,tree_of_shapes,4/8,ref5_original,0,1,640.077917,88003,88003,88003,proposed,11810,1338,11617,11617,0,0,109,697740660415793055,387.832750,4.173958,UNCHECKED
480p,47,val_047.png,853,480,409440,tree_of_shapes,4/8,ref5_original,1,0,626.345292,88003,88003,88003,proposed,11810,1338,11617,11617,0,0,109,697740660415793055,387.832750,4.173958,UNCHECKED
480p,47,val_047.png,853,480,409440,tree_of_shapes,4/8,proposed,1,1,56.875000,88003,88003,88003,proposed,0,0,0,0,0,0,0,1028670403109847284,387.832750,4.173958,UNCHECKED
480p,47,val_047.png,853,480,409440,tree_of_shapes,4/8,proposed,2,0,56.535166,88003,88003,88003,proposed,0,0,0,0,0,0,0,1028670403109847284,387.832750,4.173958,UNCHECKED
480p,47,val_047.png,853,480,409440,tree_of_shapes,4/8,ref5_original,2,1,623.417625,88003,88003,88003,proposed,11810,1338,11617,11617,0,0,109,697740660415793055,387.832750,4.173958,UNCHECKED
480p,48,val_048.png,853,480,409440,max_tree,8,ref6,0,0,42.926750,77671,77671,77671,proposed,0,0,0,0,0,0,0,18163763331489886776,82.382333,5.156458,UNCHECKED
480p,48,val_048.png,853,480,409440,max_tree,8,proposed,0,1,47.166916,77671,77671,77671,proposed,0,0,0,0,0,0,0,18163763331489886776,82.382333,5.156458,UNCHECKED
480p,48,val_048.png,853,480,409440,max_tree,8,proposed,1,0,47.535416,77671,77671,77671,proposed,0,0,0,0,0,0,0,18163763331489886776,82.382333,5.156458,UNCHECKED
480p,48,val_048.png,853,480,409440,max_tree,8,ref6,1,1,43.439959,77671,77671,77671,proposed,0,0,0,0,0,0,0,18163763331489886776,82.382333,5.156458,UNCHECKED
480p,48,val_048.png,853,480,409440,max_tree,8,ref6,2,0,42.936000,77671,77671,77671,proposed,0,0,0,0,0,0,0,18163763331489886776,82.382333,5.156458,UNCHECKED
480p,48,val_048.png,853,480,409440,max_tree,8,proposed,2,1,47.108333,77671,77671,77671,proposed,0,0,0,0,0,0,0,18163763331489886776,82.382333,5.156458,UNCHECKED
480p,48,val_048.png,853,480,409440,min_tree,8,proposed,0,0,46.925167,57115,57115,57115,proposed,0,0,0,0,0,0,0,6312297523527344997,82.020959,4.703000,UNCHECKED
480p,48,val_048.png,853,480,409440,min_tree,8,ref6,0,1,42.065250,57115,57115,57115,proposed,0,0,0,0,0,0,0,6312297523527344997,82.020959,4.703000,UNCHECKED
480p,48,val_048.png,853,480,409440,min_tree,8,ref6,1,0,41.447958,57115,57115,57115,proposed,0,0,0,0,0,0,0,6312297523527344997,82.020959,4.703000,UNCHECKED
480p,48,val_048.png,853,480,409440,min_tree,8,proposed,1,1,46.920083,57115,57115,57115,proposed,0,0,0,0,0,0,0,6312297523527344997,82.020959,4.703000,UNCHECKED
480p,48,val_048.png,853,480,409440,min_tree,8,proposed,2,0,46.948250,57115,57115,57115,proposed,0,0,0,0,0,0,0,6312297523527344997,82.020959,4.703000,UNCHECKED
480p,48,val_048.png,853,480,409440,min_tree,8,ref6,2,1,42.703708,57115,57115,57115,proposed,0,0,0,0,0,0,0,6312297523527344997,82.020959,4.703000,UNCHECKED
480p,48,val_048.png,853,480,409440,tree_of_shapes,4/8,ref5_original,0,0,681.035708,146380,146380,146380,proposed,18528,2386,18277,18250,0,0,211,13596491475108910898,423.522625,6.410792,UNCHECKED
480p,48,val_048.png,853,480,409440,tree_of_shapes,4/8,proposed,0,1,72.968084,146380,146380,146380,proposed,0,0,0,0,0,0,0,1899744443221088465,423.522625,6.410792,UNCHECKED
480p,48,val_048.png,853,480,409440,tree_of_shapes,4/8,proposed,1,0,72.953375,146380,146380,146380,proposed,0,0,0,0,0,0,0,1899744443221088465,423.522625,6.410792,UNCHECKED
480p,48,val_048.png,853,480,409440,tree_of_shapes,4/8,ref5_original,1,1,664.204916,146380,146380,146380,proposed,18528,2386,18277,18250,0,0,211,13596491475108910898,423.522625,6.410792,UNCHECKED
480p,48,val_048.png,853,480,409440,tree_of_shapes,4/8,ref5_original,2,0,675.658625,146380,146380,146380,proposed,18528,2386,18277,18250,0,0,211,13596491475108910898,423.522625,6.410792,UNCHECKED
480p,48,val_048.png,853,480,409440,tree_of_shapes,4/8,proposed,2,1,72.605417,146380,146380,146380,proposed,0,0,0,0,0,0,0,1899744443221088465,423.522625,6.410792,UNCHECKED
480p,49,val_049.png,853,480,409440,max_tree,8,proposed,0,0,41.790292,29621,29621,29621,proposed,0,0,0,0,0,0,0,2199623703062618092,71.093333,9.900458,UNCHECKED
480p,49,val_049.png,853,480,409440,max_tree,8,ref6,0,1,42.147833,29621,29621,29621,proposed,0,0,0,0,0,0,0,2199623703062618092,71.093333,9.900458,UNCHECKED
480p,49,val_049.png,853,480,409440,max_tree,8,ref6,1,0,40.565875,29621,29621,29621,proposed,0,0,0,0,0,0,0,2199623703062618092,71.093333,9.900458,UNCHECKED
480p,49,val_049.png,853,480,409440,max_tree,8,proposed,1,1,41.917250,29621,29621,29621,proposed,0,0,0,0,0,0,0,2199623703062618092,71.093333,9.900458,UNCHECKED
480p,49,val_049.png,853,480,409440,max_tree,8,proposed,2,0,42.177000,29621,29621,29621,proposed,0,0,0,0,0,0,0,2199623703062618092,71.093333,9.900458,UNCHECKED
480p,49,val_049.png,853,480,409440,max_tree,8,ref6,2,1,41.681125,29621,29621,29621,proposed,0,0,0,0,0,0,0,2199623703062618092,71.093333,9.900458,UNCHECKED
480p,49,val_049.png,853,480,409440,min_tree,8,ref6,0,0,41.180333,21879,21879,21879,proposed,0,0,0,0,0,0,0,16167158365936539407,69.798542,12.646292,UNCHECKED
480p,49,val_049.png,853,480,409440,min_tree,8,proposed,0,1,45.202833,21879,21879,21879,proposed,0,0,0,0,0,0,0,16167158365936539407,69.798542,12.646292,UNCHECKED
480p,49,val_049.png,853,480,409440,min_tree,8,proposed,1,0,45.270625,21879,21879,21879,proposed,0,0,0,0,0,0,0,16167158365936539407,69.798542,12.646292,UNCHECKED
480p,49,val_049.png,853,480,409440,min_tree,8,ref6,1,1,42.673125,21879,21879,21879,proposed,0,0,0,0,0,0,0,16167158365936539407,69.798542,12.646292,UNCHECKED
480p,49,val_049.png,853,480,409440,min_tree,8,ref6,2,0,41.805000,21879,21879,21879,proposed,0,0,0,0,0,0,0,16167158365936539407,69.798542,12.646292,UNCHECKED
480p,49,val_049.png,853,480,409440,min_tree,8,proposed,2,1,44.727583,21879,21879,21879,proposed,0,0,0,0,0,0,0,16167158365936539407,69.798542,12.646292,UNCHECKED
480p,49,val_049.png,853,480,409440,tree_of_shapes,4/8,proposed,0,0,45.921583,55446,55446,55446,proposed,0,0,0,0,0,0,0,6015682017240157131,357.251417,5.045875,UNCHECKED
480p,49,val_049.png,853,480,409440,tree_of_shapes,4/8,ref5_original,0,1,595.920958,55446,55446,55446,proposed,4986,467,4900,4905,0,0,143,13596654158591286559,357.251417,5.045875,UNCHECKED
480p,49,val_049.png,853,480,409440,tree_of_shapes,4/8,ref5_original,1,0,618.492125,55446,55446,55446,proposed,4986,467,4900,4905,0,0,143,13596654158591286559,357.251417,5.045875,UNCHECKED
480p,49,val_049.png,853,480,409440,tree_of_shapes,4/8,proposed,1,1,52.864917,55446,55446,55446,proposed,0,0,0,0,0,0,0,6015682017240157131,357.251417,5.045875,UNCHECKED
480p,49,val_049.png,853,480,409440,tree_of_shapes,4/8,proposed,2,0,60.178209,55446,55446,55446,proposed,0,0,0,0,0,0,0,6015682017240157131,357.251417,5.045875,UNCHECKED
480p,49,val_049.png,853,480,409440,tree_of_shapes,4/8,ref5_original,2,1,754.169208,55446,55446,55446,proposed,4986,467,4900,4905,0,0,143,13596654158591286559,357.251417,5.045875,UNCHECKED
480p,50,val_050.png,853,480,409440,max_tree,8,ref6,0,0,42.261125,31376,31376,31376,proposed,0,0,0,0,0,0,0,3146089837310407096,80.586208,10.588667,UNCHECKED
480p,50,val_050.png,853,480,409440,max_tree,8,proposed,0,1,43.041417,31376,31376,31376,proposed,0,0,0,0,0,0,0,3146089837310407096,80.586208,10.588667,UNCHECKED
480p,50,val_050.png,853,480,409440,max_tree,8,proposed,1,0,43.056417,31376,31376,31376,proposed,0,0,0,0,0,0,0,3146089837310407096,80.586208,10.588667,UNCHECKED
480p,50,val_050.png,853,480,409440,max_tree,8,ref6,1,1,42.326000,31376,31376,31376,proposed,0,0,0,0,0,0,0,3146089837310407096,80.586208,10.588667,UNCHECKED
480p,50,val_050.png,853,480,409440,max_tree,8,ref6,2,0,43.951458,31376,31376,31376,proposed,0,0,0,0,0,0,0,3146089837310407096,80.586208,10.588667,UNCHECKED
480p,50,val_050.png,853,480,409440,max_tree,8,proposed,2,1,43.064917,31376,31376,31376,proposed,0,0,0,0,0,0,0,3146089837310407096,80.586208,10.588667,UNCHECKED
480p,50,val_050.png,853,480,409440,min_tree,8,proposed,0,0,45.885334,24931,24931,24931,proposed,0,0,0,0,0,0,0,13584021309336909522,70.659208,10.499125,UNCHECKED
480p,50,val_050.png,853,480,409440,min_tree,8,ref6,0,1,44.419375,24931,24931,24931,proposed,0,0,0,0,0,0,0,13584021309336909522,70.659208,10.499125,UNCHECKED
480p,50,val_050.png,853,480,409440,min_tree,8,ref6,1,0,43.843792,24931,24931,24931,proposed,0,0,0,0,0,0,0,13584021309336909522,70.659208,10.499125,UNCHECKED
480p,50,val_050.png,853,480,409440,min_tree,8,proposed,1,1,42.686834,24931,24931,24931,proposed,0,0,0,0,0,0,0,13584021309336909522,70.659208,10.499125,UNCHECKED
480p,50,val_050.png,853,480,409440,min_tree,8,proposed,2,0,42.204625,24931,24931,24931,proposed,0,0,0,0,0,0,0,13584021309336909522,70.659208,10.499125,UNCHECKED
480p,50,val_050.png,853,480,409440,min_tree,8,ref6,2,1,43.034459,24931,24931,24931,proposed,0,0,0,0,0,0,0,13584021309336909522,70.659208,10.499125,UNCHECKED
480p,50,val_050.png,853,480,409440,tree_of_shapes,4/8,ref5_original,0,0,580.087917,61373,61373,61373,proposed,6988,958,6847,6873,0,0,147,9498319876773012214,361.447708,4.647625,UNCHECKED
480p,50,val_050.png,853,480,409440,tree_of_shapes,4/8,proposed,0,1,45.991459,61373,61373,61373,proposed,0,0,0,0,0,0,0,71407868192600918,361.447708,4.647625,UNCHECKED
480p,50,val_050.png,853,480,409440,tree_of_shapes,4/8,proposed,1,0,44.667417,61373,61373,61373,proposed,0,0,0,0,0,0,0,71407868192600918,361.447708,4.647625,UNCHECKED
480p,50,val_050.png,853,480,409440,tree_of_shapes,4/8,ref5_original,1,1,583.542209,61373,61373,61373,proposed,6988,958,6847,6873,0,0,147,9498319876773012214,361.447708,4.647625,UNCHECKED
480p,50,val_050.png,853,480,409440,tree_of_shapes,4/8,ref5_original,2,0,582.501708,61373,61373,61373,proposed,6988,958,6847,6873,0,0,147,9498319876773012214,361.447708,4.647625,UNCHECKED
480p,50,val_050.png,853,480,409440,tree_of_shapes,4/8,proposed,2,1,45.685667,61373,61373,61373,proposed,0,0,0,0,0,0,0,71407868192600918,361.447708,4.647625,UNCHECKED
480p,51,val_051.png,853,480,409440,max_tree,8,proposed,0,0,40.673583,41682,41682,41682,proposed,0,0,0,0,0,0,0,4112813353359183600,69.843875,8.569209,UNCHECKED
480p,51,val_051.png,853,480,409440,max_tree,8,ref6,0,1,39.659125,41682,41682,41682,proposed,0,0,0,0,0,0,0,4112813353359183600,69.843875,8.569209,UNCHECKED
480p,51,val_051.png,853,480,409440,max_tree,8,ref6,1,0,40.162375,41682,41682,41682,proposed,0,0,0,0,0,0,0,4112813353359183600,69.843875,8.569209,UNCHECKED
480p,51,val_051.png,853,480,409440,max_tree,8,proposed,1,1,40.798417,41682,41682,41682,proposed,0,0,0,0,0,0,0,4112813353359183600,69.843875,8.569209,UNCHECKED
480p,51,val_051.png,853,480,409440,max_tree,8,proposed,2,0,40.879000,41682,41682,41682,proposed,0,0,0,0,0,0,0,4112813353359183600,69.843875,8.569209,UNCHECKED
480p,51,val_051.png,853,480,409440,max_tree,8,ref6,2,1,39.937041,41682,41682,41682,proposed,0,0,0,0,0,0,0,4112813353359183600,69.843875,8.569209,UNCHECKED
480p,51,val_051.png,853,480,409440,min_tree,8,ref6,0,0,37.959542,33741,33741,33741,proposed,0,0,0,0,0,0,0,11055710951835921680,68.765041,7.635125,UNCHECKED
480p,51,val_051.png,853,480,409440,min_tree,8,proposed,0,1,40.347458,33741,33741,33741,proposed,0,0,0,0,0,0,0,11055710951835921680,68.765041,7.635125,UNCHECKED
480p,51,val_051.png,853,480,409440,min_tree,8,proposed,1,0,40.476542,33741,33741,33741,proposed,0,0,0,0,0,0,0,11055710951835921680,68.765041,7.635125,UNCHECKED
480p,51,val_051.png,853,480,409440,min_tree,8,ref6,1,1,37.945791,33741,33741,33741,proposed,0,0,0,0,0,0,0,11055710951835921680,68.765041,7.635125,UNCHECKED
480p,51,val_051.png,853,480,409440,min_tree,8,ref6,2,0,38.589250,33741,33741,33741,proposed,0,0,0,0,0,0,0,11055710951835921680,68.765041,7.635125,UNCHECKED
480p,51,val_051.png,853,480,409440,min_tree,8,proposed,2,1,41.013917,33741,33741,33741,proposed,0,0,0,0,0,0,0,11055710951835921680,68.765041,7.635125,UNCHECKED
480p,51,val_051.png,853,480,409440,tree_of_shapes,4/8,proposed,0,0,43.862500,81055,81055,81055,proposed,0,0,0,0,0,0,0,6487953366522156271,342.169667,6.359250,UNCHECKED
480p,51,val_051.png,853,480,409440,tree_of_shapes,4/8,ref5_original,0,1,580.804666,81055,81055,81055,proposed,8517,1260,8334,8341,0,0,179,10135421709739793725,342.169667,6.359250,UNCHECKED
480p,51,val_051.png,853,480,409440,tree_of_shapes,4/8,ref5_original,1,0,579.340417,81055,81055,81055,proposed,8517,1260,8334,8341,0,0,179,10135421709739793725,342.169667,6.359250,UNCHECKED
480p,51,val_051.png,853,480,409440,tree_of_shapes,4/8,proposed,1,1,45.122000,81055,81055,81055,proposed,0,0,0,0,0,0,0,6487953366522156271,342.169667,6.359250,UNCHECKED
480p,51,val_051.png,853,480,409440,tree_of_shapes,4/8,proposed,2,0,45.035542,81055,81055,81055,proposed,0,0,0,0,0,0,0,6487953366522156271,342.169667,6.359250,UNCHECKED
480p,51,val_051.png,853,480,409440,tree_of_shapes,4/8,ref5_original,2,1,585.554875,81055,81055,81055,proposed,8517,1260,8334,8341,0,0,179,10135421709739793725,342.169667,6.359250,UNCHECKED
480p,52,val_052.png,853,480,409440,max_tree,8,ref6,0,0,38.608291,24547,24547,24547,proposed,0,0,0,0,0,0,0,23945423809885979,66.391291,10.246417,UNCHECKED
480p,52,val_052.png,853,480,409440,max_tree,8,proposed,0,1,40.207625,24547,24547,24547,proposed,0,0,0,0,0,0,0,23945423809885979,66.391291,10.246417,UNCHECKED
480p,52,val_052.png,853,480,409440,max_tree,8,proposed,1,0,40.251708,24547,24547,24547,proposed,0,0,0,0,0,0,0,23945423809885979,66.391291,10.246417,UNCHECKED
480p,52,val_052.png,853,480,409440,max_tree,8,ref6,1,1,41.017042,24547,24547,24547,proposed,0,0,0,0,0,0,0,23945423809885979,66.391291,10.246417,UNCHECKED
480p,52,val_052.png,853,480,409440,max_tree,8,ref6,2,0,42.769416,24547,24547,24547,proposed,0,0,0,0,0,0,0,23945423809885979,66.391291,10.246417,UNCHECKED
480p,52,val_052.png,853,480,409440,max_tree,8,proposed,2,1,44.069541,24547,24547,24547,proposed,0,0,0,0,0,0,0,23945423809885979,66.391291,10.246417,UNCHECKED
480p,52,val_052.png,853,480,409440,min_tree,8,proposed,0,0,40.259792,20750,20750,20750,proposed,0,0,0,0,0,0,0,4984090364543857794,68.423875,12.640583,UNCHECKED
480p,52,val_052.png,853,480,409440,min_tree,8,ref6,0,1,40.854709,20750,20750,20750,proposed,0,0,0,0,0,0,0,4984090364543857794,68.423875,12.640583,UNCHECKED
480p,52,val_052.png,853,480,409440,min_tree,8,ref6,1,0,42.608541,20750,20750,20750,proposed,0,0,0,0,0,0,0,4984090364543857794,68.423875,12.640583,UNCHECKED
480p,52,val_052.png,853,480,409440,min_tree,8,proposed,1,1,43.017041,20750,20750,20750,proposed,0,0,0,0,0,0,0,4984090364543857794,68.423875,12.640583,UNCHECKED
480p,52,val_052.png,853,480,409440,min_tree,8,proposed,2,0,42.830750,20750,20750,20750,proposed,0,0,0,0,0,0,0,4984090364543857794,68.423875,12.640583,UNCHECKED
480p,52,val_052.png,853,480,409440,min_tree,8,ref6,2,1,42.791125,20750,20750,20750,proposed,0,0,0,0,0,0,0,4984090364543857794,68.423875,12.640583,UNCHECKED
480p,52,val_052.png,853,480,409440,tree_of_shapes,4/8,ref5_original,0,0,597.413375,49699,49699,49699,proposed,5076,744,4984,4971,0,0,108,11015580003033582317,332.294458,7.821250,UNCHECKED
480p,52,val_052.png,853,480,409440,tree_of_shapes,4/8,proposed,0,1,64.881666,49699,49699,49699,proposed,0,0,0,0,0,0,0,1210945267249154966,332.294458,7.821250,UNCHECKED
480p,52,val_052.png,853,480,409440,tree_of_shapes,4/8,proposed,1,0,56.383041,49699,49699,49699,proposed,0,0,0,0,0,0,0,1210945267249154966,332.294458,7.821250,UNCHECKED
480p,52,val_052.png,853,480,409440,tree_of_shapes,4/8,ref5_original,1,1,622.733292,49699,49699,49699,proposed,5076,744,4984,4971,0,0,108,11015580003033582317,332.294458,7.821250,UNCHECKED
480p,52,val_052.png,853,480,409440,tree_of_shapes,4/8,ref5_original,2,0,575.417292,49699,49699,49699,proposed,5076,744,4984,4971,0,0,108,11015580003033582317,332.294458,7.821250,UNCHECKED
480p,52,val_052.png,853,480,409440,tree_of_shapes,4/8,proposed,2,1,40.301250,49699,49699,49699,proposed,0,0,0,0,0,0,0,1210945267249154966,332.294458,7.821250,UNCHECKED
480p,53,val_053.png,853,480,409440,max_tree,8,proposed,0,0,45.335917,32159,32159,32159,proposed,0,0,0,0,0,0,0,10717388164757963373,69.423291,5.729500,UNCHECKED
480p,53,val_053.png,853,480,409440,max_tree,8,ref6,0,1,41.255709,32159,32159,32159,proposed,0,0,0,0,0,0,0,10717388164757963373,69.423291,5.729500,UNCHECKED
480p,53,val_053.png,853,480,409440,max_tree,8,ref6,1,0,40.945708,32159,32159,32159,proposed,0,0,0,0,0,0,0,10717388164757963373,69.423291,5.729500,UNCHECKED
480p,53,val_053.png,853,480,409440,max_tree,8,proposed,1,1,45.147167,32159,32159,32159,proposed,0,0,0,0,0,0,0,10717388164757963373,69.423291,5.729500,UNCHECKED
480p,53,val_053.png,853,480,409440,max_tree,8,proposed,2,0,45.270292,32159,32159,32159,proposed,0,0,0,0,0,0,0,10717388164757963373,69.423291,5.729500,UNCHECKED
480p,53,val_053.png,853,480,409440,max_tree,8,ref6,2,1,41.649250,32159,32159,32159,proposed,0,0,0,0,0,0,0,10717388164757963373,69.423291,5.729500,UNCHECKED
480p,53,val_053.png,853,480,409440,min_tree,8,ref6,0,0,40.068875,25798,25798,25798,proposed,0,0,0,0,0,0,0,16033360685723812178,67.913417,5.549917,UNCHECKED
480p,53,val_053.png,853,480,409440,min_tree,8,proposed,0,1,44.941667,25798,25798,25798,proposed,0,0,0,0,0,0,0,16033360685723812178,67.913417,5.549917,UNCHECKED
480p,53,val_053.png,853,480,409440,min_tree,8,proposed,1,0,44.868500,25798,25798,25798,proposed,0,0,0,0,0,0,0,16033360685723812178,67.913417,5.549917,UNCHECKED
480p,53,val_053.png,853,480,409440,min_tree,8,ref6,1,1,39.507750,25798,25798,25798,proposed,0,0,0,0,0,0,0,16033360685723812178,67.913417,5.549917,UNCHECKED
480p,53,val_053.png,853,480,409440,min_tree,8,ref6,2,0,39.432542,25798,25798,25798,proposed,0,0,0,0,0,0,0,16033360685723812178,67.913417,5.549917,UNCHECKED
480p,53,val_053.png,853,480,409440,min_tree,8,proposed,2,1,45.022583,25798,25798,25798,proposed,0,0,0,0,0,0,0,16033360685723812178,67.913417,5.549917,UNCHECKED
480p,53,val_053.png,853,480,409440,tree_of_shapes,4/8,proposed,0,0,44.691250,63636,63636,63636,proposed,0,0,0,0,0,0,0,4457698261931563008,334.914750,4.234500,UNCHECKED
480p,53,val_053.png,853,480,409440,tree_of_shapes,4/8,ref5_original,0,1,581.494458,63636,63636,63636,proposed,7426,1092,7300,7317,0,0,170,6772386477179067661,334.914750,4.234500,UNCHECKED
480p,53,val_053.png,853,480,409440,tree_of_shapes,4/8,ref5_original,1,0,587.420167,63636,63636,63636,proposed,7426,1092,7300,7317,0,0,170,6772386477179067661,334.914750,4.234500,UNCHECKED
480p,53,val_053.png,853,480,409440,tree_of_shapes,4/8,proposed,1,1,45.294708,63636,63636,63636,proposed,0,0,0,0,0,0,0,4457698261931563008,334.914750,4.234500,UNCHECKED
480p,53,val_053.png,853,480,409440,tree_of_shapes,4/8,proposed,2,0,43.397959,63636,63636,63636,proposed,0,0,0,0,0,0,0,4457698261931563008,334.914750,4.234500,UNCHECKED
480p,53,val_053.png,853,480,409440,tree_of_shapes,4/8,ref5_original,2,1,588.404583,63636,63636,63636,proposed,7426,1092,7300,7317,0,0,170,6772386477179067661,334.914750,4.234500,UNCHECKED
480p,54,val_054.png,853,480,409440,max_tree,8,ref6,0,0,42.891250,39912,39912,39912,proposed,0,0,0,0,0,0,0,13493333667374852019,71.194125,7.654291,UNCHECKED
480p,54,val_054.png,853,480,409440,max_tree,8,proposed,0,1,43.293958,39912,39912,39912,proposed,0,0,0,0,0,0,0,13493333667374852019,71.194125,7.654291,UNCHECKED
480p,54,val_054.png,853,480,409440,max_tree,8,proposed,1,0,41.927333,39912,39912,39912,proposed,0,0,0,0,0,0,0,13493333667374852019,71.194125,7.654291,UNCHECKED
480p,54,val_054.png,853,480,409440,max_tree,8,ref6,1,1,41.404250,39912,39912,39912,proposed,0,0,0,0,0,0,0,13493333667374852019,71.194125,7.654291,UNCHECKED
480p,54,val_054.png,853,480,409440,max_tree,8,ref6,2,0,41.962709,39912,39912,39912,proposed,0,0,0,0,0,0,0,13493333667374852019,71.194125,7.654291,UNCHECKED
480p,54,val_054.png,853,480,409440,max_tree,8,proposed,2,1,43.695416,39912,39912,39912,proposed,0,0,0,0,0,0,0,13493333667374852019,71.194125,7.654291,UNCHECKED
480p,54,val_054.png,853,480,409440,min_tree,8,proposed,0,0,43.074083,32949,32949,32949,proposed,0,0,0,0,0,0,0,16541749595225273934,70.071834,7.559500,UNCHECKED
480p,54,val_054.png,853,480,409440,min_tree,8,ref6,0,1,43.510500,32949,32949,32949,proposed,0,0,0,0,0,0,0,16541749595225273934,70.071834,7.559500,UNCHECKED
480p,54,val_054.png,853,480,409440,min_tree,8,ref6,1,0,42.667708,32949,32949,32949,proposed,0,0,0,0,0,0,0,16541749595225273934,70.071834,7.559500,UNCHECKED
480p,54,val_054.png,853,480,409440,min_tree,8,proposed,1,1,43.388750,32949,32949,32949,proposed,0,0,0,0,0,0,0,16541749595225273934,70.071834,7.559500,UNCHECKED
480p,54,val_054.png,853,480,409440,min_tree,8,proposed,2,0,43.373792,32949,32949,32949,proposed,0,0,0,0,0,0,0,16541749595225273934,70.071834,7.559500,UNCHECKED
480p,54,val_054.png,853,480,409440,min_tree,8,ref6,2,1,42.824125,32949,32949,32949,proposed,0,0,0,0,0,0,0,16541749595225273934,70.071834,7.559500,UNCHECKED
480p,54,val_054.png,853,480,409440,tree_of_shapes,4/8,ref5_original,0,0,585.056959,78850,78850,78850,proposed,9827,1226,9699,9643,0,0,119,2154926612507266690,356.833500,6.848875,UNCHECKED
480p,54,val_054.png,853,480,409440,tree_of_shapes,4/8,proposed,0,1,43.496041,78850,78850,78850,proposed,0,0,0,0,0,0,0,10276468326128488478,356.833500,6.848875,UNCHECKED
480p,54,val_054.png,853,480,409440,tree_of_shapes,4/8,proposed,1,0,42.213833,78850,78850,78850,proposed,0,0,0,0,0,0,0,10276468326128488478,356.833500,6.848875,UNCHECKED
480p,54,val_054.png,853,480,409440,tree_of_shapes,4/8,ref5_original,1,1,577.193416,78850,78850,78850,proposed,9827,1226,9699,9643,0,0,119,2154926612507266690,356.833500,6.848875,UNCHECKED
480p,54,val_054.png,853,480,409440,tree_of_shapes,4/8,ref5_original,2,0,576.868875,78850,78850,78850,proposed,9827,1226,9699,9643,0,0,119,2154926612507266690,356.833500,6.848875,UNCHECKED
480p,54,val_054.png,853,480,409440,tree_of_shapes,4/8,proposed,2,1,43.427542,78850,78850,78850,proposed,0,0,0,0,0,0,0,10276468326128488478,356.833500,6.848875,UNCHECKED
480p,55,val_055.png,853,480,409440,max_tree,8,proposed,0,0,45.349291,64067,64067,64067,proposed,0,0,0,0,0,0,0,11755217600509588863,76.769292,4.324125,UNCHECKED
480p,55,val_055.png,853,480,409440,max_tree,8,ref6,0,1,40.031500,64067,64067,64067,proposed,0,0,0,0,0,0,0,11755217600509588863,76.769292,4.324125,UNCHECKED
480p,55,val_055.png,853,480,409440,max_tree,8,ref6,1,0,39.160625,64067,64067,64067,proposed,0,0,0,0,0,0,0,11755217600509588863,76.769292,4.324125,UNCHECKED
480p,55,val_055.png,853,480,409440,max_tree,8,proposed,1,1,45.961542,64067,64067,64067,proposed,0,0,0,0,0,0,0,11755217600509588863,76.769292,4.324125,UNCHECKED
480p,55,val_055.png,853,480,409440,max_tree,8,proposed,2,0,45.909208,64067,64067,64067,proposed,0,0,0,0,0,0,0,11755217600509588863,76.769292,4.324125,UNCHECKED
480p,55,val_055.png,853,480,409440,max_tree,8,ref6,2,1,39.817375,64067,64067,64067,proposed,0,0,0,0,0,0,0,11755217600509588863,76.769292,4.324125,UNCHECKED
480p,55,val_055.png,853,480,409440,min_tree,8,ref6,0,0,40.468542,47007,47007,47007,proposed,0,0,0,0,0,0,0,10295846708445588939,77.179750,5.661458,UNCHECKED
480p,55,val_055.png,853,480,409440,min_tree,8,proposed,0,1,46.954666,47007,47007,47007,proposed,0,0,0,0,0,0,0,10295846708445588939,77.179750,5.661458,UNCHECKED
480p,55,val_055.png,853,480,409440,min_tree,8,proposed,1,0,46.137208,47007,47007,47007,proposed,0,0,0,0,0,0,0,10295846708445588939,77.179750,5.661458,UNCHECKED
480p,55,val_055.png,853,480,409440,min_tree,8,ref6,1,1,42.948041,47007,47007,47007,proposed,0,0,0,0,0,0,0,10295846708445588939,77.179750,5.661458,UNCHECKED
480p,55,val_055.png,853,480,409440,min_tree,8,ref6,2,0,43.951209,47007,47007,47007,proposed,0,0,0,0,0,0,0,10295846708445588939,77.179750,5.661458,UNCHECKED
480p,55,val_055.png,853,480,409440,min_tree,8,proposed,2,1,46.878875,47007,47007,47007,proposed,0,0,0,0,0,0,0,10295846708445588939,77.179750,5.661458,UNCHECKED
480p,55,val_055.png,853,480,409440,tree_of_shapes,4/8,proposed,0,0,53.964125,119429,119429,119429,proposed,0,0,0,0,0,0,0,17443244243251671855,389.026000,5.468375,UNCHECKED
480p,55,val_055.png,853,480,409440,tree_of_shapes,4/8,ref5_original,0,1,631.468750,119429,119429,119429,proposed,16077,1849,15806,15802,0,0,155,1680805545660629580,389.026000,5.468375,UNCHECKED
480p,55,val_055.png,853,480,409440,tree_of_shapes,4/8,ref5_original,1,0,629.376250,119429,119429,119429,proposed,16077,1849,15806,15802,0,0,155,1680805545660629580,389.026000,5.468375,UNCHECKED
480p,55,val_055.png,853,480,409440,tree_of_shapes,4/8,proposed,1,1,54.859541,119429,119429,119429,proposed,0,0,0,0,0,0,0,17443244243251671855,389.026000,5.468375,UNCHECKED
480p,55,val_055.png,853,480,409440,tree_of_shapes,4/8,proposed,2,0,54.284291,119429,119429,119429,proposed,0,0,0,0,0,0,0,17443244243251671855,389.026000,5.468375,UNCHECKED
480p,55,val_055.png,853,480,409440,tree_of_shapes,4/8,ref5_original,2,1,630.507375,119429,119429,119429,proposed,16077,1849,15806,15802,0,0,155,1680805545660629580,389.026000,5.468375,UNCHECKED
480p,56,val_056.png,853,480,409440,max_tree,8,ref6,0,0,43.779208,34302,34302,34302,proposed,0,0,0,0,0,0,0,12544280000899542922,72.238625,6.877750,UNCHECKED
480p,56,val_056.png,853,480,409440,max_tree,8,proposed,0,1,42.143292,34302,34302,34302,proposed,0,0,0,0,0,0,0,12544280000899542922,72.238625,6.877750,UNCHECKED
480p,56,val_056.png,853,480,409440,max_tree,8,proposed,1,0,42.429875,34302,34302,34302,proposed,0,0,0,0,0,0,0,12544280000899542922,72.238625,6.877750,UNCHECKED
480p,56,val_056.png,853,480,409440,max_tree,8,ref6,1,1,40.153000,34302,34302,34302,proposed,0,0,0,0,0,0,0,12544280000899542922,72.238625,6.877750,UNCHECKED
480p,56,val_056.png,853,480,409440,max_tree,8,ref6,2,0,40.075542,34302,34302,34302,proposed,0,0,0,0,0,0,0,12544280000899542922,72.238625,6.877750,UNCHECKED
480p,56,val_056.png,853,480,409440,max_tree,8,proposed,2,1,41.726625,34302,34302,34302,proposed,0,0,0,0,0,0,0,12544280000899542922,72.238625,6.877750,UNCHECKED
480p,56,val_056.png,853,480,409440,min_tree,8,proposed,0,0,46.480625,26326,26326,26326,proposed,0,0,0,0,0,0,0,12012920060282171157,69.991125,9.690042,UNCHECKED
480p,56,val_056.png,853,480,409440,min_tree,8,ref6,0,1,41.564792,26326,26326,26326,proposed,0,0,0,0,0,0,0,12012920060282171157,69.991125,9.690042,UNCHECKED
480p,56,val_056.png,853,480,409440,min_tree,8,ref6,1,0,40.182375,26326,26326,26326,proposed,0,0,0,0,0,0,0,12012920060282171157,69.991125,9.690042,UNCHECKED
480p,56,val_056.png,853,480,409440,min_tree,8,proposed,1,1,46.194916,26326,26326,26326,proposed,0,0,0,0,0,0,0,12012920060282171157,69.991125,9.690042,UNCHECKED
480p,56,val_056.png,853,480,409440,min_tree,8,proposed,2,0,46.511875,26326,26326,26326,proposed,0,0,0,0,0,0,0,12012920060282171157,69.991125,9.690042,UNCHECKED
480p,56,val_056.png,853,480,409440,min_tree,8,ref6,2,1,41.535541,26326,26326,26326,proposed,0,0,0,0,0,0,0,12012920060282171157,69.991125,9.690042,UNCHECKED
480p,56,val_056.png,853,480,409440,tree_of_shapes,4/8,ref5_original,0,0,593.501833,65009,65009,65009,proposed,6936,940,6809,6819,0,0,123,5332955591622650812,359.317875,4.081250,UNCHECKED
480p,56,val_056.png,853,480,409440,tree_of_shapes,4/8,proposed,0,1,49.842584,65009,65009,65009,proposed,0,0,0,0,0,0,0,12037341297405999319,359.317875,4.081250,UNCHECKED
480p,56,val_056.png,853,480,409440,tree_of_shapes,4/8,proposed,1,0,44.770250,65009,65009,65009,proposed,0,0,0,0,0,0,0,12037341297405999319,359.317875,4.081250,UNCHECKED
480p,56,val_056.png,853,480,409440,tree_of_shapes,4/8,ref5_original,1,1,592.884042,65009,65009,65009,proposed,6936,940,6809,6819,0,0,123,5332955591622650812,359.317875,4.081250,UNCHECKED
480p,56,val_056.png,853,480,409440,tree_of_shapes,4/8,ref5_original,2,0,587.855833,65009,65009,65009,proposed,6936,940,6809,6819,0,0,123,5332955591622650812,359.317875,4.081250,UNCHECKED
480p,56,val_056.png,853,480,409440,tree_of_shapes,4/8,proposed,2,1,45.868375,65009,65009,65009,proposed,0,0,0,0,0,0,0,12037341297405999319,359.317875,4.081250,UNCHECKED
480p,57,val_057.png,853,480,409440,max_tree,8,proposed,0,0,41.426458,32724,32724,32724,proposed,0,0,0,0,0,0,0,2099998751983323563,70.883500,6.669791,UNCHECKED
480p,57,val_057.png,853,480,409440,max_tree,8,ref6,0,1,40.471791,32724,32724,32724,proposed,0,0,0,0,0,0,0,2099998751983323563,70.883500,6.669791,UNCHECKED
480p,57,val_057.png,853,480,409440,max_tree,8,ref6,1,0,40.504417,32724,32724,32724,proposed,0,0,0,0,0,0,0,2099998751983323563,70.883500,6.669791,UNCHECKED
480p,57,val_057.png,853,480,409440,max_tree,8,proposed,1,1,44.630459,32724,32724,32724,proposed,0,0,0,0,0,0,0,2099998751983323563,70.883500,6.669791,UNCHECKED
480p,57,val_057.png,853,480,409440,max_tree,8,proposed,2,0,45.967333,32724,32724,32724,proposed,0,0,0,0,0,0,0,2099998751983323563,70.883500,6.669791,UNCHECKED
480p,57,val_057.png,853,480,409440,max_tree,8,ref6,2,1,40.313625,32724,32724,32724,proposed,0,0,0,0,0,0,0,2099998751983323563,70.883500,6.669791,UNCHECKED
480p,57,val_057.png,853,480,409440,min_tree,8,ref6,0,0,37.491333,30229,30229,30229,proposed,0,0,0,0,0,0,0,1262309512907947910,67.720584,7.163750,UNCHECKED
480p,57,val_057.png,853,480,409440,min_tree,8,proposed,0,1,41.666875,30229,30229,30229,proposed,0,0,0,0,0,0,0,1262309512907947910,67.720584,7.163750,UNCHECKED
480p,57,val_057.png,853,480,409440,min_tree,8,proposed,1,0,42.112458,30229,30229,30229,proposed,0,0,0,0,0,0,0,1262309512907947910,67.720584,7.163750,UNCHECKED
480p,57,val_057.png,853,480,409440,min_tree,8,ref6,1,1,39.805625,30229,30229,30229,proposed,0,0,0,0,0,0,0,1262309512907947910,67.720584,7.163750,UNCHECKED
480p,57,val_057.png,853,480,409440,min_tree,8,ref6,2,0,39.962042,30229,30229,30229,proposed,0,0,0,0,0,0,0,1262309512907947910,67.720584,7.163750,UNCHECKED
480p,57,val_057.png,853,480,409440,min_tree,8,proposed,2,1,42.263917,30229,30229,30229,proposed,0,0,0,0,0,0,0,1262309512907947910,67.720584,7.163750,UNCHECKED
480p,57,val_057.png,853,480,409440,tree_of_shapes,4/8,proposed,0,0,44.068583,69555,69555,69555,proposed,0,0,0,0,0,0,0,13354565590201256595,349.376709,4.698875,UNCHECKED
480p,57,val_057.png,853,480,409440,tree_of_shapes,4/8,ref5_original,0,1,586.894459,69555,69555,69555,proposed,9120,1106,8943,8969,0,0,157,11226039421991337887,349.376709,4.698875,UNCHECKED
480p,57,val_057.png,853,480,409440,tree_of_shapes,4/8,ref5_original,1,0,588.964458,69555,69555,69555,proposed,9120,1106,8943,8969,0,0,157,11226039421991337887,349.376709,4.698875,UNCHECKED
480p,57,val_057.png,853,480,409440,tree_of_shapes,4/8,proposed,1,1,45.742542,69555,69555,69555,proposed,0,0,0,0,0,0,0,13354565590201256595,349.376709,4.698875,UNCHECKED
480p,57,val_057.png,853,480,409440,tree_of_shapes,4/8,proposed,2,0,43.970500,69555,69555,69555,proposed,0,0,0,0,0,0,0,13354565590201256595,349.376709,4.698875,UNCHECKED
480p,57,val_057.png,853,480,409440,tree_of_shapes,4/8,ref5_original,2,1,588.879209,69555,69555,69555,proposed,9120,1106,8943,8969,0,0,157,11226039421991337887,349.376709,4.698875,UNCHECKED
480p,58,val_058.png,853,480,409440,max_tree,8,ref6,0,0,39.190000,80869,80869,80869,proposed,0,0,0,0,0,0,0,8798469649138214723,80.997208,4.215792,UNCHECKED
480p,58,val_058.png,853,480,409440,max_tree,8,proposed,0,1,46.436500,80869,80869,80869,proposed,0,0,0,0,0,0,0,8798469649138214723,80.997208,4.215792,UNCHECKED
480p,58,val_058.png,853,480,409440,max_tree,8,proposed,1,0,46.419166,80869,80869,80869,proposed,0,0,0,0,0,0,0,8798469649138214723,80.997208,4.215792,UNCHECKED
480p,58,val_058.png,853,480,409440,max_tree,8,ref6,1,1,39.430709,80869,80869,80869,proposed,0,0,0,0,0,0,0,8798469649138214723,80.997208,4.215792,UNCHECKED
480p,58,val_058.png,853,480,409440,max_tree,8,ref6,2,0,38.724542,80869,80869,80869,proposed,0,0,0,0,0,0,0,8798469649138214723,80.997208,4.215792,UNCHECKED
480p,58,val_058.png,853,480,409440,max_tree,8,proposed,2,1,46.491917,80869,80869,80869,proposed,0,0,0,0,0,0,0,8798469649138214723,80.997208,4.215792,UNCHECKED
480p,58,val_058.png,853,480,409440,min_tree,8,proposed,0,0,46.178917,59181,59181,59181,proposed,0,0,0,0,0,0,0,8373350309138223872,77.942500,3.687500,UNCHECKED
480p,58,val_058.png,853,480,409440,min_tree,8,ref6,0,1,38.816000,59181,59181,59181,proposed,0,0,0,0,0,0,0,8373350309138223872,77.942500,3.687500,UNCHECKED
480p,58,val_058.png,853,480,409440,min_tree,8,ref6,1,0,38.499625,59181,59181,59181,proposed,0,0,0,0,0,0,0,8373350309138223872,77.942500,3.687500,UNCHECKED
480p,58,val_058.png,853,480,409440,min_tree,8,proposed,1,1,46.083458,59181,59181,59181,proposed,0,0,0,0,0,0,0,8373350309138223872,77.942500,3.687500,UNCHECKED
480p,58,val_058.png,853,480,409440,min_tree,8,proposed,2,0,46.319917,59181,59181,59181,proposed,0,0,0,0,0,0,0,8373350309138223872,77.942500,3.687500,UNCHECKED
480p,58,val_058.png,853,480,409440,min_tree,8,ref6,2,1,41.590292,59181,59181,59181,proposed,0,0,0,0,0,0,0,8373350309138223872,77.942500,3.687500,UNCHECKED
480p,58,val_058.png,853,480,409440,tree_of_shapes,4/8,ref5_original,0,0,652.016917,151777,151777,151777,proposed,20489,3103,20092,20079,0,0,243,11091754405321327552,410.191625,6.568208,UNCHECKED
480p,58,val_058.png,853,480,409440,tree_of_shapes,4/8,proposed,0,1,64.776208,151777,151777,151777,proposed,0,0,0,0,0,0,0,10693499303277251022,410.191625,6.568208,UNCHECKED
480p,58,val_058.png,853,480,409440,tree_of_shapes,4/8,proposed,1,0,61.665333,151777,151777,151777,proposed,0,0,0,0,0,0,0,10693499303277251022,410.191625,6.568208,UNCHECKED
480p,58,val_058.png,853,480,409440,tree_of_shapes,4/8,ref5_original,1,1,657.152792,151777,151777,151777,proposed,20489,3103,20092,20079,0,0,243,11091754405321327552,410.191625,6.568208,UNCHECKED
480p,58,val_058.png,853,480,409440,tree_of_shapes,4/8,ref5_original,2,0,656.863708,151777,151777,151777,proposed,20489,3103,20092,20079,0,0,243,11091754405321327552,410.191625,6.568208,UNCHECKED
480p,58,val_058.png,853,480,409440,tree_of_shapes,4/8,proposed,2,1,64.202583,151777,151777,151777,proposed,0,0,0,0,0,0,0,10693499303277251022,410.191625,6.568208,UNCHECKED
480p,59,val_059.png,853,480,409440,max_tree,8,proposed,0,0,39.986584,15557,15557,15557,proposed,0,0,0,0,0,0,0,13883347785229084294,67.510667,11.794875,UNCHECKED
480p,59,val_059.png,853,480,409440,max_tree,8,ref6,0,1,43.088875,15557,15557,15557,proposed,0,0,0,0,0,0,0,13883347785229084294,67.510667,11.794875,UNCHECKED
480p,59,val_059.png,853,480,409440,max_tree,8,ref6,1,0,42.446583,15557,15557,15557,proposed,0,0,0,0,0,0,0,13883347785229084294,67.510667,11.794875,UNCHECKED
480p,59,val_059.png,853,480,409440,max_tree,8,proposed,1,1,40.139500,15557,15557,15557,proposed,0,0,0,0,0,0,0,13883347785229084294,67.510667,11.794875,UNCHECKED
480p,59,val_059.png,853,480,409440,max_tree,8,proposed,2,0,40.088875,15557,15557,15557,proposed,0,0,0,0,0,0,0,13883347785229084294,67.510667,11.794875,UNCHECKED
480p,59,val_059.png,853,480,409440,max_tree,8,ref6,2,1,43.068875,15557,15557,15557,proposed,0,0,0,0,0,0,0,13883347785229084294,67.510667,11.794875,UNCHECKED
480p,59,val_059.png,853,480,409440,min_tree,8,ref6,0,0,42.710417,18648,18648,18648,proposed,0,0,0,0,0,0,0,17643522602858641445,68.958208,10.918417,UNCHECKED
480p,59,val_059.png,853,480,409440,min_tree,8,proposed,0,1,42.185416,18648,18648,18648,proposed,0,0,0,0,0,0,0,17643522602858641445,68.958208,10.918417,UNCHECKED
480p,59,val_059.png,853,480,409440,min_tree,8,proposed,1,0,45.304542,18648,18648,18648,proposed,0,0,0,0,0,0,0,17643522602858641445,68.958208,10.918417,UNCHECKED
480p,59,val_059.png,853,480,409440,min_tree,8,ref6,1,1,43.689125,18648,18648,18648,proposed,0,0,0,0,0,0,0,17643522602858641445,68.958208,10.918417,UNCHECKED
480p,59,val_059.png,853,480,409440,min_tree,8,ref6,2,0,42.609084,18648,18648,18648,proposed,0,0,0,0,0,0,0,17643522602858641445,68.958208,10.918417,UNCHECKED
480p,59,val_059.png,853,480,409440,min_tree,8,proposed,2,1,45.362166,18648,18648,18648,proposed,0,0,0,0,0,0,0,17643522602858641445,68.958208,10.918417,UNCHECKED
480p,59,val_059.png,853,480,409440,tree_of_shapes,4/8,proposed,0,0,39.397666,36859,36859,36859,proposed,0,0,0,0,0,0,0,15178870093813345439,337.341917,5.915417,UNCHECKED
480p,59,val_059.png,853,480,409440,tree_of_shapes,4/8,ref5_original,0,1,584.720750,36859,36859,36859,proposed,5194,478,5119,5147,0,0,56,14558959966303716370,337.341917,5.915417,UNCHECKED
480p,59,val_059.png,853,480,409440,tree_of_shapes,4/8,ref5_original,1,0,582.760167,36859,36859,36859,proposed,5194,478,5119,5147,0,0,56,14558959966303716370,337.341917,5.915417,UNCHECKED
480p,59,val_059.png,853,480,409440,tree_of_shapes,4/8,proposed,1,1,40.734125,36859,36859,36859,proposed,0,0,0,0,0,0,0,15178870093813345439,337.341917,5.915417,UNCHECKED
480p,59,val_059.png,853,480,409440,tree_of_shapes,4/8,proposed,2,0,39.374500,36859,36859,36859,proposed,0,0,0,0,0,0,0,15178870093813345439,337.341917,5.915417,UNCHECKED
480p,59,val_059.png,853,480,409440,tree_of_shapes,4/8,ref5_original,2,1,585.820125,36859,36859,36859,proposed,5194,478,5119,5147,0,0,56,14558959966303716370,337.341917,5.915417,UNCHECKED
480p,60,val_060.png,853,480,409440,max_tree,8,ref6,0,0,44.302000,42081,42081,42081,proposed,0,0,0,0,0,0,0,5522490425318490122,74.937958,7.026292,UNCHECKED
480p,60,val_060.png,853,480,409440,max_tree,8,proposed,0,1,45.242542,42081,42081,42081,proposed,0,0,0,0,0,0,0,5522490425318490122,74.937958,7.026292,UNCHECKED
480p,60,val_060.png,853,480,409440,max_tree,8,proposed,1,0,44.989083,42081,42081,42081,proposed,0,0,0,0,0,0,0,5522490425318490122,74.937958,7.026292,UNCHECKED
480p,60,val_060.png,853,480,409440,max_tree,8,ref6,1,1,44.308167,42081,42081,42081,proposed,0,0,0,0,0,0,0,5522490425318490122,74.937958,7.026292,UNCHECKED
480p,60,val_060.png,853,480,409440,max_tree,8,ref6,2,0,43.628916,42081,42081,42081,proposed,0,0,0,0,0,0,0,5522490425318490122,74.937958,7.026292,UNCHECKED
480p,60,val_060.png,853,480,409440,max_tree,8,proposed,2,1,44.789125,42081,42081,42081,proposed,0,0,0,0,0,0,0,5522490425318490122,74.937958,7.026292,UNCHECKED
480p,60,val_060.png,853,480,409440,min_tree,8,proposed,0,0,44.502375,28930,28930,28930,proposed,0,0,0,0,0,0,0,14198367304615557245,73.111083,8.700792,UNCHECKED
480p,60,val_060.png,853,480,409440,min_tree,8,ref6,0,1,43.084291,28930,28930,28930,proposed,0,0,0,0,0,0,0,14198367304615557245,73.111083,8.700792,UNCHECKED
480p,60,val_060.png,853,480,409440,min_tree,8,ref6,1,0,42.316333,28930,28930,28930,proposed,0,0,0,0,0,0,0,14198367304615557245,73.111083,8.700792,UNCHECKED
480p,60,val_060.png,853,480,409440,min_tree,8,proposed,1,1,43.657625,28930,28930,28930,proposed,0,0,0,0,0,0,0,14198367304615557245,73.111083,8.700792,UNCHECKED
480p,60,val_060.png,853,480,409440,min_tree,8,proposed,2,0,44.163750,28930,28930,28930,proposed,0,0,0,0,0,0,0,14198367304615557245,73.111083,8.700792,UNCHECKED
480p,60,val_060.png,853,480,409440,min_tree,8,ref6,2,1,42.180917,28930,28930,28930,proposed,0,0,0,0,0,0,0,14198367304615557245,73.111083,8.700792,UNCHECKED
480p,60,val_060.png,853,480,409440,tree_of_shapes,4/8,ref5_original,0,0,618.936459,76098,76098,76098,proposed,7113,856,6991,7038,0,0,139,10427545371753127302,354.951792,3.890917,UNCHECKED
480p,60,val_060.png,853,480,409440,tree_of_shapes,4/8,proposed,0,1,49.036416,76098,76098,76098,proposed,0,0,0,0,0,0,0,2557667819258384471,354.951792,3.890917,UNCHECKED
480p,60,val_060.png,853,480,409440,tree_of_shapes,4/8,proposed,1,0,47.655667,76098,76098,76098,proposed,0,0,0,0,0,0,0,2557667819258384471,354.951792,3.890917,UNCHECKED
480p,60,val_060.png,853,480,409440,tree_of_shapes,4/8,ref5_original,1,1,617.818458,76098,76098,76098,proposed,7113,856,6991,7038,0,0,139,10427545371753127302,354.951792,3.890917,UNCHECKED
480p,60,val_060.png,853,480,409440,tree_of_shapes,4/8,ref5_original,2,0,617.948667,76098,76098,76098,proposed,7113,856,6991,7038,0,0,139,10427545371753127302,354.951792,3.890917,UNCHECKED
480p,60,val_060.png,853,480,409440,tree_of_shapes,4/8,proposed,2,1,51.295250,76098,76098,76098,proposed,0,0,0,0,0,0,0,2557667819258384471,354.951792,3.890917,UNCHECKED
480p,61,val_061.png,853,480,409440,max_tree,8,proposed,0,0,45.695000,39115,39115,39115,proposed,0,0,0,0,0,0,0,542764788641052269,76.170667,5.443958,UNCHECKED
480p,61,val_061.png,853,480,409440,max_tree,8,ref6,0,1,43.870250,39115,39115,39115,proposed,0,0,0,0,0,0,0,542764788641052269,76.170667,5.443958,UNCHECKED
480p,61,val_061.png,853,480,409440,max_tree,8,ref6,1,0,44.540375,39115,39115,39115,proposed,0,0,0,0,0,0,0,542764788641052269,76.170667,5.443958,UNCHECKED
480p,61,val_061.png,853,480,409440,max_tree,8,proposed,1,1,46.494833,39115,39115,39115,proposed,0,0,0,0,0,0,0,542764788641052269,76.170667,5.443958,UNCHECKED
480p,61,val_061.png,853,480,409440,max_tree,8,proposed,2,0,46.462666,39115,39115,39115,proposed,0,0,0,0,0,0,0,542764788641052269,76.170667,5.443958,UNCHECKED
480p,61,val_061.png,853,480,409440,max_tree,8,ref6,2,1,43.327333,39115,39115,39115,proposed,0,0,0,0,0,0,0,542764788641052269,76.170667,5.443958,UNCHECKED
480p,61,val_061.png,853,480,409440,min_tree,8,ref6,0,0,41.519792,35721,35721,35721,proposed,0,0,0,0,0,0,0,4450474382750607619,76.387000,4.815584,UNCHECKED
480p,61,val_061.png,853,480,409440,min_tree,8,proposed,0,1,44.530250,35721,35721,35721,proposed,0,0,0,0,0,0,0,4450474382750607619,76.387000,4.815584,UNCHECKED
480p,61,val_061.png,853,480,409440,min_tree,8,proposed,1,0,44.015334,35721,35721,35721,proposed,0,0,0,0,0,0,0,4450474382750607619,76.387000,4.815584,UNCHECKED
480p,61,val_061.png,853,480,409440,min_tree,8,ref6,1,1,42.695166,35721,35721,35721,proposed,0,0,0,0,0,0,0,4450474382750607619,76.387000,4.815584,UNCHECKED
480p,61,val_061.png,853,480,409440,min_tree,8,ref6,2,0,41.880125,35721,35721,35721,proposed,0,0,0,0,0,0,0,4450474382750607619,76.387000,4.815584,UNCHECKED
480p,61,val_061.png,853,480,409440,min_tree,8,proposed,2,1,44.503542,35721,35721,35721,proposed,0,0,0,0,0,0,0,4450474382750607619,76.387000,4.815584,UNCHECKED
480p,61,val_061.png,853,480,409440,tree_of_shapes,4/8,proposed,0,0,49.320542,82706,82706,82706,proposed,0,0,0,0,0,0,0,13465332558789372126,358.599750,4.110459,UNCHECKED
480p,61,val_061.png,853,480,409440,tree_of_shapes,4/8,ref5_original,0,1,614.629167,82706,82706,82706,proposed,9600,1385,9402,9390,0,0,123,2662021432704516623,358.599750,4.110459,UNCHECKED
480p,61,val_061.png,853,480,409440,tree_of_shapes,4/8,ref5_original,1,0,607.418209,82706,82706,82706,proposed,9600,1385,9402,9390,0,0,123,2662021432704516623,358.599750,4.110459,UNCHECKED
480p,61,val_061.png,853,480,409440,tree_of_shapes,4/8,proposed,1,1,51.307333,82706,82706,82706,proposed,0,0,0,0,0,0,0,13465332558789372126,358.599750,4.110459,UNCHECKED
480p,61,val_061.png,853,480,409440,tree_of_shapes,4/8,proposed,2,0,49.125875,82706,82706,82706,proposed,0,0,0,0,0,0,0,13465332558789372126,358.599750,4.110459,UNCHECKED
480p,61,val_061.png,853,480,409440,tree_of_shapes,4/8,ref5_original,2,1,618.432000,82706,82706,82706,proposed,9600,1385,9402,9390,0,0,123,2662021432704516623,358.599750,4.110459,UNCHECKED
480p,62,val_062.png,853,480,409440,max_tree,8,ref6,0,0,46.909750,38981,38981,38981,proposed,0,0,0,0,0,0,0,7052206997601276656,76.388542,7.162875,UNCHECKED
480p,62,val_062.png,853,480,409440,max_tree,8,proposed,0,1,44.225000,38981,38981,38981,proposed,0,0,0,0,0,0,0,7052206997601276656,76.388542,7.162875,UNCHECKED
480p,62,val_062.png,853,480,409440,max_tree,8,proposed,1,0,44.084000,38981,38981,38981,proposed,0,0,0,0,0,0,0,7052206997601276656,76.388542,7.162875,UNCHECKED
480p,62,val_062.png,853,480,409440,max_tree,8,ref6,1,1,44.994167,38981,38981,38981,proposed,0,0,0,0,0,0,0,7052206997601276656,76.388542,7.162875,UNCHECKED
480p,62,val_062.png,853,480,409440,max_tree,8,ref6,2,0,43.779666,38981,38981,38981,proposed,0,0,0,0,0,0,0,7052206997601276656,76.388542,7.162875,UNCHECKED
480p,62,val_062.png,853,480,409440,max_tree,8,proposed,2,1,45.540250,38981,38981,38981,proposed,0,0,0,0,0,0,0,7052206997601276656,76.388542,7.162875,UNCHECKED
480p,62,val_062.png,853,480,409440,min_tree,8,proposed,0,0,47.283208,33667,33667,33667,proposed,0,0,0,0,0,0,0,13856750690728096491,73.099542,6.490542,UNCHECKED
480p,62,val_062.png,853,480,409440,min_tree,8,ref6,0,1,41.635000,33667,33667,33667,proposed,0,0,0,0,0,0,0,13856750690728096491,73.099542,6.490542,UNCHECKED
480p,62,val_062.png,853,480,409440,min_tree,8,ref6,1,0,40.443208,33667,33667,33667,proposed,0,0,0,0,0,0,0,13856750690728096491,73.099542,6.490542,UNCHECKED
480p,62,val_062.png,853,480,409440,min_tree,8,proposed,1,1,42.947959,33667,33667,33667,proposed,0,0,0,0,0,0,0,13856750690728096491,73.099542,6.490542,UNCHECKED
480p,62,val_062.png,853,480,409440,min_tree,8,proposed,2,0,43.026792,33667,33667,33667,proposed,0,0,0,0,0,0,0,13856750690728096491,73.099542,6.490542,UNCHECKED
480p,62,val_062.png,853,480,409440,min_tree,8,ref6,2,1,40.774625,33667,33667,33667,proposed,0,0,0,0,0,0,0,13856750690728096491,73.099542,6.490542,UNCHECKED
480p,62,val_062.png,853,480,409440,tree_of_shapes,4/8,ref5_original,0,0,608.483417,77755,77755,77755,proposed,8796,1020,8690,8663,0,0,136,17073323548232472652,350.575000,4.113292,UNCHECKED
480p,62,val_062.png,853,480,409440,tree_of_shapes,4/8,proposed,0,1,49.278000,77755,77755,77755,proposed,0,0,0,0,0,0,0,4888790067170502297,350.575000,4.113292,UNCHECKED
480p,62,val_062.png,853,480,409440,tree_of_shapes,4/8,proposed,1,0,47.426709,77755,77755,77755,proposed,0,0,0,0,0,0,0,4888790067170502297,350.575000,4.113292,UNCHECKED
480p,62,val_062.png,853,480,409440,tree_of_shapes,4/8,ref5_original,1,1,614.343750,77755,77755,77755,proposed,8796,1020,8690,8663,0,0,136,17073323548232472652,350.575000,4.113292,UNCHECKED
480p,62,val_062.png,853,480,409440,tree_of_shapes,4/8,ref5_original,2,0,618.446667,77755,77755,77755,proposed,8796,1020,8690,8663,0,0,136,17073323548232472652,350.575000,4.113292,UNCHECKED
480p,62,val_062.png,853,480,409440,tree_of_shapes,4/8,proposed,2,1,48.445458,77755,77755,77755,proposed,0,0,0,0,0,0,0,4888790067170502297,350.575000,4.113292,UNCHECKED
480p,63,val_063.png,853,480,409440,max_tree,8,proposed,0,0,42.085458,35052,35052,35052,proposed,0,0,0,0,0,0,0,4441561163350182519,73.021084,6.408666,UNCHECKED
480p,63,val_063.png,853,480,409440,max_tree,8,ref6,0,1,41.867166,35052,35052,35052,proposed,0,0,0,0,0,0,0,4441561163350182519,73.021084,6.408666,UNCHECKED
480p,63,val_063.png,853,480,409440,max_tree,8,ref6,1,0,41.759125,35052,35052,35052,proposed,0,0,0,0,0,0,0,4441561163350182519,73.021084,6.408666,UNCHECKED
480p,63,val_063.png,853,480,409440,max_tree,8,proposed,1,1,43.224791,35052,35052,35052,proposed,0,0,0,0,0,0,0,4441561163350182519,73.021084,6.408666,UNCHECKED
480p,63,val_063.png,853,480,409440,max_tree,8,proposed,2,0,42.443917,35052,35052,35052,proposed,0,0,0,0,0,0,0,4441561163350182519,73.021084,6.408666,UNCHECKED
480p,63,val_063.png,853,480,409440,max_tree,8,ref6,2,1,41.068000,35052,35052,35052,proposed,0,0,0,0,0,0,0,4441561163350182519,73.021084,6.408666,UNCHECKED
480p,63,val_063.png,853,480,409440,min_tree,8,ref6,0,0,42.093958,30452,30452,30452,proposed,0,0,0,0,0,0,0,7955345070927390402,71.305042,9.671417,UNCHECKED
480p,63,val_063.png,853,480,409440,min_tree,8,proposed,0,1,42.947125,30452,30452,30452,proposed,0,0,0,0,0,0,0,7955345070927390402,71.305042,9.671417,UNCHECKED
480p,63,val_063.png,853,480,409440,min_tree,8,proposed,1,0,43.293667,30452,30452,30452,proposed,0,0,0,0,0,0,0,7955345070927390402,71.305042,9.671417,UNCHECKED
480p,63,val_063.png,853,480,409440,min_tree,8,ref6,1,1,44.680292,30452,30452,30452,proposed,0,0,0,0,0,0,0,7955345070927390402,71.305042,9.671417,UNCHECKED
480p,63,val_063.png,853,480,409440,min_tree,8,ref6,2,0,43.502000,30452,30452,30452,proposed,0,0,0,0,0,0,0,7955345070927390402,71.305042,9.671417,UNCHECKED
480p,63,val_063.png,853,480,409440,min_tree,8,proposed,2,1,42.694875,30452,30452,30452,proposed,0,0,0,0,0,0,0,7955345070927390402,71.305042,9.671417,UNCHECKED
480p,63,val_063.png,853,480,409440,tree_of_shapes,4/8,proposed,0,0,45.122209,70527,70527,70527,proposed,0,0,0,0,0,0,0,7522096310321126635,353.804750,5.762958,UNCHECKED
480p,63,val_063.png,853,480,409440,tree_of_shapes,4/8,ref5_original,0,1,593.957875,70527,70527,70527,proposed,8407,1139,8241,8245,0,0,208,14590547919959926468,353.804750,5.762958,UNCHECKED
480p,63,val_063.png,853,480,409440,tree_of_shapes,4/8,ref5_original,1,0,590.480458,70527,70527,70527,proposed,8407,1139,8241,8245,0,0,208,14590547919959926468,353.804750,5.762958,UNCHECKED
480p,63,val_063.png,853,480,409440,tree_of_shapes,4/8,proposed,1,1,45.765417,70527,70527,70527,proposed,0,0,0,0,0,0,0,7522096310321126635,353.804750,5.762958,UNCHECKED
480p,63,val_063.png,853,480,409440,tree_of_shapes,4/8,proposed,2,0,44.240250,70527,70527,70527,proposed,0,0,0,0,0,0,0,7522096310321126635,353.804750,5.762958,UNCHECKED
480p,63,val_063.png,853,480,409440,tree_of_shapes,4/8,ref5_original,2,1,595.582500,70527,70527,70527,proposed,8407,1139,8241,8245,0,0,208,14590547919959926468,353.804750,5.762958,UNCHECKED
480p,64,val_064.png,853,480,409440,max_tree,8,ref6,0,0,43.307208,42115,42115,42115,proposed,0,0,0,0,0,0,0,3541720512839427228,73.709042,7.264666,UNCHECKED
480p,64,val_064.png,853,480,409440,max_tree,8,proposed,0,1,44.320083,42115,42115,42115,proposed,0,0,0,0,0,0,0,3541720512839427228,73.709042,7.264666,UNCHECKED
480p,64,val_064.png,853,480,409440,max_tree,8,proposed,1,0,44.690458,42115,42115,42115,proposed,0,0,0,0,0,0,0,3541720512839427228,73.709042,7.264666,UNCHECKED
480p,64,val_064.png,853,480,409440,max_tree,8,ref6,1,1,42.838792,42115,42115,42115,proposed,0,0,0,0,0,0,0,3541720512839427228,73.709042,7.264666,UNCHECKED
480p,64,val_064.png,853,480,409440,max_tree,8,ref6,2,0,42.996417,42115,42115,42115,proposed,0,0,0,0,0,0,0,3541720512839427228,73.709042,7.264666,UNCHECKED
480p,64,val_064.png,853,480,409440,max_tree,8,proposed,2,1,46.941458,42115,42115,42115,proposed,0,0,0,0,0,0,0,3541720512839427228,73.709042,7.264666,UNCHECKED
480p,64,val_064.png,853,480,409440,min_tree,8,proposed,0,0,43.499291,36918,36918,36918,proposed,0,0,0,0,0,0,0,10766867498874276662,75.008917,7.755666,UNCHECKED
480p,64,val_064.png,853,480,409440,min_tree,8,ref6,0,1,39.794125,36918,36918,36918,proposed,0,0,0,0,0,0,0,10766867498874276662,75.008917,7.755666,UNCHECKED
480p,64,val_064.png,853,480,409440,min_tree,8,ref6,1,0,39.240291,36918,36918,36918,proposed,0,0,0,0,0,0,0,10766867498874276662,75.008917,7.755666,UNCHECKED
480p,64,val_064.png,853,480,409440,min_tree,8,proposed,1,1,43.690417,36918,36918,36918,proposed,0,0,0,0,0,0,0,10766867498874276662,75.008917,7.755666,UNCHECKED
480p,64,val_064.png,853,480,409440,min_tree,8,proposed,2,0,43.981875,36918,36918,36918,proposed,0,0,0,0,0,0,0,10766867498874276662,75.008917,7.755666,UNCHECKED
480p,64,val_064.png,853,480,409440,min_tree,8,ref6,2,1,39.671083,36918,36918,36918,proposed,0,0,0,0,0,0,0,10766867498874276662,75.008917,7.755666,UNCHECKED
480p,64,val_064.png,853,480,409440,tree_of_shapes,4/8,ref5_original,0,0,634.265958,83927,83927,83927,proposed,11060,1366,10896,10909,0,0,165,17016113173149348116,355.297958,4.878208,UNCHECKED
480p,64,val_064.png,853,480,409440,tree_of_shapes,4/8,proposed,0,1,53.987084,83927,83927,83927,proposed,0,0,0,0,0,0,0,9260441865673301391,355.297958,4.878208,UNCHECKED
480p,64,val_064.png,853,480,409440,tree_of_shapes,4/8,proposed,1,0,52.739209,83927,83927,83927,proposed,0,0,0,0,0,0,0,9260441865673301391,355.297958,4.878208,UNCHECKED
480p,64,val_064.png,853,480,409440,tree_of_shapes,4/8,ref5_original,1,1,639.706833,83927,83927,83927,proposed,11060,1366,10896,10909,0,0,165,17016113173149348116,355.297958,4.878208,UNCHECKED
480p,64,val_064.png,853,480,409440,tree_of_shapes,4/8,ref5_original,2,0,627.916917,83927,83927,83927,proposed,11060,1366,10896,10909,0,0,165,17016113173149348116,355.297958,4.878208,UNCHECKED
480p,64,val_064.png,853,480,409440,tree_of_shapes,4/8,proposed,2,1,51.146875,83927,83927,83927,proposed,0,0,0,0,0,0,0,9260441865673301391,355.297958,4.878208,UNCHECKED
480p,65,val_065.png,853,480,409440,max_tree,8,proposed,0,0,42.585709,39616,39616,39616,proposed,0,0,0,0,0,0,0,9299538660952324945,74.567417,7.984708,UNCHECKED
480p,65,val_065.png,853,480,409440,max_tree,8,ref6,0,1,41.170250,39616,39616,39616,proposed,0,0,0,0,0,0,0,9299538660952324945,74.567417,7.984708,UNCHECKED
480p,65,val_065.png,853,480,409440,max_tree,8,ref6,1,0,40.376041,39616,39616,39616,proposed,0,0,0,0,0,0,0,9299538660952324945,74.567417,7.984708,UNCHECKED
480p,65,val_065.png,853,480,409440,max_tree,8,proposed,1,1,42.930917,39616,39616,39616,proposed,0,0,0,0,0,0,0,9299538660952324945,74.567417,7.984708,UNCHECKED
480p,65,val_065.png,853,480,409440,max_tree,8,proposed,2,0,46.502500,39616,39616,39616,proposed,0,0,0,0,0,0,0,9299538660952324945,74.567417,7.984708,UNCHECKED
480p,65,val_065.png,853,480,409440,max_tree,8,ref6,2,1,40.378167,39616,39616,39616,proposed,0,0,0,0,0,0,0,9299538660952324945,74.567417,7.984708,UNCHECKED
480p,65,val_065.png,853,480,409440,min_tree,8,ref6,0,0,40.614625,24838,24838,24838,proposed,0,0,0,0,0,0,0,1056906668233470341,69.444917,9.114584,UNCHECKED
480p,65,val_065.png,853,480,409440,min_tree,8,proposed,0,1,43.531584,24838,24838,24838,proposed,0,0,0,0,0,0,0,1056906668233470341,69.444917,9.114584,UNCHECKED
480p,65,val_065.png,853,480,409440,min_tree,8,proposed,1,0,43.812792,24838,24838,24838,proposed,0,0,0,0,0,0,0,1056906668233470341,69.444917,9.114584,UNCHECKED
480p,65,val_065.png,853,480,409440,min_tree,8,ref6,1,1,43.776292,24838,24838,24838,proposed,0,0,0,0,0,0,0,1056906668233470341,69.444917,9.114584,UNCHECKED
480p,65,val_065.png,853,480,409440,min_tree,8,ref6,2,0,41.433000,24838,24838,24838,proposed,0,0,0,0,0,0,0,1056906668233470341,69.444917,9.114584,UNCHECKED
480p,65,val_065.png,853,480,409440,min_tree,8,proposed,2,1,42.241542,24838,24838,24838,proposed,0,0,0,0,0,0,0,1056906668233470341,69.444917,9.114584,UNCHECKED
480p,65,val_065.png,853,480,409440,tree_of_shapes,4/8,proposed,0,0,45.654667,69542,69542,69542,proposed,0,0,0,0,0,0,0,16348185829194507024,341.834667,5.138917,UNCHECKED
480p,65,val_065.png,853,480,409440,tree_of_shapes,4/8,ref5_original,0,1,592.741083,69542,69542,69542,proposed,6079,660,5988,5995,0,0,173,14830408475215791891,341.834667,5.138917,UNCHECKED
480p,65,val_065.png,853,480,409440,tree_of_shapes,4/8,ref5_original,1,0,591.700292,69542,69542,69542,proposed,6079,660,5988,5995,0,0,173,14830408475215791891,341.834667,5.138917,UNCHECKED
480p,65,val_065.png,853,480,409440,tree_of_shapes,4/8,proposed,1,1,46.661125,69542,69542,69542,proposed,0,0,0,0,0,0,0,16348185829194507024,341.834667,5.138917,UNCHECKED
480p,65,val_065.png,853,480,409440,tree_of_shapes,4/8,proposed,2,0,44.875500,69542,69542,69542,proposed,0,0,0,0,0,0,0,16348185829194507024,341.834667,5.138917,UNCHECKED
480p,65,val_065.png,853,480,409440,tree_of_shapes,4/8,ref5_original,2,1,592.545958,69542,69542,69542,proposed,6079,660,5988,5995,0,0,173,14830408475215791891,341.834667,5.138917,UNCHECKED
480p,66,val_066.png,853,480,409440,max_tree,8,ref6,0,0,43.174750,29868,29868,29868,proposed,0,0,0,0,0,0,0,2770100476897492297,67.359375,9.304083,UNCHECKED
480p,66,val_066.png,853,480,409440,max_tree,8,proposed,0,1,43.835666,29868,29868,29868,proposed,0,0,0,0,0,0,0,2770100476897492297,67.359375,9.304083,UNCHECKED
480p,66,val_066.png,853,480,409440,max_tree,8,proposed,1,0,44.016375,29868,29868,29868,proposed,0,0,0,0,0,0,0,2770100476897492297,67.359375,9.304083,UNCHECKED
480p,66,val_066.png,853,480,409440,max_tree,8,ref6,1,1,41.350958,29868,29868,29868,proposed,0,0,0,0,0,0,0,2770100476897492297,67.359375,9.304083,UNCHECKED
480p,66,val_066.png,853,480,409440,max_tree,8,ref6,2,0,40.794500,29868,29868,29868,proposed,0,0,0,0,0,0,0,2770100476897492297,67.359375,9.304083,UNCHECKED
480p,66,val_066.png,853,480,409440,max_tree,8,proposed,2,1,39.816875,29868,29868,29868,proposed,0,0,0,0,0,0,0,2770100476897492297,67.359375,9.304083,UNCHECKED
480p,66,val_066.png,853,480,409440,min_tree,8,proposed,0,0,39.898792,24605,24605,24605,proposed,0,0,0,0,0,0,0,7479849331795480694,67.719792,9.245875,UNCHECKED
480p,66,val_066.png,853,480,409440,min_tree,8,ref6,0,1,40.523875,24605,24605,24605,proposed,0,0,0,0,0,0,0,7479849331795480694,67.719792,9.245875,UNCHECKED
480p,66,val_066.png,853,480,409440,min_tree,8,ref6,1,0,39.583708,24605,24605,24605,proposed,0,0,0,0,0,0,0,7479849331795480694,67.719792,9.245875,UNCHECKED
480p,66,val_066.png,853,480,409440,min_tree,8,proposed,1,1,39.565375,24605,24605,24605,proposed,0,0,0,0,0,0,0,7479849331795480694,67.719792,9.245875,UNCHECKED
480p,66,val_066.png,853,480,409440,min_tree,8,proposed,2,0,40.128125,24605,24605,24605,proposed,0,0,0,0,0,0,0,7479849331795480694,67.719792,9.245875,UNCHECKED
480p,66,val_066.png,853,480,409440,min_tree,8,ref6,2,1,39.432292,24605,24605,24605,proposed,0,0,0,0,0,0,0,7479849331795480694,67.719792,9.245875,UNCHECKED
480p,66,val_066.png,853,480,409440,tree_of_shapes,4/8,ref5_original,0,0,578.154333,59275,59275,59275,proposed,6439,609,6374,6358,0,0,166,9678266006275590801,330.051209,7.071333,UNCHECKED
480p,66,val_066.png,853,480,409440,tree_of_shapes,4/8,proposed,0,1,42.697834,59275,59275,59275,proposed,0,0,0,0,0,0,0,14752939788326157715,330.051209,7.071333,UNCHECKED
480p,66,val_066.png,853,480,409440,tree_of_shapes,4/8,proposed,1,0,41.852041,59275,59275,59275,proposed,0,0,0,0,0,0,0,14752939788326157715,330.051209,7.071333,UNCHECKED
480p,66,val_066.png,853,480,409440,tree_of_shapes,4/8,ref5_original,1,1,583.513667,59275,59275,59275,proposed,6439,609,6374,6358,0,0,166,9678266006275590801,330.051209,7.071333,UNCHECKED
480p,66,val_066.png,853,480,409440,tree_of_shapes,4/8,ref5_original,2,0,585.181292,59275,59275,59275,proposed,6439,609,6374,6358,0,0,166,9678266006275590801,330.051209,7.071333,UNCHECKED
480p,66,val_066.png,853,480,409440,tree_of_shapes,4/8,proposed,2,1,42.724916,59275,59275,59275,proposed,0,0,0,0,0,0,0,14752939788326157715,330.051209,7.071333,UNCHECKED
480p,67,val_067.png,853,480,409440,max_tree,8,proposed,0,0,43.046792,35185,35185,35185,proposed,0,0,0,0,0,0,0,5417360521419023523,72.763792,6.591959,UNCHECKED
480p,67,val_067.png,853,480,409440,max_tree,8,ref6,0,1,41.116250,35185,35185,35185,proposed,0,0,0,0,0,0,0,5417360521419023523,72.763792,6.591959,UNCHECKED
480p,67,val_067.png,853,480,409440,max_tree,8,ref6,1,0,41.484750,35185,35185,35185,proposed,0,0,0,0,0,0,0,5417360521419023523,72.763792,6.591959,UNCHECKED
480p,67,val_067.png,853,480,409440,max_tree,8,proposed,1,1,42.895500,35185,35185,35185,proposed,0,0,0,0,0,0,0,5417360521419023523,72.763792,6.591959,UNCHECKED
480p,67,val_067.png,853,480,409440,max_tree,8,proposed,2,0,43.447917,35185,35185,35185,proposed,0,0,0,0,0,0,0,5417360521419023523,72.763792,6.591959,UNCHECKED
480p,67,val_067.png,853,480,409440,max_tree,8,ref6,2,1,40.665750,35185,35185,35185,proposed,0,0,0,0,0,0,0,5417360521419023523,72.763792,6.591959,UNCHECKED
480p,67,val_067.png,853,480,409440,min_tree,8,ref6,0,0,40.432375,28023,28023,28023,proposed,0,0,0,0,0,0,0,6288677762809582932,69.948541,7.662750,UNCHECKED
480p,67,val_067.png,853,480,409440,min_tree,8,proposed,0,1,43.018000,28023,28023,28023,proposed,0,0,0,0,0,0,0,6288677762809582932,69.948541,7.662750,UNCHECKED
480p,67,val_067.png,853,480,409440,min_tree,8,proposed,1,0,42.578584,28023,28023,28023,proposed,0,0,0,0,0,0,0,6288677762809582932,69.948541,7.662750,UNCHECKED
480p,67,val_067.png,853,480,409440,min_tree,8,ref6,1,1,40.164958,28023,28023,28023,proposed,0,0,0,0,0,0,0,6288677762809582932,69.948541,7.662750,UNCHECKED
480p,67,val_067.png,853,480,409440,min_tree,8,ref6,2,0,39.845500,28023,28023,28023,proposed,0,0,0,0,0,0,0,6288677762809582932,69.948541,7.662750,UNCHECKED
480p,67,val_067.png,853,480,409440,min_tree,8,proposed,2,1,42.638666,28023,28023,28023,proposed,0,0,0,0,0,0,0,6288677762809582932,69.948541,7.662750,UNCHECKED
480p,67,val_067.png,853,480,409440,tree_of_shapes,4/8,proposed,0,0,45.561667,68621,68621,68621,proposed,0,0,0,0,0,0,0,6645749563889960727,344.395250,4.106500,UNCHECKED
480p,67,val_067.png,853,480,409440,tree_of_shapes,4/8,ref5_original,0,1,602.172583,68621,68621,68621,proposed,8141,1096,8004,8004,0,0,134,1578920854099495856,344.395250,4.106500,UNCHECKED
480p,67,val_067.png,853,480,409440,tree_of_shapes,4/8,ref5_original,1,0,593.545875,68621,68621,68621,proposed,8141,1096,8004,8004,0,0,134,1578920854099495856,344.395250,4.106500,UNCHECKED
480p,67,val_067.png,853,480,409440,tree_of_shapes,4/8,proposed,1,1,47.701334,68621,68621,68621,proposed,0,0,0,0,0,0,0,6645749563889960727,344.395250,4.106500,UNCHECKED
480p,67,val_067.png,853,480,409440,tree_of_shapes,4/8,proposed,2,0,46.124333,68621,68621,68621,proposed,0,0,0,0,0,0,0,6645749563889960727,344.395250,4.106500,UNCHECKED
480p,67,val_067.png,853,480,409440,tree_of_shapes,4/8,ref5_original,2,1,600.800375,68621,68621,68621,proposed,8141,1096,8004,8004,0,0,134,1578920854099495856,344.395250,4.106500,UNCHECKED
480p,68,val_068.png,853,480,409440,max_tree,8,ref6,0,0,39.096458,32800,32800,32800,proposed,0,0,0,0,0,0,0,5623469780564635793,70.793709,7.292125,UNCHECKED
480p,68,val_068.png,853,480,409440,max_tree,8,proposed,0,1,41.679125,32800,32800,32800,proposed,0,0,0,0,0,0,0,5623469780564635793,70.793709,7.292125,UNCHECKED
480p,68,val_068.png,853,480,409440,max_tree,8,proposed,1,0,42.444458,32800,32800,32800,proposed,0,0,0,0,0,0,0,5623469780564635793,70.793709,7.292125,UNCHECKED
480p,68,val_068.png,853,480,409440,max_tree,8,ref6,1,1,39.718000,32800,32800,32800,proposed,0,0,0,0,0,0,0,5623469780564635793,70.793709,7.292125,UNCHECKED
480p,68,val_068.png,853,480,409440,max_tree,8,ref6,2,0,39.687000,32800,32800,32800,proposed,0,0,0,0,0,0,0,5623469780564635793,70.793709,7.292125,UNCHECKED
480p,68,val_068.png,853,480,409440,max_tree,8,proposed,2,1,41.596750,32800,32800,32800,proposed,0,0,0,0,0,0,0,5623469780564635793,70.793709,7.292125,UNCHECKED
480p,68,val_068.png,853,480,409440,min_tree,8,proposed,0,0,45.085167,28917,28917,28917,proposed,0,0,0,0,0,0,0,13271048585248189412,67.939083,7.428042,UNCHECKED
480p,68,val_068.png,853,480,409440,min_tree,8,ref6,0,1,36.913375,28917,28917,28917,proposed,0,0,0,0,0,0,0,13271048585248189412,67.939083,7.428042,UNCHECKED
480p,68,val_068.png,853,480,409440,min_tree,8,ref6,1,0,36.916083,28917,28917,28917,proposed,0,0,0,0,0,0,0,13271048585248189412,67.939083,7.428042,UNCHECKED
480p,68,val_068.png,853,480,409440,min_tree,8,proposed,1,1,44.453166,28917,28917,28917,proposed,0,0,0,0,0,0,0,13271048585248189412,67.939083,7.428042,UNCHECKED
480p,68,val_068.png,853,480,409440,min_tree,8,proposed,2,0,42.420917,28917,28917,28917,proposed,0,0,0,0,0,0,0,13271048585248189412,67.939083,7.428042,UNCHECKED
480p,68,val_068.png,853,480,409440,min_tree,8,ref6,2,1,38.331042,28917,28917,28917,proposed,0,0,0,0,0,0,0,13271048585248189412,67.939083,7.428042,UNCHECKED
480p,68,val_068.png,853,480,409440,tree_of_shapes,4/8,ref5_original,0,0,586.725292,66822,66822,66822,proposed,7347,1068,7208,7205,0,0,212,15437817400375420290,342.998417,5.058833,UNCHECKED
480p,68,val_068.png,853,480,409440,tree_of_shapes,4/8,proposed,0,1,45.300458,66822,66822,66822,proposed,0,0,0,0,0,0,0,5439179646566940739,342.998417,5.058833,UNCHECKED
480p,68,val_068.png,853,480,409440,tree_of_shapes,4/8,proposed,1,0,43.767084,66822,66822,66822,proposed,0,0,0,0,0,0,0,5439179646566940739,342.998417,5.058833,UNCHECKED
480p,68,val_068.png,853,480,409440,tree_of_shapes,4/8,ref5_original,1,1,573.707000,66822,66822,66822,proposed,7347,1068,7208,7205,0,0,212,15437817400375420290,342.998417,5.058833,UNCHECKED
480p,68,val_068.png,853,480,409440,tree_of_shapes,4/8,ref5_original,2,0,576.472375,66822,66822,66822,proposed,7347,1068,7208,7205,0,0,212,15437817400375420290,342.998417,5.058833,UNCHECKED
480p,68,val_068.png,853,480,409440,tree_of_shapes,4/8,proposed,2,1,44.924042,66822,66822,66822,proposed,0,0,0,0,0,0,0,5439179646566940739,342.998417,5.058833,UNCHECKED
480p,69,val_069.png,853,480,409440,max_tree,8,proposed,0,0,38.889000,26011,26011,26011,proposed,0,0,0,0,0,0,0,7169693444851503079,65.887875,8.562167,UNCHECKED
480p,69,val_069.png,853,480,409440,max_tree,8,ref6,0,1,37.778583,26011,26011,26011,proposed,0,0,0,0,0,0,0,7169693444851503079,65.887875,8.562167,UNCHECKED
480p,69,val_069.png,853,480,409440,max_tree,8,ref6,1,0,38.605125,26011,26011,26011,proposed,0,0,0,0,0,0,0,7169693444851503079,65.887875,8.562167,UNCHECKED
480p,69,val_069.png,853,480,409440,max_tree,8,proposed,1,1,38.627792,26011,26011,26011,proposed,0,0,0,0,0,0,0,7169693444851503079,65.887875,8.562167,UNCHECKED
480p,69,val_069.png,853,480,409440,max_tree,8,proposed,2,0,39.100458,26011,26011,26011,proposed,0,0,0,0,0,0,0,7169693444851503079,65.887875,8.562167,UNCHECKED
480p,69,val_069.png,853,480,409440,max_tree,8,ref6,2,1,38.551583,26011,26011,26011,proposed,0,0,0,0,0,0,0,7169693444851503079,65.887875,8.562167,UNCHECKED
480p,69,val_069.png,853,480,409440,min_tree,8,ref6,0,0,39.581209,19362,19362,19362,proposed,0,0,0,0,0,0,0,252236277137697722,67.645625,8.177542,UNCHECKED
480p,69,val_069.png,853,480,409440,min_tree,8,proposed,0,1,38.664875,19362,19362,19362,proposed,0,0,0,0,0,0,0,252236277137697722,67.645625,8.177542,UNCHECKED
480p,69,val_069.png,853,480,409440,min_tree,8,proposed,1,0,39.289042,19362,19362,19362,proposed,0,0,0,0,0,0,0,252236277137697722,67.645625,8.177542,UNCHECKED
480p,69,val_069.png,853,480,409440,min_tree,8,ref6,1,1,39.024292,19362,19362,19362,proposed,0,0,0,0,0,0,0,252236277137697722,67.645625,8.177542,UNCHECKED
480p,69,val_069.png,853,480,409440,min_tree,8,ref6,2,0,37.909875,19362,19362,19362,proposed,0,0,0,0,0,0,0,252236277137697722,67.645625,8.177542,UNCHECKED
480p,69,val_069.png,853,480,409440,min_tree,8,proposed,2,1,38.890875,19362,19362,19362,proposed,0,0,0,0,0,0,0,252236277137697722,67.645625,8.177542,UNCHECKED
480p,69,val_069.png,853,480,409440,tree_of_shapes,4/8,proposed,0,0,38.657875,48888,48888,48888,proposed,0,0,0,0,0,0,0,2900010498308181847,326.373375,7.226667,UNCHECKED
480p,69,val_069.png,853,480,409440,tree_of_shapes,4/8,ref5_original,0,1,569.394583,48888,48888,48888,proposed,4613,712,4529,4539,0,0,127,1275269294770016271,326.373375,7.226667,UNCHECKED
480p,69,val_069.png,853,480,409440,tree_of_shapes,4/8,ref5_original,1,0,563.712417,48888,48888,48888,proposed,4613,712,4529,4539,0,0,127,1275269294770016271,326.373375,7.226667,UNCHECKED
480p,69,val_069.png,853,480,409440,tree_of_shapes,4/8,proposed,1,1,39.865583,48888,48888,48888,proposed,0,0,0,0,0,0,0,2900010498308181847,326.373375,7.226667,UNCHECKED
480p,69,val_069.png,853,480,409440,tree_of_shapes,4/8,proposed,2,0,38.775375,48888,48888,48888,proposed,0,0,0,0,0,0,0,2900010498308181847,326.373375,7.226667,UNCHECKED
480p,69,val_069.png,853,480,409440,tree_of_shapes,4/8,ref5_original,2,1,563.182084,48888,48888,48888,proposed,4613,712,4529,4539,0,0,127,1275269294770016271,326.373375,7.226667,UNCHECKED
480p,70,val_070.png,853,480,409440,max_tree,8,ref6,0,0,38.920916,40672,40672,40672,proposed,0,0,0,0,0,0,0,2739005008427607791,71.463458,4.907333,UNCHECKED
480p,70,val_070.png,853,480,409440,max_tree,8,proposed,0,1,43.012916,40672,40672,40672,proposed,0,0,0,0,0,0,0,2739005008427607791,71.463458,4.907333,UNCHECKED
480p,70,val_070.png,853,480,409440,max_tree,8,proposed,1,0,43.173375,40672,40672,40672,proposed,0,0,0,0,0,0,0,2739005008427607791,71.463458,4.907333,UNCHECKED
480p,70,val_070.png,853,480,409440,max_tree,8,ref6,1,1,41.830583,40672,40672,40672,proposed,0,0,0,0,0,0,0,2739005008427607791,71.463458,4.907333,UNCHECKED
480p,70,val_070.png,853,480,409440,max_tree,8,ref6,2,0,41.373750,40672,40672,40672,proposed,0,0,0,0,0,0,0,2739005008427607791,71.463458,4.907333,UNCHECKED
480p,70,val_070.png,853,480,409440,max_tree,8,proposed,2,1,43.048250,40672,40672,40672,proposed,0,0,0,0,0,0,0,2739005008427607791,71.463458,4.907333,UNCHECKED
480p,70,val_070.png,853,480,409440,min_tree,8,proposed,0,0,43.111291,31184,31184,31184,proposed,0,0,0,0,0,0,0,13630397734796442234,72.140500,7.620458,UNCHECKED
480p,70,val_070.png,853,480,409440,min_tree,8,ref6,0,1,40.002833,31184,31184,31184,proposed,0,0,0,0,0,0,0,13630397734796442234,72.140500,7.620458,UNCHECKED
480p,70,val_070.png,853,480,409440,min_tree,8,ref6,1,0,41.432541,31184,31184,31184,proposed,0,0,0,0,0,0,0,13630397734796442234,72.140500,7.620458,UNCHECKED
480p,70,val_070.png,853,480,409440,min_tree,8,proposed,1,1,45.034541,31184,31184,31184,proposed,0,0,0,0,0,0,0,13630397734796442234,72.140500,7.620458,UNCHECKED
480p,70,val_070.png,853,480,409440,min_tree,8,proposed,2,0,43.914916,31184,31184,31184,proposed,0,0,0,0,0,0,0,13630397734796442234,72.140500,7.620458,UNCHECKED
480p,70,val_070.png,853,480,409440,min_tree,8,ref6,2,1,41.156792,31184,31184,31184,proposed,0,0,0,0,0,0,0,13630397734796442234,72.140500,7.620458,UNCHECKED
480p,70,val_070.png,853,480,409440,tree_of_shapes,4/8,ref5_original,0,0,595.638750,79544,79544,79544,proposed,7733,997,7591,7597,0,0,166,3827383312657950879,350.561000,4.223291,UNCHECKED
480p,70,val_070.png,853,480,409440,tree_of_shapes,4/8,proposed,0,1,49.906500,79544,79544,79544,proposed,0,0,0,0,0,0,0,16533358112220449677,350.561000,4.223291,UNCHECKED
480p,70,val_070.png,853,480,409440,tree_of_shapes,4/8,proposed,1,0,48.228916,79544,79544,79544,proposed,0,0,0,0,0,0,0,16533358112220449677,350.561000,4.223291,UNCHECKED
480p,70,val_070.png,853,480,409440,tree_of_shapes,4/8,ref5_original,1,1,595.618000,79544,79544,79544,proposed,7733,997,7591,7597,0,0,166,3827383312657950879,350.561000,4.223291,UNCHECKED
480p,70,val_070.png,853,480,409440,tree_of_shapes,4/8,ref5_original,2,0,608.421208,79544,79544,79544,proposed,7733,997,7591,7597,0,0,166,3827383312657950879,350.561000,4.223291,UNCHECKED
480p,70,val_070.png,853,480,409440,tree_of_shapes,4/8,proposed,2,1,54.327625,79544,79544,79544,proposed,0,0,0,0,0,0,0,16533358112220449677,350.561000,4.223291,UNCHECKED
480p,71,val_071.png,853,480,409440,max_tree,8,proposed,0,0,44.895041,66562,66562,66562,proposed,0,0,0,0,0,0,0,11046661540378419928,76.908916,4.301167,UNCHECKED
480p,71,val_071.png,853,480,409440,max_tree,8,ref6,0,1,40.936542,66562,66562,66562,proposed,0,0,0,0,0,0,0,11046661540378419928,76.908916,4.301167,UNCHECKED
480p,71,val_071.png,853,480,409440,max_tree,8,ref6,1,0,40.699042,66562,66562,66562,proposed,0,0,0,0,0,0,0,11046661540378419928,76.908916,4.301167,UNCHECKED
480p,71,val_071.png,853,480,409440,max_tree,8,proposed,1,1,45.203292,66562,66562,66562,proposed,0,0,0,0,0,0,0,11046661540378419928,76.908916,4.301167,UNCHECKED
480p,71,val_071.png,853,480,409440,max_tree,8,proposed,2,0,45.947875,66562,66562,66562,proposed,0,0,0,0,0,0,0,11046661540378419928,76.908916,4.301167,UNCHECKED
480p,71,val_071.png,853,480,409440,max_tree,8,ref6,2,1,43.296875,66562,66562,66562,proposed,0,0,0,0,0,0,0,11046661540378419928,76.908916,4.301167,UNCHECKED
480p,71,val_071.png,853,480,409440,min_tree,8,ref6,0,0,39.909208,51404,51404,51404,proposed,0,0,0,0,0,0,0,16749999697281840299,76.619833,5.437208,UNCHECKED
480p,71,val_071.png,853,480,409440,min_tree,8,proposed,0,1,44.183417,51404,51404,51404,proposed,0,0,0,0,0,0,0,16749999697281840299,76.619833,5.437208,UNCHECKED
480p,71,val_071.png,853,480,409440,min_tree,8,proposed,1,0,44.798959,51404,51404,51404,proposed,0,0,0,0,0,0,0,16749999697281840299,76.619833,5.437208,UNCHECKED
480p,71,val_071.png,853,480,409440,min_tree,8,ref6,1,1,40.385166,51404,51404,51404,proposed,0,0,0,0,0,0,0,16749999697281840299,76.619833,5.437208,UNCHECKED
480p,71,val_071.png,853,480,409440,min_tree,8,ref6,2,0,40.149333,51404,51404,51404,proposed,0,0,0,0,0,0,0,16749999697281840299,76.619833,5.437208,UNCHECKED
480p,71,val_071.png,853,480,409440,min_tree,8,proposed,2,1,44.441916,51404,51404,51404,proposed,0,0,0,0,0,0,0,16749999697281840299,76.619833,5.437208,UNCHECKED
480p,71,val_071.png,853,480,409440,tree_of_shapes,4/8,proposed,0,0,55.065875,128581,128581,128581,proposed,0,0,0,0,0,0,0,17702172487587869314,380.053500,5.494583,UNCHECKED
480p,71,val_071.png,853,480,409440,tree_of_shapes,4/8,ref5_original,0,1,627.241958,128581,128581,128581,proposed,16800,2645,16477,16478,0,0,227,13389118414724677124,380.053500,5.494583,UNCHECKED
480p,71,val_071.png,853,480,409440,tree_of_shapes,4/8,ref5_original,1,0,618.771417,128581,128581,128581,proposed,16800,2645,16477,16478,0,0,227,13389118414724677124,380.053500,5.494583,UNCHECKED
480p,71,val_071.png,853,480,409440,tree_of_shapes,4/8,proposed,1,1,58.340750,128581,128581,128581,proposed,0,0,0,0,0,0,0,17702172487587869314,380.053500,5.494583,UNCHECKED
480p,71,val_071.png,853,480,409440,tree_of_shapes,4/8,proposed,2,0,54.113667,128581,128581,128581,proposed,0,0,0,0,0,0,0,17702172487587869314,380.053500,5.494583,UNCHECKED
480p,71,val_071.png,853,480,409440,tree_of_shapes,4/8,ref5_original,2,1,626.917541,128581,128581,128581,proposed,16800,2645,16477,16478,0,0,227,13389118414724677124,380.053500,5.494583,UNCHECKED
480p,72,val_072.png,853,480,409440,max_tree,8,ref6,0,0,43.536125,47723,47723,47723,proposed,0,0,0,0,0,0,0,7869187460980426286,77.788709,6.558708,UNCHECKED
480p,72,val_072.png,853,480,409440,max_tree,8,proposed,0,1,47.772500,47723,47723,47723,proposed,0,0,0,0,0,0,0,7869187460980426286,77.788709,6.558708,UNCHECKED
480p,72,val_072.png,853,480,409440,max_tree,8,proposed,1,0,47.515583,47723,47723,47723,proposed,0,0,0,0,0,0,0,7869187460980426286,77.788709,6.558708,UNCHECKED
480p,72,val_072.png,853,480,409440,max_tree,8,ref6,1,1,43.681542,47723,47723,47723,proposed,0,0,0,0,0,0,0,7869187460980426286,77.788709,6.558708,UNCHECKED
480p,72,val_072.png,853,480,409440,max_tree,8,ref6,2,0,42.288834,47723,47723,47723,proposed,0,0,0,0,0,0,0,7869187460980426286,77.788709,6.558708,UNCHECKED
480p,72,val_072.png,853,480,409440,max_tree,8,proposed,2,1,45.920083,47723,47723,47723,proposed,0,0,0,0,0,0,0,7869187460980426286,77.788709,6.558708,UNCHECKED
480p,72,val_072.png,853,480,409440,min_tree,8,proposed,0,0,46.764000,34667,34667,34667,proposed,0,0,0,0,0,0,0,10249087531319367654,74.477209,7.152833,UNCHECKED
480p,72,val_072.png,853,480,409440,min_tree,8,ref6,0,1,41.271917,34667,34667,34667,proposed,0,0,0,0,0,0,0,10249087531319367654,74.477209,7.152833,UNCHECKED
480p,72,val_072.png,853,480,409440,min_tree,8,ref6,1,0,41.468375,34667,34667,34667,proposed,0,0,0,0,0,0,0,10249087531319367654,74.477209,7.152833,UNCHECKED
480p,72,val_072.png,853,480,409440,min_tree,8,proposed,1,1,46.825958,34667,34667,34667,proposed,0,0,0,0,0,0,0,10249087531319367654,74.477209,7.152833,UNCHECKED
480p,72,val_072.png,853,480,409440,min_tree,8,proposed,2,0,46.872125,34667,34667,34667,proposed,0,0,0,0,0,0,0,10249087531319367654,74.477209,7.152833,UNCHECKED
480p,72,val_072.png,853,480,409440,min_tree,8,ref6,2,1,41.450542,34667,34667,34667,proposed,0,0,0,0,0,0,0,10249087531319367654,74.477209,7.152833,UNCHECKED
480p,72,val_072.png,853,480,409440,tree_of_shapes,4/8,ref5_original,0,0,611.765292,90094,90094,90094,proposed,8371,1001,8203,8221,0,0,191,17230937719424637532,368.248958,4.774666,UNCHECKED
480p,72,val_072.png,853,480,409440,tree_of_shapes,4/8,proposed,0,1,56.014542,90094,90094,90094,proposed,0,0,0,0,0,0,0,15863884588038136793,368.248958,4.774666,UNCHECKED
480p,72,val_072.png,853,480,409440,tree_of_shapes,4/8,proposed,1,0,53.598875,90094,90094,90094,proposed,0,0,0,0,0,0,0,15863884588038136793,368.248958,4.774666,UNCHECKED
480p,72,val_072.png,853,480,409440,tree_of_shapes,4/8,ref5_original,1,1,615.572708,90094,90094,90094,proposed,8371,1001,8203,8221,0,0,191,17230937719424637532,368.248958,4.774666,UNCHECKED
480p,72,val_072.png,853,480,409440,tree_of_shapes,4/8,ref5_original,2,0,614.035750,90094,90094,90094,proposed,8371,1001,8203,8221,0,0,191,17230937719424637532,368.248958,4.774666,UNCHECKED
480p,72,val_072.png,853,480,409440,tree_of_shapes,4/8,proposed,2,1,55.430459,90094,90094,90094,proposed,0,0,0,0,0,0,0,15863884588038136793,368.248958,4.774666,UNCHECKED
480p,73,val_073.png,853,480,409440,max_tree,8,proposed,0,0,47.584042,45389,45389,45389,proposed,0,0,0,0,0,0,0,4791026686967438351,75.966333,4.903625,UNCHECKED
480p,73,val_073.png,853,480,409440,max_tree,8,ref6,0,1,41.679291,45389,45389,45389,proposed,0,0,0,0,0,0,0,4791026686967438351,75.966333,4.903625,UNCHECKED
480p,73,val_073.png,853,480,409440,max_tree,8,ref6,1,0,41.915167,45389,45389,45389,proposed,0,0,0,0,0,0,0,4791026686967438351,75.966333,4.903625,UNCHECKED
480p,73,val_073.png,853,480,409440,max_tree,8,proposed,1,1,46.703208,45389,45389,45389,proposed,0,0,0,0,0,0,0,4791026686967438351,75.966333,4.903625,UNCHECKED
480p,73,val_073.png,853,480,409440,max_tree,8,proposed,2,0,47.535167,45389,45389,45389,proposed,0,0,0,0,0,0,0,4791026686967438351,75.966333,4.903625,UNCHECKED
480p,73,val_073.png,853,480,409440,max_tree,8,ref6,2,1,42.569417,45389,45389,45389,proposed,0,0,0,0,0,0,0,4791026686967438351,75.966333,4.903625,UNCHECKED
480p,73,val_073.png,853,480,409440,min_tree,8,ref6,0,0,41.258667,38889,38889,38889,proposed,0,0,0,0,0,0,0,18435403824789291250,74.630375,4.417208,UNCHECKED
480p,73,val_073.png,853,480,409440,min_tree,8,proposed,0,1,44.762209,38889,38889,38889,proposed,0,0,0,0,0,0,0,18435403824789291250,74.630375,4.417208,UNCHECKED
480p,73,val_073.png,853,480,409440,min_tree,8,proposed,1,0,45.037375,38889,38889,38889,proposed,0,0,0,0,0,0,0,18435403824789291250,74.630375,4.417208,UNCHECKED
480p,73,val_073.png,853,480,409440,min_tree,8,ref6,1,1,41.101292,38889,38889,38889,proposed,0,0,0,0,0,0,0,18435403824789291250,74.630375,4.417208,UNCHECKED
480p,73,val_073.png,853,480,409440,min_tree,8,ref6,2,0,40.682042,38889,38889,38889,proposed,0,0,0,0,0,0,0,18435403824789291250,74.630375,4.417208,UNCHECKED
480p,73,val_073.png,853,480,409440,min_tree,8,proposed,2,1,44.927750,38889,38889,38889,proposed,0,0,0,0,0,0,0,18435403824789291250,74.630375,4.417208,UNCHECKED
480p,73,val_073.png,853,480,409440,tree_of_shapes,4/8,proposed,0,0,49.190584,89749,89749,89749,proposed,0,0,0,0,0,0,0,12736567409343032287,362.974708,4.150875,UNCHECKED
480p,73,val_073.png,853,480,409440,tree_of_shapes,4/8,ref5_original,0,1,617.506833,89749,89749,89749,proposed,11222,1562,10987,11035,0,0,182,14859875017932483278,362.974708,4.150875,UNCHECKED
480p,73,val_073.png,853,480,409440,tree_of_shapes,4/8,ref5_original,1,0,601.610750,89749,89749,89749,proposed,11222,1562,10987,11035,0,0,182,14859875017932483278,362.974708,4.150875,UNCHECKED
480p,73,val_073.png,853,480,409440,tree_of_shapes,4/8,proposed,1,1,51.935083,89749,89749,89749,proposed,0,0,0,0,0,0,0,12736567409343032287,362.974708,4.150875,UNCHECKED
480p,73,val_073.png,853,480,409440,tree_of_shapes,4/8,proposed,2,0,49.921583,89749,89749,89749,proposed,0,0,0,0,0,0,0,12736567409343032287,362.974708,4.150875,UNCHECKED
480p,73,val_073.png,853,480,409440,tree_of_shapes,4/8,ref5_original,2,1,613.553792,89749,89749,89749,proposed,11222,1562,10987,11035,0,0,182,14859875017932483278,362.974708,4.150875,UNCHECKED
480p,74,val_074.png,853,480,409440,max_tree,8,ref6,0,0,43.348750,36845,36845,36845,proposed,0,0,0,0,0,0,0,37589290384911838,73.216292,7.618125,UNCHECKED
480p,74,val_074.png,853,480,409440,max_tree,8,proposed,0,1,42.819166,36845,36845,36845,proposed,0,0,0,0,0,0,0,37589290384911838,73.216292,7.618125,UNCHECKED
480p,74,val_074.png,853,480,409440,max_tree,8,proposed,1,0,43.216167,36845,36845,36845,proposed,0,0,0,0,0,0,0,37589290384911838,73.216292,7.618125,UNCHECKED
480p,74,val_074.png,853,480,409440,max_tree,8,ref6,1,1,40.511125,36845,36845,36845,proposed,0,0,0,0,0,0,0,37589290384911838,73.216292,7.618125,UNCHECKED
480p,74,val_074.png,853,480,409440,max_tree,8,ref6,2,0,39.304833,36845,36845,36845,proposed,0,0,0,0,0,0,0,37589290384911838,73.216292,7.618125,UNCHECKED
480p,74,val_074.png,853,480,409440,max_tree,8,proposed,2,1,44.317292,36845,36845,36845,proposed,0,0,0,0,0,0,0,37589290384911838,73.216292,7.618125,UNCHECKED
480p,74,val_074.png,853,480,409440,min_tree,8,proposed,0,0,45.969791,31040,31040,31040,proposed,0,0,0,0,0,0,0,8193612712391816646,70.146667,9.248500,UNCHECKED
480p,74,val_074.png,853,480,409440,min_tree,8,ref6,0,1,41.198625,31040,31040,31040,proposed,0,0,0,0,0,0,0,8193612712391816646,70.146667,9.248500,UNCHECKED
480p,74,val_074.png,853,480,409440,min_tree,8,ref6,1,0,40.198584,31040,31040,31040,proposed,0,0,0,0,0,0,0,8193612712391816646,70.146667,9.248500,UNCHECKED
480p,74,val_074.png,853,480,409440,min_tree,8,proposed,1,1,42.757166,31040,31040,31040,proposed,0,0,0,0,0,0,0,8193612712391816646,70.146667,9.248500,UNCHECKED
480p,74,val_074.png,853,480,409440,min_tree,8,proposed,2,0,44.073083,31040,31040,31040,proposed,0,0,0,0,0,0,0,8193612712391816646,70.146667,9.248500,UNCHECKED
480p,74,val_074.png,853,480,409440,min_tree,8,ref6,2,1,39.410959,31040,31040,31040,proposed,0,0,0,0,0,0,0,8193612712391816646,70.146667,9.248500,UNCHECKED
480p,74,val_074.png,853,480,409440,tree_of_shapes,4/8,ref5_original,0,0,604.899208,73324,73324,73324,proposed,8379,1141,8229,8253,0,0,214,12336959110255850974,354.649125,5.269000,UNCHECKED
480p,74,val_074.png,853,480,409440,tree_of_shapes,4/8,proposed,0,1,48.522625,73324,73324,73324,proposed,0,0,0,0,0,0,0,3964422136667042984,354.649125,5.269000,UNCHECKED
480p,74,val_074.png,853,480,409440,tree_of_shapes,4/8,proposed,1,0,46.539333,73324,73324,73324,proposed,0,0,0,0,0,0,0,3964422136667042984,354.649125,5.269000,UNCHECKED
480p,74,val_074.png,853,480,409440,tree_of_shapes,4/8,ref5_original,1,1,591.665292,73324,73324,73324,proposed,8379,1141,8229,8253,0,0,214,12336959110255850974,354.649125,5.269000,UNCHECKED
480p,74,val_074.png,853,480,409440,tree_of_shapes,4/8,ref5_original,2,0,590.167167,73324,73324,73324,proposed,8379,1141,8229,8253,0,0,214,12336959110255850974,354.649125,5.269000,UNCHECKED
480p,74,val_074.png,853,480,409440,tree_of_shapes,4/8,proposed,2,1,48.537958,73324,73324,73324,proposed,0,0,0,0,0,0,0,3964422136667042984,354.649125,5.269000,UNCHECKED
480p,75,val_075.png,853,480,409440,max_tree,8,proposed,0,0,44.192417,49917,49917,49917,proposed,0,0,0,0,0,0,0,17751733812519810192,74.919292,4.665875,UNCHECKED
480p,75,val_075.png,853,480,409440,max_tree,8,ref6,0,1,39.160333,49917,49917,49917,proposed,0,0,0,0,0,0,0,17751733812519810192,74.919292,4.665875,UNCHECKED
480p,75,val_075.png,853,480,409440,max_tree,8,ref6,1,0,38.752250,49917,49917,49917,proposed,0,0,0,0,0,0,0,17751733812519810192,74.919292,4.665875,UNCHECKED
480p,75,val_075.png,853,480,409440,max_tree,8,proposed,1,1,44.238875,49917,49917,49917,proposed,0,0,0,0,0,0,0,17751733812519810192,74.919292,4.665875,UNCHECKED
480p,75,val_075.png,853,480,409440,max_tree,8,proposed,2,0,44.523500,49917,49917,49917,proposed,0,0,0,0,0,0,0,17751733812519810192,74.919292,4.665875,UNCHECKED
480p,75,val_075.png,853,480,409440,max_tree,8,ref6,2,1,40.895875,49917,49917,49917,proposed,0,0,0,0,0,0,0,17751733812519810192,74.919292,4.665875,UNCHECKED
480p,75,val_075.png,853,480,409440,min_tree,8,ref6,0,0,39.338000,37783,37783,37783,proposed,0,0,0,0,0,0,0,12251657149747947682,74.255375,5.673417,UNCHECKED
480p,75,val_075.png,853,480,409440,min_tree,8,proposed,0,1,44.602417,37783,37783,37783,proposed,0,0,0,0,0,0,0,12251657149747947682,74.255375,5.673417,UNCHECKED
480p,75,val_075.png,853,480,409440,min_tree,8,proposed,1,0,44.359500,37783,37783,37783,proposed,0,0,0,0,0,0,0,12251657149747947682,74.255375,5.673417,UNCHECKED
480p,75,val_075.png,853,480,409440,min_tree,8,ref6,1,1,40.551708,37783,37783,37783,proposed,0,0,0,0,0,0,0,12251657149747947682,74.255375,5.673417,UNCHECKED
480p,75,val_075.png,853,480,409440,min_tree,8,ref6,2,0,40.403042,37783,37783,37783,proposed,0,0,0,0,0,0,0,12251657149747947682,74.255375,5.673417,UNCHECKED
480p,75,val_075.png,853,480,409440,min_tree,8,proposed,2,1,44.125916,37783,37783,37783,proposed,0,0,0,0,0,0,0,12251657149747947682,74.255375,5.673417,UNCHECKED
480p,75,val_075.png,853,480,409440,tree_of_shapes,4/8,proposed,0,0,50.391292,93931,93931,93931,proposed,0,0,0,0,0,0,0,8127561191368380916,355.258375,4.488041,UNCHECKED
480p,75,val_075.png,853,480,409440,tree_of_shapes,4/8,ref5_original,0,1,604.054459,93931,93931,93931,proposed,11363,1323,11212,11210,0,0,219,2416961854010810565,355.258375,4.488041,UNCHECKED
480p,75,val_075.png,853,480,409440,tree_of_shapes,4/8,ref5_original,1,0,606.848750,93931,93931,93931,proposed,11363,1323,11212,11210,0,0,219,2416961854010810565,355.258375,4.488041,UNCHECKED
480p,75,val_075.png,853,480,409440,tree_of_shapes,4/8,proposed,1,1,52.542959,93931,93931,93931,proposed,0,0,0,0,0,0,0,8127561191368380916,355.258375,4.488041,UNCHECKED
480p,75,val_075.png,853,480,409440,tree_of_shapes,4/8,proposed,2,0,90.028625,93931,93931,93931,proposed,0,0,0,0,0,0,0,8127561191368380916,355.258375,4.488041,UNCHECKED
480p,75,val_075.png,853,480,409440,tree_of_shapes,4/8,ref5_original,2,1,640.431458,93931,93931,93931,proposed,11363,1323,11212,11210,0,0,219,2416961854010810565,355.258375,4.488041,UNCHECKED
480p,76,val_076.png,853,480,409440,max_tree,8,ref6,0,0,38.994542,24173,24173,24173,proposed,0,0,0,0,0,0,0,5095738232061415012,65.844333,9.952583,UNCHECKED
480p,76,val_076.png,853,480,409440,max_tree,8,proposed,0,1,39.069792,24173,24173,24173,proposed,0,0,0,0,0,0,0,5095738232061415012,65.844333,9.952583,UNCHECKED
480p,76,val_076.png,853,480,409440,max_tree,8,proposed,1,0,40.742666,24173,24173,24173,proposed,0,0,0,0,0,0,0,5095738232061415012,65.844333,9.952583,UNCHECKED
480p,76,val_076.png,853,480,409440,max_tree,8,ref6,1,1,39.409916,24173,24173,24173,proposed,0,0,0,0,0,0,0,5095738232061415012,65.844333,9.952583,UNCHECKED
480p,76,val_076.png,853,480,409440,max_tree,8,ref6,2,0,39.128083,24173,24173,24173,proposed,0,0,0,0,0,0,0,5095738232061415012,65.844333,9.952583,UNCHECKED
480p,76,val_076.png,853,480,409440,max_tree,8,proposed,2,1,39.290333,24173,24173,24173,proposed,0,0,0,0,0,0,0,5095738232061415012,65.844333,9.952583,UNCHECKED
480p,76,val_076.png,853,480,409440,min_tree,8,proposed,0,0,38.813833,23350,23350,23350,proposed,0,0,0,0,0,0,0,16007817376735681837,65.866583,8.618542,UNCHECKED
480p,76,val_076.png,853,480,409440,min_tree,8,ref6,0,1,39.500750,23350,23350,23350,proposed,0,0,0,0,0,0,0,16007817376735681837,65.866583,8.618542,UNCHECKED
480p,76,val_076.png,853,480,409440,min_tree,8,ref6,1,0,39.131666,23350,23350,23350,proposed,0,0,0,0,0,0,0,16007817376735681837,65.866583,8.618542,UNCHECKED
480p,76,val_076.png,853,480,409440,min_tree,8,proposed,1,1,38.969875,23350,23350,23350,proposed,0,0,0,0,0,0,0,16007817376735681837,65.866583,8.618542,UNCHECKED
480p,76,val_076.png,853,480,409440,min_tree,8,proposed,2,0,38.975916,23350,23350,23350,proposed,0,0,0,0,0,0,0,16007817376735681837,65.866583,8.618542,UNCHECKED
480p,76,val_076.png,853,480,409440,min_tree,8,ref6,2,1,39.630000,23350,23350,23350,proposed,0,0,0,0,0,0,0,16007817376735681837,65.866583,8.618542,UNCHECKED
480p,76,val_076.png,853,480,409440,tree_of_shapes,4/8,ref5_original,0,0,568.405500,51433,51433,51433,proposed,5387,570,5328,5345,0,0,155,4636364648725342005,332.891208,7.012042,UNCHECKED
480p,76,val_076.png,853,480,409440,tree_of_shapes,4/8,proposed,0,1,40.151334,51433,51433,51433,proposed,0,0,0,0,0,0,0,3096007133874181522,332.891208,7.012042,UNCHECKED
480p,76,val_076.png,853,480,409440,tree_of_shapes,4/8,proposed,1,0,38.954208,51433,51433,51433,proposed,0,0,0,0,0,0,0,3096007133874181522,332.891208,7.012042,UNCHECKED
480p,76,val_076.png,853,480,409440,tree_of_shapes,4/8,ref5_original,1,1,571.259459,51433,51433,51433,proposed,5387,570,5328,5345,0,0,155,4636364648725342005,332.891208,7.012042,UNCHECKED
480p,76,val_076.png,853,480,409440,tree_of_shapes,4/8,ref5_original,2,0,568.623458,51433,51433,51433,proposed,5387,570,5328,5345,0,0,155,4636364648725342005,332.891208,7.012042,UNCHECKED
480p,76,val_076.png,853,480,409440,tree_of_shapes,4/8,proposed,2,1,40.360041,51433,51433,51433,proposed,0,0,0,0,0,0,0,3096007133874181522,332.891208,7.012042,UNCHECKED
480p,77,val_077.png,853,480,409440,max_tree,8,proposed,0,0,42.039375,31729,31729,31729,proposed,0,0,0,0,0,0,0,13461551190978484506,69.966917,5.992041,UNCHECKED
480p,77,val_077.png,853,480,409440,max_tree,8,ref6,0,1,43.954000,31729,31729,31729,proposed,0,0,0,0,0,0,0,13461551190978484506,69.966917,5.992041,UNCHECKED
480p,77,val_077.png,853,480,409440,max_tree,8,ref6,1,0,44.149500,31729,31729,31729,proposed,0,0,0,0,0,0,0,13461551190978484506,69.966917,5.992041,UNCHECKED
480p,77,val_077.png,853,480,409440,max_tree,8,proposed,1,1,42.274584,31729,31729,31729,proposed,0,0,0,0,0,0,0,13461551190978484506,69.966917,5.992041,UNCHECKED
480p,77,val_077.png,853,480,409440,max_tree,8,proposed,2,0,42.328625,31729,31729,31729,proposed,0,0,0,0,0,0,0,13461551190978484506,69.966917,5.992041,UNCHECKED
480p,77,val_077.png,853,480,409440,max_tree,8,ref6,2,1,40.046917,31729,31729,31729,proposed,0,0,0,0,0,0,0,13461551190978484506,69.966917,5.992041,UNCHECKED
480p,77,val_077.png,853,480,409440,min_tree,8,ref6,0,0,39.315833,28309,28309,28309,proposed,0,0,0,0,0,0,0,152453356836966411,79.761375,7.615375,UNCHECKED
480p,77,val_077.png,853,480,409440,min_tree,8,proposed,0,1,42.521459,28309,28309,28309,proposed,0,0,0,0,0,0,0,152453356836966411,79.761375,7.615375,UNCHECKED
480p,77,val_077.png,853,480,409440,min_tree,8,proposed,1,0,42.830084,28309,28309,28309,proposed,0,0,0,0,0,0,0,152453356836966411,79.761375,7.615375,UNCHECKED
480p,77,val_077.png,853,480,409440,min_tree,8,ref6,1,1,39.552500,28309,28309,28309,proposed,0,0,0,0,0,0,0,152453356836966411,79.761375,7.615375,UNCHECKED
480p,77,val_077.png,853,480,409440,min_tree,8,ref6,2,0,39.120666,28309,28309,28309,proposed,0,0,0,0,0,0,0,152453356836966411,79.761375,7.615375,UNCHECKED
480p,77,val_077.png,853,480,409440,min_tree,8,proposed,2,1,42.719417,28309,28309,28309,proposed,0,0,0,0,0,0,0,152453356836966411,79.761375,7.615375,UNCHECKED
480p,77,val_077.png,853,480,409440,tree_of_shapes,4/8,proposed,0,0,44.383167,66560,66560,66560,proposed,0,0,0,0,0,0,0,1046907455649058730,338.739125,4.209375,UNCHECKED
480p,77,val_077.png,853,480,409440,tree_of_shapes,4/8,ref5_original,0,1,596.395750,66560,66560,66560,proposed,8635,1058,8461,8472,0,0,109,17676408910490733020,338.739125,4.209375,UNCHECKED
480p,77,val_077.png,853,480,409440,tree_of_shapes,4/8,ref5_original,1,0,588.411500,66560,66560,66560,proposed,8635,1058,8461,8472,0,0,109,17676408910490733020,338.739125,4.209375,UNCHECKED
480p,77,val_077.png,853,480,409440,tree_of_shapes,4/8,proposed,1,1,45.833917,66560,66560,66560,proposed,0,0,0,0,0,0,0,1046907455649058730,338.739125,4.209375,UNCHECKED
480p,77,val_077.png,853,480,409440,tree_of_shapes,4/8,proposed,2,0,44.590958,66560,66560,66560,proposed,0,0,0,0,0,0,0,1046907455649058730,338.739125,4.209375,UNCHECKED
480p,77,val_077.png,853,480,409440,tree_of_shapes,4/8,ref5_original,2,1,595.062625,66560,66560,66560,proposed,8635,1058,8461,8472,0,0,109,17676408910490733020,338.739125,4.209375,UNCHECKED
480p,78,val_078.png,853,480,409440,max_tree,8,ref6,0,0,39.737000,26951,26951,26951,proposed,0,0,0,0,0,0,0,15256590123268771369,67.841667,8.247125,UNCHECKED
480p,78,val_078.png,853,480,409440,max_tree,8,proposed,0,1,40.229333,26951,26951,26951,proposed,0,0,0,0,0,0,0,15256590123268771369,67.841667,8.247125,UNCHECKED
480p,78,val_078.png,853,480,409440,max_tree,8,proposed,1,0,40.331916,26951,26951,26951,proposed,0,0,0,0,0,0,0,15256590123268771369,67.841667,8.247125,UNCHECKED
480p,78,val_078.png,853,480,409440,max_tree,8,ref6,1,1,39.147291,26951,26951,26951,proposed,0,0,0,0,0,0,0,15256590123268771369,67.841667,8.247125,UNCHECKED
480p,78,val_078.png,853,480,409440,max_tree,8,ref6,2,0,39.399584,26951,26951,26951,proposed,0,0,0,0,0,0,0,15256590123268771369,67.841667,8.247125,UNCHECKED
480p,78,val_078.png,853,480,409440,max_tree,8,proposed,2,1,40.490167,26951,26951,26951,proposed,0,0,0,0,0,0,0,15256590123268771369,67.841667,8.247125,UNCHECKED
480p,78,val_078.png,853,480,409440,min_tree,8,proposed,0,0,40.282250,23320,23320,23320,proposed,0,0,0,0,0,0,0,13276310495768650845,67.322667,7.737792,UNCHECKED
480p,78,val_078.png,853,480,409440,min_tree,8,ref6,0,1,39.223000,23320,23320,23320,proposed,0,0,0,0,0,0,0,13276310495768650845,67.322667,7.737792,UNCHECKED
480p,78,val_078.png,853,480,409440,min_tree,8,ref6,1,0,39.521417,23320,23320,23320,proposed,0,0,0,0,0,0,0,13276310495768650845,67.322667,7.737792,UNCHECKED
480p,78,val_078.png,853,480,409440,min_tree,8,proposed,1,1,39.674125,23320,23320,23320,proposed,0,0,0,0,0,0,0,13276310495768650845,67.322667,7.737792,UNCHECKED
480p,78,val_078.png,853,480,409440,min_tree,8,proposed,2,0,39.908166,23320,23320,23320,proposed,0,0,0,0,0,0,0,13276310495768650845,67.322667,7.737792,UNCHECKED
480p,78,val_078.png,853,480,409440,min_tree,8,ref6,2,1,41.448833,23320,23320,23320,proposed,0,0,0,0,0,0,0,13276310495768650845,67.322667,7.737792,UNCHECKED
480p,78,val_078.png,853,480,409440,tree_of_shapes,4/8,ref5_original,0,0,580.737250,53237,53237,53237,proposed,6262,815,6151,6150,0,0,163,16726038639416729395,331.058709,5.364500,UNCHECKED
480p,78,val_078.png,853,480,409440,tree_of_shapes,4/8,proposed,0,1,42.460250,53237,53237,53237,proposed,0,0,0,0,0,0,0,8015136731510451067,331.058709,5.364500,UNCHECKED
480p,78,val_078.png,853,480,409440,tree_of_shapes,4/8,proposed,1,0,40.723208,53237,53237,53237,proposed,0,0,0,0,0,0,0,8015136731510451067,331.058709,5.364500,UNCHECKED
480p,78,val_078.png,853,480,409440,tree_of_shapes,4/8,ref5_original,1,1,593.144834,53237,53237,53237,proposed,6262,815,6151,6150,0,0,163,16726038639416729395,331.058709,5.364500,UNCHECKED
480p,78,val_078.png,853,480,409440,tree_of_shapes,4/8,ref5_original,2,0,587.490083,53237,53237,53237,proposed,6262,815,6151,6150,0,0,163,16726038639416729395,331.058709,5.364500,UNCHECKED
480p,78,val_078.png,853,480,409440,tree_of_shapes,4/8,proposed,2,1,41.470375,53237,53237,53237,proposed,0,0,0,0,0,0,0,8015136731510451067,331.058709,5.364500,UNCHECKED
480p,79,val_079.png,853,480,409440,max_tree,8,proposed,0,0,41.503375,37150,37150,37150,proposed,0,0,0,0,0,0,0,1087141492717466349,71.486042,6.468166,UNCHECKED
480p,79,val_079.png,853,480,409440,max_tree,8,ref6,0,1,41.893000,37150,37150,37150,proposed,0,0,0,0,0,0,0,1087141492717466349,71.486042,6.468166,UNCHECKED
480p,79,val_079.png,853,480,409440,max_tree,8,ref6,1,0,42.923709,37150,37150,37150,proposed,0,0,0,0,0,0,0,1087141492717466349,71.486042,6.468166,UNCHECKED
480p,79,val_079.png,853,480,409440,max_tree,8,proposed,1,1,41.214708,37150,37150,37150,proposed,0,0,0,0,0,0,0,1087141492717466349,71.486042,6.468166,UNCHECKED
480p,79,val_079.png,853,480,409440,max_tree,8,proposed,2,0,41.851375,37150,37150,37150,proposed,0,0,0,0,0,0,0,1087141492717466349,71.486042,6.468166,UNCHECKED
480p,79,val_079.png,853,480,409440,max_tree,8,ref6,2,1,42.698125,37150,37150,37150,proposed,0,0,0,0,0,0,0,1087141492717466349,71.486042,6.468166,UNCHECKED
480p,79,val_079.png,853,480,409440,min_tree,8,ref6,0,0,42.193750,22185,22185,22185,proposed,0,0,0,0,0,0,0,6248827699734200140,71.813792,11.968500,UNCHECKED
480p,79,val_079.png,853,480,409440,min_tree,8,proposed,0,1,45.838708,22185,22185,22185,proposed,0,0,0,0,0,0,0,6248827699734200140,71.813792,11.968500,UNCHECKED
480p,79,val_079.png,853,480,409440,min_tree,8,proposed,1,0,46.159375,22185,22185,22185,proposed,0,0,0,0,0,0,0,6248827699734200140,71.813792,11.968500,UNCHECKED
480p,79,val_079.png,853,480,409440,min_tree,8,ref6,1,1,43.621292,22185,22185,22185,proposed,0,0,0,0,0,0,0,6248827699734200140,71.813792,11.968500,UNCHECKED
480p,79,val_079.png,853,480,409440,min_tree,8,ref6,2,0,43.210417,22185,22185,22185,proposed,0,0,0,0,0,0,0,6248827699734200140,71.813792,11.968500,UNCHECKED
480p,79,val_079.png,853,480,409440,min_tree,8,proposed,2,1,42.342042,22185,22185,22185,proposed,0,0,0,0,0,0,0,6248827699734200140,71.813792,11.968500,UNCHECKED
480p,79,val_079.png,853,480,409440,tree_of_shapes,4/8,proposed,0,0,43.794750,64167,64167,64167,proposed,0,0,0,0,0,0,0,4511794875434079789,347.879500,4.149084,UNCHECKED
480p,79,val_079.png,853,480,409440,tree_of_shapes,4/8,ref5_original,0,1,595.605667,64167,64167,64167,proposed,4774,518,4671,4705,0,0,180,11467355273255697797,347.879500,4.149084,UNCHECKED
480p,79,val_079.png,853,480,409440,tree_of_shapes,4/8,ref5_original,1,0,579.515833,64167,64167,64167,proposed,4774,518,4671,4705,0,0,180,11467355273255697797,347.879500,4.149084,UNCHECKED
480p,79,val_079.png,853,480,409440,tree_of_shapes,4/8,proposed,1,1,45.675125,64167,64167,64167,proposed,0,0,0,0,0,0,0,4511794875434079789,347.879500,4.149084,UNCHECKED
480p,79,val_079.png,853,480,409440,tree_of_shapes,4/8,proposed,2,0,43.938500,64167,64167,64167,proposed,0,0,0,0,0,0,0,4511794875434079789,347.879500,4.149084,UNCHECKED
480p,79,val_079.png,853,480,409440,tree_of_shapes,4/8,ref5_original,2,1,595.638666,64167,64167,64167,proposed,4774,518,4671,4705,0,0,180,11467355273255697797,347.879500,4.149084,UNCHECKED
480p,80,val_080.png,853,480,409440,max_tree,8,ref6,0,0,40.257083,29556,29556,29556,proposed,0,0,0,0,0,0,0,17693477360320995628,67.572375,7.352167,UNCHECKED
480p,80,val_080.png,853,480,409440,max_tree,8,proposed,0,1,42.229125,29556,29556,29556,proposed,0,0,0,0,0,0,0,17693477360320995628,67.572375,7.352167,UNCHECKED
480p,80,val_080.png,853,480,409440,max_tree,8,proposed,1,0,42.131083,29556,29556,29556,proposed,0,0,0,0,0,0,0,17693477360320995628,67.572375,7.352167,UNCHECKED
480p,80,val_080.png,853,480,409440,max_tree,8,ref6,1,1,40.793125,29556,29556,29556,proposed,0,0,0,0,0,0,0,17693477360320995628,67.572375,7.352167,UNCHECKED
480p,80,val_080.png,853,480,409440,max_tree,8,ref6,2,0,39.682833,29556,29556,29556,proposed,0,0,0,0,0,0,0,17693477360320995628,67.572375,7.352167,UNCHECKED
480p,80,val_080.png,853,480,409440,max_tree,8,proposed,2,1,39.782042,29556,29556,29556,proposed,0,0,0,0,0,0,0,17693477360320995628,67.572375,7.352167,UNCHECKED
480p,80,val_080.png,853,480,409440,min_tree,8,proposed,0,0,39.584583,23786,23786,23786,proposed,0,0,0,0,0,0,0,18175407397722115604,68.158458,7.326667,UNCHECKED
480p,80,val_080.png,853,480,409440,min_tree,8,ref6,0,1,42.598417,23786,23786,23786,proposed,0,0,0,0,0,0,0,18175407397722115604,68.158458,7.326667,UNCHECKED
480p,80,val_080.png,853,480,409440,min_tree,8,ref6,1,0,41.900375,23786,23786,23786,proposed,0,0,0,0,0,0,0,18175407397722115604,68.158458,7.326667,UNCHECKED
480p,80,val_080.png,853,480,409440,min_tree,8,proposed,1,1,39.098458,23786,23786,23786,proposed,0,0,0,0,0,0,0,18175407397722115604,68.158458,7.326667,UNCHECKED
480p,80,val_080.png,853,480,409440,min_tree,8,proposed,2,0,39.851792,23786,23786,23786,proposed,0,0,0,0,0,0,0,18175407397722115604,68.158458,7.326667,UNCHECKED
480p,80,val_080.png,853,480,409440,min_tree,8,ref6,2,1,39.921625,23786,23786,23786,proposed,0,0,0,0,0,0,0,18175407397722115604,68.158458,7.326667,UNCHECKED
480p,80,val_080.png,853,480,409440,tree_of_shapes,4/8,ref5_original,0,0,587.120209,57920,57920,57920,proposed,5909,750,5814,5835,0,0,94,10105373144361447304,341.207500,4.550459,UNCHECKED
480p,80,val_080.png,853,480,409440,tree_of_shapes,4/8,proposed,0,1,41.126500,57920,57920,57920,proposed,0,0,0,0,0,0,0,6068364625972330085,341.207500,4.550459,UNCHECKED
480p,80,val_080.png,853,480,409440,tree_of_shapes,4/8,proposed,1,0,39.738042,57920,57920,57920,proposed,0,0,0,0,0,0,0,6068364625972330085,341.207500,4.550459,UNCHECKED
480p,80,val_080.png,853,480,409440,tree_of_shapes,4/8,ref5_original,1,1,587.426625,57920,57920,57920,proposed,5909,750,5814,5835,0,0,94,10105373144361447304,341.207500,4.550459,UNCHECKED
480p,80,val_080.png,853,480,409440,tree_of_shapes,4/8,ref5_original,2,0,582.812208,57920,57920,57920,proposed,5909,750,5814,5835,0,0,94,10105373144361447304,341.207500,4.550459,UNCHECKED
480p,80,val_080.png,853,480,409440,tree_of_shapes,4/8,proposed,2,1,41.745291,57920,57920,57920,proposed,0,0,0,0,0,0,0,6068364625972330085,341.207500,4.550459,UNCHECKED
480p,81,val_081.png,853,480,409440,max_tree,8,proposed,0,0,44.130334,30114,30114,30114,proposed,0,0,0,0,0,0,0,11332754601299632687,72.574708,8.049458,UNCHECKED
480p,81,val_081.png,853,480,409440,max_tree,8,ref6,0,1,43.783125,30114,30114,30114,proposed,0,0,0,0,0,0,0,11332754601299632687,72.574708,8.049458,UNCHECKED
480p,81,val_081.png,853,480,409440,max_tree,8,ref6,1,0,43.630417,30114,30114,30114,proposed,0,0,0,0,0,0,0,11332754601299632687,72.574708,8.049458,UNCHECKED
480p,81,val_081.png,853,480,409440,max_tree,8,proposed,1,1,43.434542,30114,30114,30114,proposed,0,0,0,0,0,0,0,11332754601299632687,72.574708,8.049458,UNCHECKED
480p,81,val_081.png,853,480,409440,max_tree,8,proposed,2,0,44.172792,30114,30114,30114,proposed,0,0,0,0,0,0,0,11332754601299632687,72.574708,8.049458,UNCHECKED
480p,81,val_081.png,853,480,409440,max_tree,8,ref6,2,1,44.070458,30114,30114,30114,proposed,0,0,0,0,0,0,0,11332754601299632687,72.574708,8.049458,UNCHECKED
480p,81,val_081.png,853,480,409440,min_tree,8,ref6,0,0,42.345417,25586,25586,25586,proposed,0,0,0,0,0,0,0,16548977526856934905,72.830584,8.051292,UNCHECKED
480p,81,val_081.png,853,480,409440,min_tree,8,proposed,0,1,44.085334,25586,25586,25586,proposed,0,0,0,0,0,0,0,16548977526856934905,72.830584,8.051292,UNCHECKED
480p,81,val_081.png,853,480,409440,min_tree,8,proposed,1,0,43.535000,25586,25586,25586,proposed,0,0,0,0,0,0,0,16548977526856934905,72.830584,8.051292,UNCHECKED
480p,81,val_081.png,853,480,409440,min_tree,8,ref6,1,1,42.496708,25586,25586,25586,proposed,0,0,0,0,0,0,0,16548977526856934905,72.830584,8.051292,UNCHECKED
480p,81,val_081.png,853,480,409440,min_tree,8,ref6,2,0,42.332792,25586,25586,25586,proposed,0,0,0,0,0,0,0,16548977526856934905,72.830584,8.051292,UNCHECKED
480p,81,val_081.png,853,480,409440,min_tree,8,proposed,2,1,43.891875,25586,25586,25586,proposed,0,0,0,0,0,0,0,16548977526856934905,72.830584,8.051292,UNCHECKED
480p,81,val_081.png,853,480,409440,tree_of_shapes,4/8,proposed,0,0,45.754042,60452,60452,60452,proposed,0,0,0,0,0,0,0,1280919054339415556,345.088750,4.285167,UNCHECKED
480p,81,val_081.png,853,480,409440,tree_of_shapes,4/8,ref5_original,0,1,603.598292,60452,60452,60452,proposed,6373,813,6287,6276,0,0,192,3953614267421833161,345.088750,4.285167,UNCHECKED
480p,81,val_081.png,853,480,409440,tree_of_shapes,4/8,ref5_original,1,0,598.565167,60452,60452,60452,proposed,6373,813,6287,6276,0,0,192,3953614267421833161,345.088750,4.285167,UNCHECKED
480p,81,val_081.png,853,480,409440,tree_of_shapes,4/8,proposed,1,1,47.353458,60452,60452,60452,proposed,0,0,0,0,0,0,0,1280919054339415556,345.088750,4.285167,UNCHECKED
480p,81,val_081.png,853,480,409440,tree_of_shapes,4/8,proposed,2,0,45.973625,60452,60452,60452,proposed,0,0,0,0,0,0,0,1280919054339415556,345.088750,4.285167,UNCHECKED
480p,81,val_081.png,853,480,409440,tree_of_shapes,4/8,ref5_original,2,1,605.995792,60452,60452,60452,proposed,6373,813,6287,6276,0,0,192,3953614267421833161,345.088750,4.285167,UNCHECKED
480p,82,val_082.png,853,480,409440,max_tree,8,ref6,0,0,39.955125,32701,32701,32701,proposed,0,0,0,0,0,0,0,15879225768250668382,72.959125,6.307000,UNCHECKED
480p,82,val_082.png,853,480,409440,max_tree,8,proposed,0,1,43.083625,32701,32701,32701,proposed,0,0,0,0,0,0,0,15879225768250668382,72.959125,6.307000,UNCHECKED
480p,82,val_082.png,853,480,409440,max_tree,8,proposed,1,0,44.506750,32701,32701,32701,proposed,0,0,0,0,0,0,0,15879225768250668382,72.959125,6.307000,UNCHECKED
480p,82,val_082.png,853,480,409440,max_tree,8,ref6,1,1,40.884375,32701,32701,32701,proposed,0,0,0,0,0,0,0,15879225768250668382,72.959125,6.307000,UNCHECKED
480p,82,val_082.png,853,480,409440,max_tree,8,ref6,2,0,39.585041,32701,32701,32701,proposed,0,0,0,0,0,0,0,15879225768250668382,72.959125,6.307000,UNCHECKED
480p,82,val_082.png,853,480,409440,max_tree,8,proposed,2,1,44.224833,32701,32701,32701,proposed,0,0,0,0,0,0,0,15879225768250668382,72.959125,6.307000,UNCHECKED
480p,82,val_082.png,853,480,409440,min_tree,8,proposed,0,0,39.997042,26918,26918,26918,proposed,0,0,0,0,0,0,0,7702217843496722712,70.845083,7.330000,UNCHECKED
480p,82,val_082.png,853,480,409440,min_tree,8,ref6,0,1,40.061500,26918,26918,26918,proposed,0,0,0,0,0,0,0,7702217843496722712,70.845083,7.330000,UNCHECKED
480p,82,val_082.png,853,480,409440,min_tree,8,ref6,1,0,40.072625,26918,26918,26918,proposed,0,0,0,0,0,0,0,7702217843496722712,70.845083,7.330000,UNCHECKED
480p,82,val_082.png,853,480,409440,min_tree,8,proposed,1,1,41.749959,26918,26918,26918,proposed,0,0,0,0,0,0,0,7702217843496722712,70.845083,7.330000,UNCHECKED
480p,82,val_082.png,853,480,409440,min_tree,8,proposed,2,0,44.459833,26918,26918,26918,proposed,0,0,0,0,0,0,0,7702217843496722712,70.845083,7.330000,UNCHECKED
480p,82,val_082.png,853,480,409440,min_tree,8,ref6,2,1,40.240083,26918,26918,26918,proposed,0,0,0,0,0,0,0,7702217843496722712,70.845083,7.330000,UNCHECKED
480p,82,val_082.png,853,480,409440,tree_of_shapes,4/8,ref5_original,0,0,585.879292,62842,62842,62842,proposed,8608,691,8534,8536,0,0,77,4505631676947312031,343.626250,5.456500,UNCHECKED
480p,82,val_082.png,853,480,409440,tree_of_shapes,4/8,proposed,0,1,45.431375,62842,62842,62842,proposed,0,0,0,0,0,0,0,11486347618587869952,343.626250,5.456500,UNCHECKED
480p,82,val_082.png,853,480,409440,tree_of_shapes,4/8,proposed,1,0,41.522750,62842,62842,62842,proposed,0,0,0,0,0,0,0,11486347618587869952,343.626250,5.456500,UNCHECKED
480p,82,val_082.png,853,480,409440,tree_of_shapes,4/8,ref5_original,1,1,579.257500,62842,62842,62842,proposed,8608,691,8534,8536,0,0,77,4505631676947312031,343.626250,5.456500,UNCHECKED
480p,82,val_082.png,853,480,409440,tree_of_shapes,4/8,ref5_original,2,0,572.371125,62842,62842,62842,proposed,8608,691,8534,8536,0,0,77,4505631676947312031,343.626250,5.456500,UNCHECKED
480p,82,val_082.png,853,480,409440,tree_of_shapes,4/8,proposed,2,1,42.145334,62842,62842,62842,proposed,0,0,0,0,0,0,0,11486347618587869952,343.626250,5.456500,UNCHECKED
480p,83,val_083.png,853,480,409440,max_tree,8,proposed,0,0,48.202916,57480,57480,57480,proposed,0,0,0,0,0,0,0,9620616020723210346,74.875417,4.711125,UNCHECKED
480p,83,val_083.png,853,480,409440,max_tree,8,ref6,0,1,38.589125,57480,57480,57480,proposed,0,0,0,0,0,0,0,9620616020723210346,74.875417,4.711125,UNCHECKED
480p,83,val_083.png,853,480,409440,max_tree,8,ref6,1,0,38.742208,57480,57480,57480,proposed,0,0,0,0,0,0,0,9620616020723210346,74.875417,4.711125,UNCHECKED
480p,83,val_083.png,853,480,409440,max_tree,8,proposed,1,1,47.729834,57480,57480,57480,proposed,0,0,0,0,0,0,0,9620616020723210346,74.875417,4.711125,UNCHECKED
480p,83,val_083.png,853,480,409440,max_tree,8,proposed,2,0,45.045084,57480,57480,57480,proposed,0,0,0,0,0,0,0,9620616020723210346,74.875417,4.711125,UNCHECKED
480p,83,val_083.png,853,480,409440,max_tree,8,ref6,2,1,44.216000,57480,57480,57480,proposed,0,0,0,0,0,0,0,9620616020723210346,74.875417,4.711125,UNCHECKED
480p,83,val_083.png,853,480,409440,min_tree,8,ref6,0,0,38.430667,50584,50584,50584,proposed,0,0,0,0,0,0,0,10869751059329662749,75.653959,4.675584,UNCHECKED
480p,83,val_083.png,853,480,409440,min_tree,8,proposed,0,1,48.304708,50584,50584,50584,proposed,0,0,0,0,0,0,0,10869751059329662749,75.653959,4.675584,UNCHECKED
480p,83,val_083.png,853,480,409440,min_tree,8,proposed,1,0,48.119459,50584,50584,50584,proposed,0,0,0,0,0,0,0,10869751059329662749,75.653959,4.675584,UNCHECKED
480p,83,val_083.png,853,480,409440,min_tree,8,ref6,1,1,38.693583,50584,50584,50584,proposed,0,0,0,0,0,0,0,10869751059329662749,75.653959,4.675584,UNCHECKED
480p,83,val_083.png,853,480,409440,min_tree,8,ref6,2,0,40.488500,50584,50584,50584,proposed,0,0,0,0,0,0,0,10869751059329662749,75.653959,4.675584,UNCHECKED
480p,83,val_083.png,853,480,409440,min_tree,8,proposed,2,1,47.597209,50584,50584,50584,proposed,0,0,0,0,0,0,0,10869751059329662749,75.653959,4.675584,UNCHECKED
480p,83,val_083.png,853,480,409440,tree_of_shapes,4/8,proposed,0,0,53.068625,117384,117384,117384,proposed,0,0,0,0,0,0,0,10342858156796911994,370.606750,5.132500,UNCHECKED
480p,83,val_083.png,853,480,409440,tree_of_shapes,4/8,ref5_original,0,1,620.248791,117384,117384,117384,proposed,17346,2304,17041,16963,0,0,161,10369624564129621139,370.606750,5.132500,UNCHECKED
480p,83,val_083.png,853,480,409440,tree_of_shapes,4/8,ref5_original,1,0,618.737333,117384,117384,117384,proposed,17346,2304,17041,16963,0,0,161,10369624564129621139,370.606750,5.132500,UNCHECKED
480p,83,val_083.png,853,480,409440,tree_of_shapes,4/8,proposed,1,1,55.365791,117384,117384,117384,proposed,0,0,0,0,0,0,0,10342858156796911994,370.606750,5.132500,UNCHECKED
480p,83,val_083.png,853,480,409440,tree_of_shapes,4/8,proposed,2,0,55.763417,117384,117384,117384,proposed,0,0,0,0,0,0,0,10342858156796911994,370.606750,5.132500,UNCHECKED
480p,83,val_083.png,853,480,409440,tree_of_shapes,4/8,ref5_original,2,1,626.317583,117384,117384,117384,proposed,17346,2304,17041,16963,0,0,161,10369624564129621139,370.606750,5.132500,UNCHECKED
480p,84,val_084.png,853,480,409440,max_tree,8,ref6,0,0,41.011292,16816,16816,16816,proposed,0,0,0,0,0,0,0,13235771281756313578,63.589250,8.118541,UNCHECKED
480p,84,val_084.png,853,480,409440,max_tree,8,proposed,0,1,37.147834,16816,16816,16816,proposed,0,0,0,0,0,0,0,13235771281756313578,63.589250,8.118541,UNCHECKED
480p,84,val_084.png,853,480,409440,max_tree,8,proposed,1,0,36.547375,16816,16816,16816,proposed,0,0,0,0,0,0,0,13235771281756313578,63.589250,8.118541,UNCHECKED
480p,84,val_084.png,853,480,409440,max_tree,8,ref6,1,1,40.971042,16816,16816,16816,proposed,0,0,0,0,0,0,0,13235771281756313578,63.589250,8.118541,UNCHECKED
480p,84,val_084.png,853,480,409440,max_tree,8,ref6,2,0,41.465833,16816,16816,16816,proposed,0,0,0,0,0,0,0,13235771281756313578,63.589250,8.118541,UNCHECKED
480p,84,val_084.png,853,480,409440,max_tree,8,proposed,2,1,36.521167,16816,16816,16816,proposed,0,0,0,0,0,0,0,13235771281756313578,63.589250,8.118541,UNCHECKED
480p,84,val_084.png,853,480,409440,min_tree,8,proposed,0,0,36.250709,10921,10921,10921,proposed,0,0,0,0,0,0,0,3835058839288551150,64.958417,8.469209,UNCHECKED
480p,84,val_084.png,853,480,409440,min_tree,8,ref6,0,1,42.600583,10921,10921,10921,proposed,0,0,0,0,0,0,0,3835058839288551150,64.958417,8.469209,UNCHECKED
480p,84,val_084.png,853,480,409440,min_tree,8,ref6,1,0,42.157584,10921,10921,10921,proposed,0,0,0,0,0,0,0,3835058839288551150,64.958417,8.469209,UNCHECKED
480p,84,val_084.png,853,480,409440,min_tree,8,proposed,1,1,36.505625,10921,10921,10921,proposed,0,0,0,0,0,0,0,3835058839288551150,64.958417,8.469209,UNCHECKED
480p,84,val_084.png,853,480,409440,min_tree,8,proposed,2,0,36.878791,10921,10921,10921,proposed,0,0,0,0,0,0,0,3835058839288551150,64.958417,8.469209,UNCHECKED
480p,84,val_084.png,853,480,409440,min_tree,8,ref6,2,1,43.353708,10921,10921,10921,proposed,0,0,0,0,0,0,0,3835058839288551150,64.958417,8.469209,UNCHECKED
480p,84,val_084.png,853,480,409440,tree_of_shapes,4/8,ref5_original,0,0,549.966875,30962,30962,30962,proposed,2354,536,2260,2299,0,0,118,1957231029221775830,330.533000,6.691792,UNCHECKED
480p,84,val_084.png,853,480,409440,tree_of_shapes,4/8,proposed,0,1,35.580583,30962,30962,30962,proposed,0,0,0,0,0,0,0,16320627254963823437,330.533000,6.691792,UNCHECKED
480p,84,val_084.png,853,480,409440,tree_of_shapes,4/8,proposed,1,0,34.772042,30962,30962,30962,proposed,0,0,0,0,0,0,0,16320627254963823437,330.533000,6.691792,UNCHECKED
480p,84,val_084.png,853,480,409440,tree_of_shapes,4/8,ref5_original,1,1,552.790459,30962,30962,30962,proposed,2354,536,2260,2299,0,0,118,1957231029221775830,330.533000,6.691792,UNCHECKED
480p,84,val_084.png,853,480,409440,tree_of_shapes,4/8,ref5_original,2,0,552.039500,30962,30962,30962,proposed,2354,536,2260,2299,0,0,118,1957231029221775830,330.533000,6.691792,UNCHECKED
480p,84,val_084.png,853,480,409440,tree_of_shapes,4/8,proposed,2,1,37.233167,30962,30962,30962,proposed,0,0,0,0,0,0,0,16320627254963823437,330.533000,6.691792,UNCHECKED
480p,85,val_085.png,853,480,409440,max_tree,8,proposed,0,0,46.256417,31223,31223,31223,proposed,0,0,0,0,0,0,0,13435252964847658279,70.331125,7.526292,UNCHECKED
480p,85,val_085.png,853,480,409440,max_tree,8,ref6,0,1,40.046166,31223,31223,31223,proposed,0,0,0,0,0,0,0,13435252964847658279,70.331125,7.526292,UNCHECKED
480p,85,val_085.png,853,480,409440,max_tree,8,ref6,1,0,39.433791,31223,31223,31223,proposed,0,0,0,0,0,0,0,13435252964847658279,70.331125,7.526292,UNCHECKED
480p,85,val_085.png,853,480,409440,max_tree,8,proposed,1,1,46.497792,31223,31223,31223,proposed,0,0,0,0,0,0,0,13435252964847658279,70.331125,7.526292,UNCHECKED
480p,85,val_085.png,853,480,409440,max_tree,8,proposed,2,0,47.324542,31223,31223,31223,proposed,0,0,0,0,0,0,0,13435252964847658279,70.331125,7.526292,UNCHECKED
480p,85,val_085.png,853,480,409440,max_tree,8,ref6,2,1,39.601000,31223,31223,31223,proposed,0,0,0,0,0,0,0,13435252964847658279,70.331125,7.526292,UNCHECKED
480p,85,val_085.png,853,480,409440,min_tree,8,ref6,0,0,39.971125,25350,25350,25350,proposed,0,0,0,0,0,0,0,6441155189923558418,69.631833,9.646083,UNCHECKED
480p,85,val_085.png,853,480,409440,min_tree,8,proposed,0,1,43.089750,25350,25350,25350,proposed,0,0,0,0,0,0,0,6441155189923558418,69.631833,9.646083,UNCHECKED
480p,85,val_085.png,853,480,409440,min_tree,8,proposed,1,0,43.207166,25350,25350,25350,proposed,0,0,0,0,0,0,0,6441155189923558418,69.631833,9.646083,UNCHECKED
480p,85,val_085.png,853,480,409440,min_tree,8,ref6,1,1,39.362334,25350,25350,25350,proposed,0,0,0,0,0,0,0,6441155189923558418,69.631833,9.646083,UNCHECKED
480p,85,val_085.png,853,480,409440,min_tree,8,ref6,2,0,38.255375,25350,25350,25350,proposed,0,0,0,0,0,0,0,6441155189923558418,69.631833,9.646083,UNCHECKED
480p,85,val_085.png,853,480,409440,min_tree,8,proposed,2,1,43.295875,25350,25350,25350,proposed,0,0,0,0,0,0,0,6441155189923558418,69.631833,9.646083,UNCHECKED
480p,85,val_085.png,853,480,409440,tree_of_shapes,4/8,proposed,0,0,45.494083,61745,61745,61745,proposed,0,0,0,0,0,0,0,4671672376790856184,346.089000,4.971958,UNCHECKED
480p,85,val_085.png,853,480,409440,tree_of_shapes,4/8,ref5_original,0,1,592.308458,61745,61745,61745,proposed,5542,755,5442,5454,0,0,182,4667760905836709706,346.089000,4.971958,UNCHECKED
480p,85,val_085.png,853,480,409440,tree_of_shapes,4/8,ref5_original,1,0,587.925542,61745,61745,61745,proposed,5542,755,5442,5454,0,0,182,4667760905836709706,346.089000,4.971958,UNCHECKED
480p,85,val_085.png,853,480,409440,tree_of_shapes,4/8,proposed,1,1,45.726125,61745,61745,61745,proposed,0,0,0,0,0,0,0,4671672376790856184,346.089000,4.971958,UNCHECKED
480p,85,val_085.png,853,480,409440,tree_of_shapes,4/8,proposed,2,0,44.885875,61745,61745,61745,proposed,0,0,0,0,0,0,0,4671672376790856184,346.089000,4.971958,UNCHECKED
480p,85,val_085.png,853,480,409440,tree_of_shapes,4/8,ref5_original,2,1,587.616459,61745,61745,61745,proposed,5542,755,5442,5454,0,0,182,4667760905836709706,346.089000,4.971958,UNCHECKED
480p,86,val_086.png,853,480,409440,max_tree,8,ref6,0,0,42.397417,43487,43487,43487,proposed,0,0,0,0,0,0,0,2990491343060010539,74.793417,5.545750,UNCHECKED
480p,86,val_086.png,853,480,409440,max_tree,8,proposed,0,1,42.666750,43487,43487,43487,proposed,0,0,0,0,0,0,0,2990491343060010539,74.793417,5.545750,UNCHECKED
480p,86,val_086.png,853,480,409440,max_tree,8,proposed,1,0,42.971458,43487,43487,43487,proposed,0,0,0,0,0,0,0,2990491343060010539,74.793417,5.545750,UNCHECKED
480p,86,val_086.png,853,480,409440,max_tree,8,ref6,1,1,40.417208,43487,43487,43487,proposed,0,0,0,0,0,0,0,2990491343060010539,74.793417,5.545750,UNCHECKED
480p,86,val_086.png,853,480,409440,max_tree,8,ref6,2,0,39.471125,43487,43487,43487,proposed,0,0,0,0,0,0,0,2990491343060010539,74.793417,5.545750,UNCHECKED
480p,86,val_086.png,853,480,409440,max_tree,8,proposed,2,1,43.155416,43487,43487,43487,proposed,0,0,0,0,0,0,0,2990491343060010539,74.793417,5.545750,UNCHECKED
480p,86,val_086.png,853,480,409440,min_tree,8,proposed,0,0,43.333958,37215,37215,37215,proposed,0,0,0,0,0,0,0,6701321207810861176,71.778667,6.312750,UNCHECKED
480p,86,val_086.png,853,480,409440,min_tree,8,ref6,0,1,40.196917,37215,37215,37215,proposed,0,0,0,0,0,0,0,6701321207810861176,71.778667,6.312750,UNCHECKED
480p,86,val_086.png,853,480,409440,min_tree,8,ref6,1,0,39.750583,37215,37215,37215,proposed,0,0,0,0,0,0,0,6701321207810861176,71.778667,6.312750,UNCHECKED
480p,86,val_086.png,853,480,409440,min_tree,8,proposed,1,1,43.542375,37215,37215,37215,proposed,0,0,0,0,0,0,0,6701321207810861176,71.778667,6.312750,UNCHECKED
480p,86,val_086.png,853,480,409440,min_tree,8,proposed,2,0,43.115083,37215,37215,37215,proposed,0,0,0,0,0,0,0,6701321207810861176,71.778667,6.312750,UNCHECKED
480p,86,val_086.png,853,480,409440,min_tree,8,ref6,2,1,39.713625,37215,37215,37215,proposed,0,0,0,0,0,0,0,6701321207810861176,71.778667,6.312750,UNCHECKED
480p,86,val_086.png,853,480,409440,tree_of_shapes,4/8,ref5_original,0,0,585.210833,86685,86685,86685,proposed,11568,1670,11294,11369,0,0,247,730474580244322434,351.234208,4.677042,UNCHECKED
480p,86,val_086.png,853,480,409440,tree_of_shapes,4/8,proposed,0,1,49.109708,86685,86685,86685,proposed,0,0,0,0,0,0,0,9635130931329748483,351.234208,4.677042,UNCHECKED
480p,86,val_086.png,853,480,409440,tree_of_shapes,4/8,proposed,1,0,47.117459,86685,86685,86685,proposed,0,0,0,0,0,0,0,9635130931329748483,351.234208,4.677042,UNCHECKED
480p,86,val_086.png,853,480,409440,tree_of_shapes,4/8,ref5_original,1,1,602.745291,86685,86685,86685,proposed,11568,1670,11294,11369,0,0,247,730474580244322434,351.234208,4.677042,UNCHECKED
480p,86,val_086.png,853,480,409440,tree_of_shapes,4/8,ref5_original,2,0,596.437333,86685,86685,86685,proposed,11568,1670,11294,11369,0,0,247,730474580244322434,351.234208,4.677042,UNCHECKED
480p,86,val_086.png,853,480,409440,tree_of_shapes,4/8,proposed,2,1,49.064458,86685,86685,86685,proposed,0,0,0,0,0,0,0,9635130931329748483,351.234208,4.677042,UNCHECKED
480p,87,val_087.png,853,480,409440,max_tree,8,proposed,0,0,40.786042,42221,42221,42221,proposed,0,0,0,0,0,0,0,742655656419917990,69.498792,7.788000,UNCHECKED
480p,87,val_087.png,853,480,409440,max_tree,8,ref6,0,1,40.673208,42221,42221,42221,proposed,0,0,0,0,0,0,0,742655656419917990,69.498792,7.788000,UNCHECKED
480p,87,val_087.png,853,480,409440,max_tree,8,ref6,1,0,39.994542,42221,42221,42221,proposed,0,0,0,0,0,0,0,742655656419917990,69.498792,7.788000,UNCHECKED
480p,87,val_087.png,853,480,409440,max_tree,8,proposed,1,1,41.425541,42221,42221,42221,proposed,0,0,0,0,0,0,0,742655656419917990,69.498792,7.788000,UNCHECKED
480p,87,val_087.png,853,480,409440,max_tree,8,proposed,2,0,41.801459,42221,42221,42221,proposed,0,0,0,0,0,0,0,742655656419917990,69.498792,7.788000,UNCHECKED
480p,87,val_087.png,853,480,409440,max_tree,8,ref6,2,1,39.749000,42221,42221,42221,proposed,0,0,0,0,0,0,0,742655656419917990,69.498792,7.788000,UNCHECKED
480p,87,val_087.png,853,480,409440,min_tree,8,ref6,0,0,41.422125,25837,25837,25837,proposed,0,0,0,0,0,0,0,12271133831824077413,73.874666,11.212125,UNCHECKED
480p,87,val_087.png,853,480,409440,min_tree,8,proposed,0,1,44.937625,25837,25837,25837,proposed,0,0,0,0,0,0,0,12271133831824077413,73.874666,11.212125,UNCHECKED
480p,87,val_087.png,853,480,409440,min_tree,8,proposed,1,0,45.337958,25837,25837,25837,proposed,0,0,0,0,0,0,0,12271133831824077413,73.874666,11.212125,UNCHECKED
480p,87,val_087.png,853,480,409440,min_tree,8,ref6,1,1,42.083958,25837,25837,25837,proposed,0,0,0,0,0,0,0,12271133831824077413,73.874666,11.212125,UNCHECKED
480p,87,val_087.png,853,480,409440,min_tree,8,ref6,2,0,39.912416,25837,25837,25837,proposed,0,0,0,0,0,0,0,12271133831824077413,73.874666,11.212125,UNCHECKED
480p,87,val_087.png,853,480,409440,min_tree,8,proposed,2,1,44.598667,25837,25837,25837,proposed,0,0,0,0,0,0,0,12271133831824077413,73.874666,11.212125,UNCHECKED
480p,87,val_087.png,853,480,409440,tree_of_shapes,4/8,proposed,0,0,43.714417,75080,75080,75080,proposed,0,0,0,0,0,0,0,18255976346955372055,341.471750,4.722375,UNCHECKED
480p,87,val_087.png,853,480,409440,tree_of_shapes,4/8,ref5_original,0,1,582.058375,75080,75080,75080,proposed,6977,916,6816,6821,0,0,187,6597108346697227100,341.471750,4.722375,UNCHECKED
480p,87,val_087.png,853,480,409440,tree_of_shapes,4/8,ref5_original,1,0,592.250375,75080,75080,75080,proposed,6977,916,6816,6821,0,0,187,6597108346697227100,341.471750,4.722375,UNCHECKED
480p,87,val_087.png,853,480,409440,tree_of_shapes,4/8,proposed,1,1,45.233750,75080,75080,75080,proposed,0,0,0,0,0,0,0,18255976346955372055,341.471750,4.722375,UNCHECKED
480p,87,val_087.png,853,480,409440,tree_of_shapes,4/8,proposed,2,0,43.553666,75080,75080,75080,proposed,0,0,0,0,0,0,0,18255976346955372055,341.471750,4.722375,UNCHECKED
480p,87,val_087.png,853,480,409440,tree_of_shapes,4/8,ref5_original,2,1,593.047459,75080,75080,75080,proposed,6977,916,6816,6821,0,0,187,6597108346697227100,341.471750,4.722375,UNCHECKED
480p,88,val_088.png,853,480,409440,max_tree,8,ref6,0,0,42.340167,18823,18823,18823,proposed,0,0,0,0,0,0,0,3990689873622009001,68.582208,12.748333,UNCHECKED
480p,88,val_088.png,853,480,409440,max_tree,8,proposed,0,1,39.509542,18823,18823,18823,proposed,0,0,0,0,0,0,0,3990689873622009001,68.582208,12.748333,UNCHECKED
480p,88,val_088.png,853,480,409440,max_tree,8,proposed,1,0,39.783791,18823,18823,18823,proposed,0,0,0,0,0,0,0,3990689873622009001,68.582208,12.748333,UNCHECKED
480p,88,val_088.png,853,480,409440,max_tree,8,ref6,1,1,42.401291,18823,18823,18823,proposed,0,0,0,0,0,0,0,3990689873622009001,68.582208,12.748333,UNCHECKED
480p,88,val_088.png,853,480,409440,max_tree,8,ref6,2,0,41.408625,18823,18823,18823,proposed,0,0,0,0,0,0,0,3990689873622009001,68.582208,12.748333,UNCHECKED
480p,88,val_088.png,853,480,409440,max_tree,8,proposed,2,1,39.289500,18823,18823,18823,proposed,0,0,0,0,0,0,0,3990689873622009001,68.582208,12.748333,UNCHECKED
480p,88,val_088.png,853,480,409440,min_tree,8,proposed,0,0,38.756292,13551,13551,13551,proposed,0,0,0,0,0,0,0,3165529988895410817,65.607541,13.254625,UNCHECKED
480p,88,val_088.png,853,480,409440,min_tree,8,ref6,0,1,41.291291,13551,13551,13551,proposed,0,0,0,0,0,0,0,3165529988895410817,65.607541,13.254625,UNCHECKED
480p,88,val_088.png,853,480,409440,min_tree,8,ref6,1,0,40.861125,13551,13551,13551,proposed,0,0,0,0,0,0,0,3165529988895410817,65.607541,13.254625,UNCHECKED
480p,88,val_088.png,853,480,409440,min_tree,8,proposed,1,1,38.851750,13551,13551,13551,proposed,0,0,0,0,0,0,0,3165529988895410817,65.607541,13.254625,UNCHECKED
480p,88,val_088.png,853,480,409440,min_tree,8,proposed,2,0,38.987417,13551,13551,13551,proposed,0,0,0,0,0,0,0,3165529988895410817,65.607541,13.254625,UNCHECKED
480p,88,val_088.png,853,480,409440,min_tree,8,ref6,2,1,41.103542,13551,13551,13551,proposed,0,0,0,0,0,0,0,3165529988895410817,65.607541,13.254625,UNCHECKED
480p,88,val_088.png,853,480,409440,tree_of_shapes,4/8,ref5_original,0,0,564.794500,35190,35190,35190,proposed,2999,353,2932,2967,0,0,136,6509488007132451381,329.390875,6.754666,UNCHECKED
480p,88,val_088.png,853,480,409440,tree_of_shapes,4/8,proposed,0,1,38.728167,35190,35190,35190,proposed,0,0,0,0,0,0,0,3510844469043387957,329.390875,6.754666,UNCHECKED
480p,88,val_088.png,853,480,409440,tree_of_shapes,4/8,proposed,1,0,37.843000,35190,35190,35190,proposed,0,0,0,0,0,0,0,3510844469043387957,329.390875,6.754666,UNCHECKED
480p,88,val_088.png,853,480,409440,tree_of_shapes,4/8,ref5_original,1,1,566.456084,35190,35190,35190,proposed,2999,353,2932,2967,0,0,136,6509488007132451381,329.390875,6.754666,UNCHECKED
480p,88,val_088.png,853,480,409440,tree_of_shapes,4/8,ref5_original,2,0,570.948125,35190,35190,35190,proposed,2999,353,2932,2967,0,0,136,6509488007132451381,329.390875,6.754666,UNCHECKED
480p,88,val_088.png,853,480,409440,tree_of_shapes,4/8,proposed,2,1,38.857875,35190,35190,35190,proposed,0,0,0,0,0,0,0,3510844469043387957,329.390875,6.754666,UNCHECKED
480p,89,val_089.png,853,480,409440,max_tree,8,proposed,0,0,45.193959,51077,51077,51077,proposed,0,0,0,0,0,0,0,2897406726130361574,74.384042,4.330625,UNCHECKED
480p,89,val_089.png,853,480,409440,max_tree,8,ref6,0,1,44.639125,51077,51077,51077,proposed,0,0,0,0,0,0,0,2897406726130361574,74.384042,4.330625,UNCHECKED
480p,89,val_089.png,853,480,409440,max_tree,8,ref6,1,0,43.977791,51077,51077,51077,proposed,0,0,0,0,0,0,0,2897406726130361574,74.384042,4.330625,UNCHECKED
480p,89,val_089.png,853,480,409440,max_tree,8,proposed,1,1,45.596041,51077,51077,51077,proposed,0,0,0,0,0,0,0,2897406726130361574,74.384042,4.330625,UNCHECKED
480p,89,val_089.png,853,480,409440,max_tree,8,proposed,2,0,45.622208,51077,51077,51077,proposed,0,0,0,0,0,0,0,2897406726130361574,74.384042,4.330625,UNCHECKED
480p,89,val_089.png,853,480,409440,max_tree,8,ref6,2,1,40.695000,51077,51077,51077,proposed,0,0,0,0,0,0,0,2897406726130361574,74.384042,4.330625,UNCHECKED
480p,89,val_089.png,853,480,409440,min_tree,8,ref6,0,0,41.031500,36210,36210,36210,proposed,0,0,0,0,0,0,0,13568979660528042785,73.802916,4.927458,UNCHECKED
480p,89,val_089.png,853,480,409440,min_tree,8,proposed,0,1,44.622500,36210,36210,36210,proposed,0,0,0,0,0,0,0,13568979660528042785,73.802916,4.927458,UNCHECKED
480p,89,val_089.png,853,480,409440,min_tree,8,proposed,1,0,45.035459,36210,36210,36210,proposed,0,0,0,0,0,0,0,13568979660528042785,73.802916,4.927458,UNCHECKED
480p,89,val_089.png,853,480,409440,min_tree,8,ref6,1,1,39.834458,36210,36210,36210,proposed,0,0,0,0,0,0,0,13568979660528042785,73.802916,4.927458,UNCHECKED
480p,89,val_089.png,853,480,409440,min_tree,8,ref6,2,0,38.241541,36210,36210,36210,proposed,0,0,0,0,0,0,0,13568979660528042785,73.802916,4.927458,UNCHECKED
480p,89,val_089.png,853,480,409440,min_tree,8,proposed,2,1,45.072875,36210,36210,36210,proposed,0,0,0,0,0,0,0,13568979660528042785,73.802916,4.927458,UNCHECKED
480p,89,val_089.png,853,480,409440,tree_of_shapes,4/8,proposed,0,0,53.330250,96800,96800,96800,proposed,0,0,0,0,0,0,0,17030891878313495966,365.462458,4.288125,UNCHECKED
480p,89,val_089.png,853,480,409440,tree_of_shapes,4/8,ref5_original,0,1,629.339000,96800,96800,96800,proposed,10535,1304,10280,10337,0,0,153,8455924867404670255,365.462458,4.288125,UNCHECKED
480p,89,val_089.png,853,480,409440,tree_of_shapes,4/8,ref5_original,1,0,626.398750,96800,96800,96800,proposed,10535,1304,10280,10337,0,0,153,8455924867404670255,365.462458,4.288125,UNCHECKED
480p,89,val_089.png,853,480,409440,tree_of_shapes,4/8,proposed,1,1,53.787583,96800,96800,96800,proposed,0,0,0,0,0,0,0,17030891878313495966,365.462458,4.288125,UNCHECKED
480p,89,val_089.png,853,480,409440,tree_of_shapes,4/8,proposed,2,0,51.552917,96800,96800,96800,proposed,0,0,0,0,0,0,0,17030891878313495966,365.462458,4.288125,UNCHECKED
480p,89,val_089.png,853,480,409440,tree_of_shapes,4/8,ref5_original,2,1,621.920083,96800,96800,96800,proposed,10535,1304,10280,10337,0,0,153,8455924867404670255,365.462458,4.288125,UNCHECKED
480p,90,val_090.png,853,480,409440,max_tree,8,ref6,0,0,41.851208,39384,39384,39384,proposed,0,0,0,0,0,0,0,9473464763319843920,71.722125,6.427042,UNCHECKED
480p,90,val_090.png,853,480,409440,max_tree,8,proposed,0,1,41.070666,39384,39384,39384,proposed,0,0,0,0,0,0,0,9473464763319843920,71.722125,6.427042,UNCHECKED
480p,90,val_090.png,853,480,409440,max_tree,8,proposed,1,0,41.541000,39384,39384,39384,proposed,0,0,0,0,0,0,0,9473464763319843920,71.722125,6.427042,UNCHECKED
480p,90,val_090.png,853,480,409440,max_tree,8,ref6,1,1,41.944250,39384,39384,39384,proposed,0,0,0,0,0,0,0,9473464763319843920,71.722125,6.427042,UNCHECKED
480p,90,val_090.png,853,480,409440,max_tree,8,ref6,2,0,41.699333,39384,39384,39384,proposed,0,0,0,0,0,0,0,9473464763319843920,71.722125,6.427042,UNCHECKED
480p,90,val_090.png,853,480,409440,max_tree,8,proposed,2,1,40.696541,39384,39384,39384,proposed,0,0,0,0,0,0,0,9473464763319843920,71.722125,6.427042,UNCHECKED
480p,90,val_090.png,853,480,409440,min_tree,8,proposed,0,0,40.632666,30847,30847,30847,proposed,0,0,0,0,0,0,0,12905771951862494737,71.528792,6.980000,UNCHECKED
480p,90,val_090.png,853,480,409440,min_tree,8,ref6,0,1,42.530542,30847,30847,30847,proposed,0,0,0,0,0,0,0,12905771951862494737,71.528792,6.980000,UNCHECKED
480p,90,val_090.png,853,480,409440,min_tree,8,ref6,1,0,41.253833,30847,30847,30847,proposed,0,0,0,0,0,0,0,12905771951862494737,71.528792,6.980000,UNCHECKED
480p,90,val_090.png,853,480,409440,min_tree,8,proposed,1,1,40.371417,30847,30847,30847,proposed,0,0,0,0,0,0,0,12905771951862494737,71.528792,6.980000,UNCHECKED
480p,90,val_090.png,853,480,409440,min_tree,8,proposed,2,0,40.444708,30847,30847,30847,proposed,0,0,0,0,0,0,0,12905771951862494737,71.528792,6.980000,UNCHECKED
480p,90,val_090.png,853,480,409440,min_tree,8,ref6,2,1,41.849042,30847,30847,30847,proposed,0,0,0,0,0,0,0,12905771951862494737,71.528792,6.980000,UNCHECKED
480p,90,val_090.png,853,480,409440,tree_of_shapes,4/8,ref5_original,0,0,586.626459,73750,73750,73750,proposed,8735,988,8614,8612,0,0,113,16279456187274725154,343.464083,6.638750,UNCHECKED
480p,90,val_090.png,853,480,409440,tree_of_shapes,4/8,proposed,0,1,45.203333,73750,73750,73750,proposed,0,0,0,0,0,0,0,13565586256862587004,343.464083,6.638750,UNCHECKED
480p,90,val_090.png,853,480,409440,tree_of_shapes,4/8,proposed,1,0,42.782667,73750,73750,73750,proposed,0,0,0,0,0,0,0,13565586256862587004,343.464083,6.638750,UNCHECKED
480p,90,val_090.png,853,480,409440,tree_of_shapes,4/8,ref5_original,1,1,590.176875,73750,73750,73750,proposed,8735,988,8614,8612,0,0,113,16279456187274725154,343.464083,6.638750,UNCHECKED
480p,90,val_090.png,853,480,409440,tree_of_shapes,4/8,ref5_original,2,0,584.493500,73750,73750,73750,proposed,8735,988,8614,8612,0,0,113,16279456187274725154,343.464083,6.638750,UNCHECKED
480p,90,val_090.png,853,480,409440,tree_of_shapes,4/8,proposed,2,1,44.174208,73750,73750,73750,proposed,0,0,0,0,0,0,0,13565586256862587004,343.464083,6.638750,UNCHECKED
480p,91,val_091.png,853,480,409440,max_tree,8,proposed,0,0,47.115834,42888,42888,42888,proposed,0,0,0,0,0,0,0,172002632256355787,71.567917,4.991292,UNCHECKED
480p,91,val_091.png,853,480,409440,max_tree,8,ref6,0,1,40.641708,42888,42888,42888,proposed,0,0,0,0,0,0,0,172002632256355787,71.567917,4.991292,UNCHECKED
480p,91,val_091.png,853,480,409440,max_tree,8,ref6,1,0,41.069292,42888,42888,42888,proposed,0,0,0,0,0,0,0,172002632256355787,71.567917,4.991292,UNCHECKED
480p,91,val_091.png,853,480,409440,max_tree,8,proposed,1,1,47.181875,42888,42888,42888,proposed,0,0,0,0,0,0,0,172002632256355787,71.567917,4.991292,UNCHECKED
480p,91,val_091.png,853,480,409440,max_tree,8,proposed,2,0,47.557375,42888,42888,42888,proposed,0,0,0,0,0,0,0,172002632256355787,71.567917,4.991292,UNCHECKED
480p,91,val_091.png,853,480,409440,max_tree,8,ref6,2,1,40.734167,42888,42888,42888,proposed,0,0,0,0,0,0,0,172002632256355787,71.567917,4.991292,UNCHECKED
480p,91,val_091.png,853,480,409440,min_tree,8,ref6,0,0,40.153833,28252,28252,28252,proposed,0,0,0,0,0,0,0,527414518572961734,70.122375,8.283042,UNCHECKED
480p,91,val_091.png,853,480,409440,min_tree,8,proposed,0,1,47.039292,28252,28252,28252,proposed,0,0,0,0,0,0,0,527414518572961734,70.122375,8.283042,UNCHECKED
480p,91,val_091.png,853,480,409440,min_tree,8,proposed,1,0,47.040708,28252,28252,28252,proposed,0,0,0,0,0,0,0,527414518572961734,70.122375,8.283042,UNCHECKED
480p,91,val_091.png,853,480,409440,min_tree,8,ref6,1,1,40.299959,28252,28252,28252,proposed,0,0,0,0,0,0,0,527414518572961734,70.122375,8.283042,UNCHECKED
480p,91,val_091.png,853,480,409440,min_tree,8,ref6,2,0,39.623292,28252,28252,28252,proposed,0,0,0,0,0,0,0,527414518572961734,70.122375,8.283042,UNCHECKED
480p,91,val_091.png,853,480,409440,min_tree,8,proposed,2,1,46.760084,28252,28252,28252,proposed,0,0,0,0,0,0,0,527414518572961734,70.122375,8.283042,UNCHECKED
480p,91,val_091.png,853,480,409440,tree_of_shapes,4/8,proposed,0,0,47.765000,76849,76849,76849,proposed,0,0,0,0,0,0,0,16783945910719113292,356.692542,4.060750,UNCHECKED
480p,91,val_091.png,853,480,409440,tree_of_shapes,4/8,ref5_original,0,1,593.430625,76849,76849,76849,proposed,7516,878,7397,7425,0,0,180,10881723206764425988,356.692542,4.060750,UNCHECKED
480p,91,val_091.png,853,480,409440,tree_of_shapes,4/8,ref5_original,1,0,592.420041,76849,76849,76849,proposed,7516,878,7397,7425,0,0,180,10881723206764425988,356.692542,4.060750,UNCHECKED
480p,91,val_091.png,853,480,409440,tree_of_shapes,4/8,proposed,1,1,50.013416,76849,76849,76849,proposed,0,0,0,0,0,0,0,16783945910719113292,356.692542,4.060750,UNCHECKED
480p,91,val_091.png,853,480,409440,tree_of_shapes,4/8,proposed,2,0,47.709000,76849,76849,76849,proposed,0,0,0,0,0,0,0,16783945910719113292,356.692542,4.060750,UNCHECKED
480p,91,val_091.png,853,480,409440,tree_of_shapes,4/8,ref5_original,2,1,608.568792,76849,76849,76849,proposed,7516,878,7397,7425,0,0,180,10881723206764425988,356.692542,4.060750,UNCHECKED
480p,92,val_092.png,853,480,409440,max_tree,8,ref6,0,0,43.256834,37200,37200,37200,proposed,0,0,0,0,0,0,0,6262786543106774325,72.462333,5.300417,UNCHECKED
480p,92,val_092.png,853,480,409440,max_tree,8,proposed,0,1,42.983416,37200,37200,37200,proposed,0,0,0,0,0,0,0,6262786543106774325,72.462333,5.300417,UNCHECKED
480p,92,val_092.png,853,480,409440,max_tree,8,proposed,1,0,43.356292,37200,37200,37200,proposed,0,0,0,0,0,0,0,6262786543106774325,72.462333,5.300417,UNCHECKED
480p,92,val_092.png,853,480,409440,max_tree,8,ref6,1,1,43.083625,37200,37200,37200,proposed,0,0,0,0,0,0,0,6262786543106774325,72.462333,5.300417,UNCHECKED
480p,92,val_092.png,853,480,409440,max_tree,8,ref6,2,0,42.359833,37200,37200,37200,proposed,0,0,0,0,0,0,0,6262786543106774325,72.462333,5.300417,UNCHECKED
480p,92,val_092.png,853,480,409440,max_tree,8,proposed,2,1,44.090417,37200,37200,37200,proposed,0,0,0,0,0,0,0,6262786543106774325,72.462333,5.300417,UNCHECKED
480p,92,val_092.png,853,480,409440,min_tree,8,proposed,0,0,42.852917,40151,40151,40151,proposed,0,0,0,0,0,0,0,7149663452685973416,71.049084,6.651750,UNCHECKED
480p,92,val_092.png,853,480,409440,min_tree,8,ref6,0,1,39.599084,40151,40151,40151,proposed,0,0,0,0,0,0,0,7149663452685973416,71.049084,6.651750,UNCHECKED
480p,92,val_092.png,853,480,409440,min_tree,8,ref6,1,0,40.449625,40151,40151,40151,proposed,0,0,0,0,0,0,0,7149663452685973416,71.049084,6.651750,UNCHECKED
480p,92,val_092.png,853,480,409440,min_tree,8,proposed,1,1,43.259208,40151,40151,40151,proposed,0,0,0,0,0,0,0,7149663452685973416,71.049084,6.651750,UNCHECKED
480p,92,val_092.png,853,480,409440,min_tree,8,proposed,2,0,43.214000,40151,40151,40151,proposed,0,0,0,0,0,0,0,7149663452685973416,71.049084,6.651750,UNCHECKED
480p,92,val_092.png,853,480,409440,min_tree,8,ref6,2,1,40.221709,40151,40151,40151,proposed,0,0,0,0,0,0,0,7149663452685973416,71.049084,6.651750,UNCHECKED
480p,92,val_092.png,853,480,409440,tree_of_shapes,4/8,ref5_original,0,0,604.992583,81941,81941,81941,proposed,12009,1450,11751,11771,0,0,72,6285146688248079018,349.273166,4.582375,UNCHECKED
480p,92,val_092.png,853,480,409440,tree_of_shapes,4/8,proposed,0,1,47.812250,81941,81941,81941,proposed,0,0,0,0,0,0,0,5763656743183826745,349.273166,4.582375,UNCHECKED
480p,92,val_092.png,853,480,409440,tree_of_shapes,4/8,proposed,1,0,45.815208,81941,81941,81941,proposed,0,0,0,0,0,0,0,5763656743183826745,349.273166,4.582375,UNCHECKED
480p,92,val_092.png,853,480,409440,tree_of_shapes,4/8,ref5_original,1,1,601.237416,81941,81941,81941,proposed,12009,1450,11751,11771,0,0,72,6285146688248079018,349.273166,4.582375,UNCHECKED
480p,92,val_092.png,853,480,409440,tree_of_shapes,4/8,ref5_original,2,0,639.386375,81941,81941,81941,proposed,12009,1450,11751,11771,0,0,72,6285146688248079018,349.273166,4.582375,UNCHECKED
480p,92,val_092.png,853,480,409440,tree_of_shapes,4/8,proposed,2,1,51.197083,81941,81941,81941,proposed,0,0,0,0,0,0,0,5763656743183826745,349.273166,4.582375,UNCHECKED
480p,93,val_093.png,853,480,409440,max_tree,8,proposed,0,0,48.979000,50904,50904,50904,proposed,0,0,0,0,0,0,0,12383521287256429845,84.245833,5.664750,UNCHECKED
480p,93,val_093.png,853,480,409440,max_tree,8,ref6,0,1,43.907125,50904,50904,50904,proposed,0,0,0,0,0,0,0,12383521287256429845,84.245833,5.664750,UNCHECKED
480p,93,val_093.png,853,480,409440,max_tree,8,ref6,1,0,43.429208,50904,50904,50904,proposed,0,0,0,0,0,0,0,12383521287256429845,84.245833,5.664750,UNCHECKED
480p,93,val_093.png,853,480,409440,max_tree,8,proposed,1,1,48.492541,50904,50904,50904,proposed,0,0,0,0,0,0,0,12383521287256429845,84.245833,5.664750,UNCHECKED
480p,93,val_093.png,853,480,409440,max_tree,8,proposed,2,0,49.106541,50904,50904,50904,proposed,0,0,0,0,0,0,0,12383521287256429845,84.245833,5.664750,UNCHECKED
480p,93,val_093.png,853,480,409440,max_tree,8,ref6,2,1,43.389958,50904,50904,50904,proposed,0,0,0,0,0,0,0,12383521287256429845,84.245833,5.664750,UNCHECKED
480p,93,val_093.png,853,480,409440,min_tree,8,ref6,0,0,40.046875,35383,35383,35383,proposed,0,0,0,0,0,0,0,3671178027323631543,75.015667,7.253000,UNCHECKED
480p,93,val_093.png,853,480,409440,min_tree,8,proposed,0,1,45.226834,35383,35383,35383,proposed,0,0,0,0,0,0,0,3671178027323631543,75.015667,7.253000,UNCHECKED
480p,93,val_093.png,853,480,409440,min_tree,8,proposed,1,0,45.338208,35383,35383,35383,proposed,0,0,0,0,0,0,0,3671178027323631543,75.015667,7.253000,UNCHECKED
480p,93,val_093.png,853,480,409440,min_tree,8,ref6,1,1,40.360458,35383,35383,35383,proposed,0,0,0,0,0,0,0,3671178027323631543,75.015667,7.253000,UNCHECKED
480p,93,val_093.png,853,480,409440,min_tree,8,ref6,2,0,39.851583,35383,35383,35383,proposed,0,0,0,0,0,0,0,3671178027323631543,75.015667,7.253000,UNCHECKED
480p,93,val_093.png,853,480,409440,min_tree,8,proposed,2,1,45.613916,35383,35383,35383,proposed,0,0,0,0,0,0,0,3671178027323631543,75.015667,7.253000,UNCHECKED
480p,93,val_093.png,853,480,409440,tree_of_shapes,4/8,proposed,0,0,50.359584,92590,92590,92590,proposed,0,0,0,0,0,0,0,10980140713629370337,360.979042,4.480000,UNCHECKED
480p,93,val_093.png,853,480,409440,tree_of_shapes,4/8,ref5_original,0,1,619.808041,92590,92590,92590,proposed,9291,879,9158,9186,0,0,159,1193768259002038344,360.979042,4.480000,UNCHECKED
480p,93,val_093.png,853,480,409440,tree_of_shapes,4/8,ref5_original,1,0,613.970000,92590,92590,92590,proposed,9291,879,9158,9186,0,0,159,1193768259002038344,360.979042,4.480000,UNCHECKED
480p,93,val_093.png,853,480,409440,tree_of_shapes,4/8,proposed,1,1,52.248125,92590,92590,92590,proposed,0,0,0,0,0,0,0,10980140713629370337,360.979042,4.480000,UNCHECKED
480p,93,val_093.png,853,480,409440,tree_of_shapes,4/8,proposed,2,0,50.377209,92590,92590,92590,proposed,0,0,0,0,0,0,0,10980140713629370337,360.979042,4.480000,UNCHECKED
480p,93,val_093.png,853,480,409440,tree_of_shapes,4/8,ref5_original,2,1,615.326333,92590,92590,92590,proposed,9291,879,9158,9186,0,0,159,1193768259002038344,360.979042,4.480000,UNCHECKED
480p,94,val_094.png,853,480,409440,max_tree,8,ref6,0,0,43.070791,37811,37811,37811,proposed,0,0,0,0,0,0,0,1244573492283889239,73.955917,6.686708,UNCHECKED
480p,94,val_094.png,853,480,409440,max_tree,8,proposed,0,1,44.543833,37811,37811,37811,proposed,0,0,0,0,0,0,0,1244573492283889239,73.955917,6.686708,UNCHECKED
480p,94,val_094.png,853,480,409440,max_tree,8,proposed,1,0,44.672625,37811,37811,37811,proposed,0,0,0,0,0,0,0,1244573492283889239,73.955917,6.686708,UNCHECKED
480p,94,val_094.png,853,480,409440,max_tree,8,ref6,1,1,42.779416,37811,37811,37811,proposed,0,0,0,0,0,0,0,1244573492283889239,73.955917,6.686708,UNCHECKED
480p,94,val_094.png,853,480,409440,max_tree,8,ref6,2,0,42.019417,37811,37811,37811,proposed,0,0,0,0,0,0,0,1244573492283889239,73.955917,6.686708,UNCHECKED
480p,94,val_094.png,853,480,409440,max_tree,8,proposed,2,1,44.675709,37811,37811,37811,proposed,0,0,0,0,0,0,0,1244573492283889239,73.955917,6.686708,UNCHECKED
480p,94,val_094.png,853,480,409440,min_tree,8,proposed,0,0,44.252250,28840,28840,28840,proposed,0,0,0,0,0,0,0,9100270012375100830,71.937792,7.009041,UNCHECKED
480p,94,val_094.png,853,480,409440,min_tree,8,ref6,0,1,41.965042,28840,28840,28840,proposed,0,0,0,0,0,0,0,9100270012375100830,71.937792,7.009041,UNCHECKED
480p,94,val_094.png,853,480,409440,min_tree,8,ref6,1,0,41.644792,28840,28840,28840,proposed,0,0,0,0,0,0,0,9100270012375100830,71.937792,7.009041,UNCHECKED
480p,94,val_094.png,853,480,409440,min_tree,8,proposed,1,1,43.327416,28840,28840,28840,proposed,0,0,0,0,0,0,0,9100270012375100830,71.937792,7.009041,UNCHECKED
480p,94,val_094.png,853,480,409440,min_tree,8,proposed,2,0,43.335541,28840,28840,28840,proposed,0,0,0,0,0,0,0,9100270012375100830,71.937792,7.009041,UNCHECKED
480p,94,val_094.png,853,480,409440,min_tree,8,ref6,2,1,42.216500,28840,28840,28840,proposed,0,0,0,0,0,0,0,9100270012375100830,71.937792,7.009041,UNCHECKED
480p,94,val_094.png,853,480,409440,tree_of_shapes,4/8,ref5_original,0,0,593.788750,72196,72196,72196,proposed,7182,932,7057,7052,0,0,140,9310539716391716098,358.842500,5.042292,UNCHECKED
480p,94,val_094.png,853,480,409440,tree_of_shapes,4/8,proposed,0,1,49.064166,72196,72196,72196,proposed,0,0,0,0,0,0,0,14423569022344348556,358.842500,5.042292,UNCHECKED
480p,94,val_094.png,853,480,409440,tree_of_shapes,4/8,proposed,1,0,47.133666,72196,72196,72196,proposed,0,0,0,0,0,0,0,14423569022344348556,358.842500,5.042292,UNCHECKED
480p,94,val_094.png,853,480,409440,tree_of_shapes,4/8,ref5_original,1,1,596.924958,72196,72196,72196,proposed,7182,932,7057,7052,0,0,140,9310539716391716098,358.842500,5.042292,UNCHECKED
480p,94,val_094.png,853,480,409440,tree_of_shapes,4/8,ref5_original,2,0,607.445500,72196,72196,72196,proposed,7182,932,7057,7052,0,0,140,9310539716391716098,358.842500,5.042292,UNCHECKED
480p,94,val_094.png,853,480,409440,tree_of_shapes,4/8,proposed,2,1,47.733042,72196,72196,72196,proposed,0,0,0,0,0,0,0,14423569022344348556,358.842500,5.042292,UNCHECKED
480p,95,val_095.png,853,480,409440,max_tree,8,proposed,0,0,40.634333,30169,30169,30169,proposed,0,0,0,0,0,0,0,2861751565473255074,66.822625,10.056209,UNCHECKED
480p,95,val_095.png,853,480,409440,max_tree,8,ref6,0,1,37.728792,30169,30169,30169,proposed,0,0,0,0,0,0,0,2861751565473255074,66.822625,10.056209,UNCHECKED
480p,95,val_095.png,853,480,409440,max_tree,8,ref6,1,0,37.241875,30169,30169,30169,proposed,0,0,0,0,0,0,0,2861751565473255074,66.822625,10.056209,UNCHECKED
480p,95,val_095.png,853,480,409440,max_tree,8,proposed,1,1,41.405750,30169,30169,30169,proposed,0,0,0,0,0,0,0,2861751565473255074,66.822625,10.056209,UNCHECKED
480p,95,val_095.png,853,480,409440,max_tree,8,proposed,2,0,40.417291,30169,30169,30169,proposed,0,0,0,0,0,0,0,2861751565473255074,66.822625,10.056209,UNCHECKED
480p,95,val_095.png,853,480,409440,max_tree,8,ref6,2,1,42.641000,30169,30169,30169,proposed,0,0,0,0,0,0,0,2861751565473255074,66.822625,10.056209,UNCHECKED
480p,95,val_095.png,853,480,409440,min_tree,8,ref6,0,0,36.891333,20214,20214,20214,proposed,0,0,0,0,0,0,0,4506833655399904306,69.025542,8.347166,UNCHECKED
480p,95,val_095.png,853,480,409440,min_tree,8,proposed,0,1,40.362916,20214,20214,20214,proposed,0,0,0,0,0,0,0,4506833655399904306,69.025542,8.347166,UNCHECKED
480p,95,val_095.png,853,480,409440,min_tree,8,proposed,1,0,40.904417,20214,20214,20214,proposed,0,0,0,0,0,0,0,4506833655399904306,69.025542,8.347166,UNCHECKED
480p,95,val_095.png,853,480,409440,min_tree,8,ref6,1,1,36.146667,20214,20214,20214,proposed,0,0,0,0,0,0,0,4506833655399904306,69.025542,8.347166,UNCHECKED
480p,95,val_095.png,853,480,409440,min_tree,8,ref6,2,0,36.933667,20214,20214,20214,proposed,0,0,0,0,0,0,0,4506833655399904306,69.025542,8.347166,UNCHECKED
480p,95,val_095.png,853,480,409440,min_tree,8,proposed,2,1,40.602292,20214,20214,20214,proposed,0,0,0,0,0,0,0,4506833655399904306,69.025542,8.347166,UNCHECKED
480p,95,val_095.png,853,480,409440,tree_of_shapes,4/8,proposed,0,0,40.752834,57448,57448,57448,proposed,0,0,0,0,0,0,0,5992861788869472080,330.091500,6.601667,UNCHECKED
480p,95,val_095.png,853,480,409440,tree_of_shapes,4/8,ref5_original,0,1,578.040083,57448,57448,57448,proposed,4533,523,4445,4456,0,0,183,4303375844800743353,330.091500,6.601667,UNCHECKED
480p,95,val_095.png,853,480,409440,tree_of_shapes,4/8,ref5_original,1,0,578.691334,57448,57448,57448,proposed,4533,523,4445,4456,0,0,183,4303375844800743353,330.091500,6.601667,UNCHECKED
480p,95,val_095.png,853,480,409440,tree_of_shapes,4/8,proposed,1,1,42.226708,57448,57448,57448,proposed,0,0,0,0,0,0,0,5992861788869472080,330.091500,6.601667,UNCHECKED
480p,95,val_095.png,853,480,409440,tree_of_shapes,4/8,proposed,2,0,42.055083,57448,57448,57448,proposed,0,0,0,0,0,0,0,5992861788869472080,330.091500,6.601667,UNCHECKED
480p,95,val_095.png,853,480,409440,tree_of_shapes,4/8,ref5_original,2,1,588.232083,57448,57448,57448,proposed,4533,523,4445,4456,0,0,183,4303375844800743353,330.091500,6.601667,UNCHECKED
480p,96,val_096.png,853,480,409440,max_tree,8,ref6,0,0,41.749125,35460,35460,35460,proposed,0,0,0,0,0,0,0,6242587707521491485,71.201209,5.278041,UNCHECKED
480p,96,val_096.png,853,480,409440,max_tree,8,proposed,0,1,42.789584,35460,35460,35460,proposed,0,0,0,0,0,0,0,6242587707521491485,71.201209,5.278041,UNCHECKED
480p,96,val_096.png,853,480,409440,max_tree,8,proposed,1,0,43.173875,35460,35460,35460,proposed,0,0,0,0,0,0,0,6242587707521491485,71.201209,5.278041,UNCHECKED
480p,96,val_096.png,853,480,409440,max_tree,8,ref6,1,1,41.702000,35460,35460,35460,proposed,0,0,0,0,0,0,0,6242587707521491485,71.201209,5.278041,UNCHECKED
480p,96,val_096.png,853,480,409440,max_tree,8,ref6,2,0,41.991792,35460,35460,35460,proposed,0,0,0,0,0,0,0,6242587707521491485,71.201209,5.278041,UNCHECKED
480p,96,val_096.png,853,480,409440,max_tree,8,proposed,2,1,43.131834,35460,35460,35460,proposed,0,0,0,0,0,0,0,6242587707521491485,71.201209,5.278041,UNCHECKED
480p,96,val_096.png,853,480,409440,min_tree,8,proposed,0,0,42.442292,31816,31816,31816,proposed,0,0,0,0,0,0,0,838052049878141160,71.354000,6.039334,UNCHECKED
480p,96,val_096.png,853,480,409440,min_tree,8,ref6,0,1,40.789166,31816,31816,31816,proposed,0,0,0,0,0,0,0,838052049878141160,71.354000,6.039334,UNCHECKED
480p,96,val_096.png,853,480,409440,min_tree,8,ref6,1,0,40.831583,31816,31816,31816,proposed,0,0,0,0,0,0,0,838052049878141160,71.354000,6.039334,UNCHECKED
480p,96,val_096.png,853,480,409440,min_tree,8,proposed,1,1,42.587625,31816,31816,31816,proposed,0,0,0,0,0,0,0,838052049878141160,71.354000,6.039334,UNCHECKED
480p,96,val_096.png,853,480,409440,min_tree,8,proposed,2,0,42.622125,31816,31816,31816,proposed,0,0,0,0,0,0,0,838052049878141160,71.354000,6.039334,UNCHECKED
480p,96,val_096.png,853,480,409440,min_tree,8,ref6,2,1,41.509000,31816,31816,31816,proposed,0,0,0,0,0,0,0,838052049878141160,71.354000,6.039334,UNCHECKED
480p,96,val_096.png,853,480,409440,tree_of_shapes,4/8,ref5_original,0,0,591.159417,72408,72408,72408,proposed,10119,1097,9968,9976,0,0,188,14067463269893402510,352.491583,3.915042,UNCHECKED
480p,96,val_096.png,853,480,409440,tree_of_shapes,4/8,proposed,0,1,46.845583,72408,72408,72408,proposed,0,0,0,0,0,0,0,4107369423262771534,352.491583,3.915042,UNCHECKED
480p,96,val_096.png,853,480,409440,tree_of_shapes,4/8,proposed,1,0,45.104833,72408,72408,72408,proposed,0,0,0,0,0,0,0,4107369423262771534,352.491583,3.915042,UNCHECKED
480p,96,val_096.png,853,480,409440,tree_of_shapes,4/8,ref5_original,1,1,596.371541,72408,72408,72408,proposed,10119,1097,9968,9976,0,0,188,14067463269893402510,352.491583,3.915042,UNCHECKED
480p,96,val_096.png,853,480,409440,tree_of_shapes,4/8,ref5_original,2,0,594.326791,72408,72408,72408,proposed,10119,1097,9968,9976,0,0,188,14067463269893402510,352.491583,3.915042,UNCHECKED
480p,96,val_096.png,853,480,409440,tree_of_shapes,4/8,proposed,2,1,46.971666,72408,72408,72408,proposed,0,0,0,0,0,0,0,4107369423262771534,352.491583,3.915042,UNCHECKED
480p,97,val_097.png,853,480,409440,max_tree,8,proposed,0,0,40.459334,39461,39461,39461,proposed,0,0,0,0,0,0,0,3140773878830234447,69.687292,6.891333,UNCHECKED
480p,97,val_097.png,853,480,409440,max_tree,8,ref6,0,1,41.541208,39461,39461,39461,proposed,0,0,0,0,0,0,0,3140773878830234447,69.687292,6.891333,UNCHECKED
480p,97,val_097.png,853,480,409440,max_tree,8,ref6,1,0,40.788000,39461,39461,39461,proposed,0,0,0,0,0,0,0,3140773878830234447,69.687292,6.891333,UNCHECKED
480p,97,val_097.png,853,480,409440,max_tree,8,proposed,1,1,40.438542,39461,39461,39461,proposed,0,0,0,0,0,0,0,3140773878830234447,69.687292,6.891333,UNCHECKED
480p,97,val_097.png,853,480,409440,max_tree,8,proposed,2,0,40.293166,39461,39461,39461,proposed,0,0,0,0,0,0,0,3140773878830234447,69.687292,6.891333,UNCHECKED
480p,97,val_097.png,853,480,409440,max_tree,8,ref6,2,1,41.045708,39461,39461,39461,proposed,0,0,0,0,0,0,0,3140773878830234447,69.687292,6.891333,UNCHECKED
480p,97,val_097.png,853,480,409440,min_tree,8,ref6,0,0,40.294792,28399,28399,28399,proposed,0,0,0,0,0,0,0,8979826630321314273,70.750375,7.637708,UNCHECKED
480p,97,val_097.png,853,480,409440,min_tree,8,proposed,0,1,39.948917,28399,28399,28399,proposed,0,0,0,0,0,0,0,8979826630321314273,70.750375,7.637708,UNCHECKED
480p,97,val_097.png,853,480,409440,min_tree,8,proposed,1,0,40.628750,28399,28399,28399,proposed,0,0,0,0,0,0,0,8979826630321314273,70.750375,7.637708,UNCHECKED
480p,97,val_097.png,853,480,409440,min_tree,8,ref6,1,1,42.638500,28399,28399,28399,proposed,0,0,0,0,0,0,0,8979826630321314273,70.750375,7.637708,UNCHECKED
480p,97,val_097.png,853,480,409440,min_tree,8,ref6,2,0,42.021500,28399,28399,28399,proposed,0,0,0,0,0,0,0,8979826630321314273,70.750375,7.637708,UNCHECKED
480p,97,val_097.png,853,480,409440,min_tree,8,proposed,2,1,41.561667,28399,28399,28399,proposed,0,0,0,0,0,0,0,8979826630321314273,70.750375,7.637708,UNCHECKED
480p,97,val_097.png,853,480,409440,tree_of_shapes,4/8,proposed,0,0,43.302959,74582,74582,74582,proposed,0,0,0,0,0,0,0,3911642923001748063,338.819625,6.892667,UNCHECKED
480p,97,val_097.png,853,480,409440,tree_of_shapes,4/8,ref5_original,0,1,581.749041,74582,74582,74582,proposed,7846,1028,7711,7721,0,0,251,3164361239308658313,338.819625,6.892667,UNCHECKED
480p,97,val_097.png,853,480,409440,tree_of_shapes,4/8,ref5_original,1,0,595.629000,74582,74582,74582,proposed,7846,1028,7711,7721,0,0,251,3164361239308658313,338.819625,6.892667,UNCHECKED
480p,97,val_097.png,853,480,409440,tree_of_shapes,4/8,proposed,1,1,45.111583,74582,74582,74582,proposed,0,0,0,0,0,0,0,3911642923001748063,338.819625,6.892667,UNCHECKED
480p,97,val_097.png,853,480,409440,tree_of_shapes,4/8,proposed,2,0,43.250167,74582,74582,74582,proposed,0,0,0,0,0,0,0,3911642923001748063,338.819625,6.892667,UNCHECKED
480p,97,val_097.png,853,480,409440,tree_of_shapes,4/8,ref5_original,2,1,591.675791,74582,74582,74582,proposed,7846,1028,7711,7721,0,0,251,3164361239308658313,338.819625,6.892667,UNCHECKED
480p,98,val_098.png,853,480,409440,max_tree,8,ref6,0,0,43.890834,43021,43021,43021,proposed,0,0,0,0,0,0,0,1978691937852077061,73.885625,4.997834,UNCHECKED
480p,98,val_098.png,853,480,409440,max_tree,8,proposed,0,1,46.672708,43021,43021,43021,proposed,0,0,0,0,0,0,0,1978691937852077061,73.885625,4.997834,UNCHECKED
480p,98,val_098.png,853,480,409440,max_tree,8,proposed,1,0,47.146916,43021,43021,43021,proposed,0,0,0,0,0,0,0,1978691937852077061,73.885625,4.997834,UNCHECKED
480p,98,val_098.png,853,480,409440,max_tree,8,ref6,1,1,44.812500,43021,43021,43021,proposed,0,0,0,0,0,0,0,1978691937852077061,73.885625,4.997834,UNCHECKED
480p,98,val_098.png,853,480,409440,max_tree,8,ref6,2,0,43.441916,43021,43021,43021,proposed,0,0,0,0,0,0,0,1978691937852077061,73.885625,4.997834,UNCHECKED
480p,98,val_098.png,853,480,409440,max_tree,8,proposed,2,1,47.190750,43021,43021,43021,proposed,0,0,0,0,0,0,0,1978691937852077061,73.885625,4.997834,UNCHECKED
480p,98,val_098.png,853,480,409440,min_tree,8,proposed,0,0,42.653250,36433,36433,36433,proposed,0,0,0,0,0,0,0,12860773955817603980,73.240917,5.664625,UNCHECKED
480p,98,val_098.png,853,480,409440,min_tree,8,ref6,0,1,42.565125,36433,36433,36433,proposed,0,0,0,0,0,0,0,12860773955817603980,73.240917,5.664625,UNCHECKED
480p,98,val_098.png,853,480,409440,min_tree,8,ref6,1,0,42.280250,36433,36433,36433,proposed,0,0,0,0,0,0,0,12860773955817603980,73.240917,5.664625,UNCHECKED
480p,98,val_098.png,853,480,409440,min_tree,8,proposed,1,1,42.684000,36433,36433,36433,proposed,0,0,0,0,0,0,0,12860773955817603980,73.240917,5.664625,UNCHECKED
480p,98,val_098.png,853,480,409440,min_tree,8,proposed,2,0,42.519084,36433,36433,36433,proposed,0,0,0,0,0,0,0,12860773955817603980,73.240917,5.664625,UNCHECKED
480p,98,val_098.png,853,480,409440,min_tree,8,ref6,2,1,41.893625,36433,36433,36433,proposed,0,0,0,0,0,0,0,12860773955817603980,73.240917,5.664625,UNCHECKED
480p,98,val_098.png,853,480,409440,tree_of_shapes,4/8,ref5_original,0,0,608.295458,87506,87506,87506,proposed,10198,1279,10025,10023,0,0,156,1396044024618576762,362.003459,4.263333,UNCHECKED
480p,98,val_098.png,853,480,409440,tree_of_shapes,4/8,proposed,0,1,49.182417,87506,87506,87506,proposed,0,0,0,0,0,0,0,5112563719687405677,362.003459,4.263333,UNCHECKED
480p,98,val_098.png,853,480,409440,tree_of_shapes,4/8,proposed,1,0,46.941875,87506,87506,87506,proposed,0,0,0,0,0,0,0,5112563719687405677,362.003459,4.263333,UNCHECKED
480p,98,val_098.png,853,480,409440,tree_of_shapes,4/8,ref5_original,1,1,613.710000,87506,87506,87506,proposed,10198,1279,10025,10023,0,0,156,1396044024618576762,362.003459,4.263333,UNCHECKED
480p,98,val_098.png,853,480,409440,tree_of_shapes,4/8,ref5_original,2,0,600.804250,87506,87506,87506,proposed,10198,1279,10025,10023,0,0,156,1396044024618576762,362.003459,4.263333,UNCHECKED
480p,98,val_098.png,853,480,409440,tree_of_shapes,4/8,proposed,2,1,49.208083,87506,87506,87506,proposed,0,0,0,0,0,0,0,5112563719687405677,362.003459,4.263333,UNCHECKED
480p,99,val_099.png,853,480,409440,max_tree,8,proposed,0,0,44.331583,45567,45567,45567,proposed,0,0,0,0,0,0,0,561633998800458100,78.989334,3.888208,UNCHECKED
480p,99,val_099.png,853,480,409440,max_tree,8,ref6,0,1,43.391791,45567,45567,45567,proposed,0,0,0,0,0,0,0,561633998800458100,78.989334,3.888208,UNCHECKED
480p,99,val_099.png,853,480,409440,max_tree,8,ref6,1,0,42.478625,45567,45567,45567,proposed,0,0,0,0,0,0,0,561633998800458100,78.989334,3.888208,UNCHECKED
480p,99,val_099.png,853,480,409440,max_tree,8,proposed,1,1,43.638917,45567,45567,45567,proposed,0,0,0,0,0,0,0,561633998800458100,78.989334,3.888208,UNCHECKED
480p,99,val_099.png,853,480,409440,max_tree,8,proposed,2,0,42.831250,45567,45567,45567,proposed,0,0,0,0,0,0,0,561633998800458100,78.989334,3.888208,UNCHECKED
480p,99,val_099.png,853,480,409440,max_tree,8,ref6,2,1,40.933500,45567,45567,45567,proposed,0,0,0,0,0,0,0,561633998800458100,78.989334,3.888208,UNCHECKED
480p,99,val_099.png,853,480,409440,min_tree,8,ref6,0,0,40.919917,42738,42738,42738,proposed,0,0,0,0,0,0,0,11198557195324592763,74.719541,4.446417,UNCHECKED
480p,99,val_099.png,853,480,409440,min_tree,8,proposed,0,1,43.016958,42738,42738,42738,proposed,0,0,0,0,0,0,0,11198557195324592763,74.719541,4.446417,UNCHECKED
480p,99,val_099.png,853,480,409440,min_tree,8,proposed,1,0,43.841917,42738,42738,42738,proposed,0,0,0,0,0,0,0,11198557195324592763,74.719541,4.446417,UNCHECKED
480p,99,val_099.png,853,480,409440,min_tree,8,ref6,1,1,42.264666,42738,42738,42738,proposed,0,0,0,0,0,0,0,11198557195324592763,74.719541,4.446417,UNCHECKED
480p,99,val_099.png,853,480,409440,min_tree,8,ref6,2,0,41.336333,42738,42738,42738,proposed,0,0,0,0,0,0,0,11198557195324592763,74.719541,4.446417,UNCHECKED
480p,99,val_099.png,853,480,409440,min_tree,8,proposed,2,1,44.087250,42738,42738,42738,proposed,0,0,0,0,0,0,0,11198557195324592763,74.719541,4.446417,UNCHECKED
480p,99,val_099.png,853,480,409440,tree_of_shapes,4/8,proposed,0,0,49.500833,93954,93954,93954,proposed,0,0,0,0,0,0,0,13396123741389148760,368.432000,4.249750,UNCHECKED
480p,99,val_099.png,853,480,409440,tree_of_shapes,4/8,ref5_original,0,1,623.804834,93954,93954,93954,proposed,12327,1065,12145,12165,0,0,101,9822471298974798463,368.432000,4.249750,UNCHECKED
480p,99,val_099.png,853,480,409440,tree_of_shapes,4/8,ref5_original,1,0,612.125084,93954,93954,93954,proposed,12327,1065,12145,12165,0,0,101,9822471298974798463,368.432000,4.249750,UNCHECKED
480p,99,val_099.png,853,480,409440,tree_of_shapes,4/8,proposed,1,1,51.195416,93954,93954,93954,proposed,0,0,0,0,0,0,0,13396123741389148760,368.432000,4.249750,UNCHECKED
480p,99,val_099.png,853,480,409440,tree_of_shapes,4/8,proposed,2,0,50.647875,93954,93954,93954,proposed,0,0,0,0,0,0,0,13396123741389148760,368.432000,4.249750,UNCHECKED
480p,99,val_099.png,853,480,409440,tree_of_shapes,4/8,ref5_original,2,1,614.124333,93954,93954,93954,proposed,12327,1065,12145,12165,0,0,101,9822471298974798463,368.432000,4.249750,UNCHECKED
